region,province,commune,village
Boucle du Mouhoun,Balé,Bagassi,Assio
Boucle du Mouhoun,Balé,Bagassi,Badié
Boucle du Mouhoun,Balé,Bagassi,Bagassi
Boucle du Mouhoun,Balé,Bagassi,Bandio
Boucle du Mouhoun,Balé,Bagassi,Banou
Boucle du Mouhoun,Balé,Bagassi,Bassouan
Boucle du Mouhoun,Balé,Bagassi,Bounou
Boucle du Mouhoun,Balé,Bagassi,Doussi
Boucle du Mouhoun,Balé,Bagassi,Haho
Boucle du Mouhoun,Balé,Bagassi,Kahin
Boucle du Mouhoun,Balé,Bagassi,Kaho
Boucle du Mouhoun,Balé,Bagassi,Kana
Boucle du Mouhoun,Balé,Bagassi,Kayio
Boucle du Mouhoun,Balé,Bagassi,Koussaro
Boucle du Mouhoun,Balé,Bagassi,Mana
Boucle du Mouhoun,Balé,Bagassi,Manzoulé
Boucle du Mouhoun,Balé,Bagassi,Moko
Boucle du Mouhoun,Balé,Bagassi,Niaga
Boucle du Mouhoun,Balé,Bagassi,Niakongo
Boucle du Mouhoun,Balé,Bagassi,Ouanga
Boucle du Mouhoun,Balé,Bagassi,Pahin
Boucle du Mouhoun,Balé,Bagassi,Sayaro
Boucle du Mouhoun,Balé,Bagassi,Sipohin
Boucle du Mouhoun,Balé,Bagassi,Sokoura
Boucle du Mouhoun,Balé,Bagassi,Virwe
Boucle du Mouhoun,Balé,Bagassi,Vy
Boucle du Mouhoun,Balé,Bagassi,Yaro
Boucle du Mouhoun,Balé,Bana,Bana
Boucle du Mouhoun,Balé,Bana,Base Vie Mine de Mana (Semafo)
Boucle du Mouhoun,Balé,Bana,Bassana
Boucle du Mouhoun,Balé,Bana,Bissa
Boucle du Mouhoun,Balé,Bana,Danou
Boucle du Mouhoun,Balé,Bana,Fofina
Boucle du Mouhoun,Balé,Bana,Ouona
Boucle du Mouhoun,Balé,Bana,Sienkoro
Boucle du Mouhoun,Balé,Bana,Solonso
Boucle du Mouhoun,Balé,Bana,Somona
Boucle du Mouhoun,Balé,Bana,Yona
Boucle du Mouhoun,Balé,Boromo,Boromo
Boucle du Mouhoun,Balé,Boromo,Kangrin
Boucle du Mouhoun,Balé,Boromo,Koho
Boucle du Mouhoun,Balé,Boromo,Lapara
Boucle du Mouhoun,Balé,Boromo,Nanou
Boucle du Mouhoun,Balé,Boromo,Ouahabou
Boucle du Mouhoun,Balé,Boromo,Ouako
Boucle du Mouhoun,Balé,Boromo,Ouroubono
Boucle du Mouhoun,Balé,Boromo,Petit Balé
Boucle du Mouhoun,Balé,Boromo,Siguinoguin
Boucle du Mouhoun,Balé,Boromo,Virou
Boucle du Mouhoun,Balé,Fara,Barsana
Boucle du Mouhoun,Balé,Fara,Bilatio
Boucle du Mouhoun,Balé,Fara,Bouzourou
Boucle du Mouhoun,Balé,Fara,Daho
Boucle du Mouhoun,Balé,Fara,Dakayes
Boucle du Mouhoun,Balé,Fara,Diansi
Boucle du Mouhoun,Balé,Fara,Fara
Boucle du Mouhoun,Balé,Fara,Fitien
Boucle du Mouhoun,Balé,Fara,Kabourou
Boucle du Mouhoun,Balé,Fara,Kapa
Boucle du Mouhoun,Balé,Fara,Karaba
Boucle du Mouhoun,Balé,Fara,Konzena
Boucle du Mouhoun,Balé,Fara,Koumbia
Boucle du Mouhoun,Balé,Fara,Koundi
Boucle du Mouhoun,Balé,Fara,Laro
Boucle du Mouhoun,Balé,Fara,Nabou-nouni
Boucle du Mouhoun,Balé,Fara,Nabou-peulh
Boucle du Mouhoun,Balé,Fara,Nanano
Boucle du Mouhoun,Balé,Fara,Naouya
Boucle du Mouhoun,Balé,Fara,Nasma
Boucle du Mouhoun,Balé,Fara,Nasséné
Boucle du Mouhoun,Balé,Fara,Pia
Boucle du Mouhoun,Balé,Fara,Pomain
Boucle du Mouhoun,Balé,Fara,Sadon-bobo
Boucle du Mouhoun,Balé,Fara,Tialla
Boucle du Mouhoun,Balé,Fara,Ton
Boucle du Mouhoun,Balé,Fara,Toné
Boucle du Mouhoun,Balé,Ouri,Bandiara
Boucle du Mouhoun,Balé,Ouri,Da
Boucle du Mouhoun,Balé,Ouri,Dablara
Boucle du Mouhoun,Balé,Ouri,Habé
Boucle du Mouhoun,Balé,Ouri,Koena
Boucle du Mouhoun,Balé,Ouri,Koupelo
Boucle du Mouhoun,Balé,Ouri,Lasso
Boucle du Mouhoun,Balé,Ouri,Momina
Boucle du Mouhoun,Balé,Ouri,Mou
Boucle du Mouhoun,Balé,Ouri,Oullo
Boucle du Mouhoun,Balé,Ouri,Oury
Boucle du Mouhoun,Balé,Ouri,Sanfo
Boucle du Mouhoun,Balé,Ouri,Sani
Boucle du Mouhoun,Balé,Ouri,Seyou
Boucle du Mouhoun,Balé,Ouri,Siou
Boucle du Mouhoun,Balé,Ouri,Soubouy
Boucle du Mouhoun,Balé,Ouri,Séréna
Boucle du Mouhoun,Balé,Ouri,Taplara
Boucle du Mouhoun,Balé,Ouri,Zinakongo
Boucle du Mouhoun,Balé,Pompoï,Battiti
Boucle du Mouhoun,Balé,Pompoï,Fegué
Boucle du Mouhoun,Balé,Pompoï,Kietou
Boucle du Mouhoun,Balé,Pompoï,Kokoe
Boucle du Mouhoun,Balé,Pompoï,Konkoliko
Boucle du Mouhoun,Balé,Pompoï,Pana
Boucle du Mouhoun,Balé,Pompoï,Pani
Boucle du Mouhoun,Balé,Pompoï,Pompoï
Boucle du Mouhoun,Balé,Pompoï,Pompoï-gare
Boucle du Mouhoun,Balé,Pompoï,San
Boucle du Mouhoun,Balé,Pompoï,Sio
Boucle du Mouhoun,Balé,Poura,Basnéré
Boucle du Mouhoun,Balé,Poura,Bologo
Boucle du Mouhoun,Balé,Poura,Darsalam
Boucle du Mouhoun,Balé,Poura,Kankélé
Boucle du Mouhoun,Balé,Poura,Mouhoun 3
Boucle du Mouhoun,Balé,Poura,Pig-poré
Boucle du Mouhoun,Balé,Poura,Poura
Boucle du Mouhoun,Balé,Poura,Poura-village
Boucle du Mouhoun,Balé,Poura,Toécin
Boucle du Mouhoun,Balé,Pâ,Boro
Boucle du Mouhoun,Balé,Pâ,Didié
Boucle du Mouhoun,Balé,Pâ,Hérédougou
Boucle du Mouhoun,Balé,Pâ,Kopoï
Boucle du Mouhoun,Balé,Pâ,Koupelé
Boucle du Mouhoun,Balé,Pâ,Pâ
Boucle du Mouhoun,Balé,Pâ,Voho
Boucle du Mouhoun,Balé,Pâ,Yamané
Boucle du Mouhoun,Balé,Siby,Ballao
Boucle du Mouhoun,Balé,Siby,Bang-pooré
Boucle du Mouhoun,Balé,Siby,Bitiako
Boucle du Mouhoun,Balé,Siby,Boromissi
Boucle du Mouhoun,Balé,Siby,Darsalam
Boucle du Mouhoun,Balé,Siby,Kalembouly
Boucle du Mouhoun,Balé,Siby,Kolog-Koom
Boucle du Mouhoun,Balé,Siby,Siby
Boucle du Mouhoun,Balé,Siby,Sorobouly
Boucle du Mouhoun,Balé,Siby,Souho
Boucle du Mouhoun,Balé,Siby,Sécaco
Boucle du Mouhoun,Balé,Yaho,Bondo
Boucle du Mouhoun,Balé,Yaho,Fobiri
Boucle du Mouhoun,Balé,Yaho,Grand-Balé
Boucle du Mouhoun,Balé,Yaho,Kongoba
Boucle du Mouhoun,Balé,Yaho,Madou
Boucle du Mouhoun,Balé,Yaho,Mamou
Boucle du Mouhoun,Balé,Yaho,Maoula
Boucle du Mouhoun,Balé,Yaho,Mina
Boucle du Mouhoun,Balé,Yaho,Mouni
Boucle du Mouhoun,Balé,Yaho,Yaho
Boucle du Mouhoun,Banwa,Balavé,Badinga
Boucle du Mouhoun,Banwa,Balavé,Balavé
Boucle du Mouhoun,Banwa,Balavé,Dogo
Boucle du Mouhoun,Banwa,Balavé,Gama
Boucle du Mouhoun,Banwa,Balavé,Hasbialaye
Boucle du Mouhoun,Banwa,Balavé,Lago
Boucle du Mouhoun,Banwa,Balavé,Tangouna
Boucle du Mouhoun,Banwa,Balavé,Yasso
Boucle du Mouhoun,Banwa,Kouka,Bankouma
Boucle du Mouhoun,Banwa,Kouka,Bourawali
Boucle du Mouhoun,Banwa,Kouka,Diontala
Boucle du Mouhoun,Banwa,Kouka,Fini
Boucle du Mouhoun,Banwa,Kouka,Houna
Boucle du Mouhoun,Banwa,Kouka,Kouelworo
Boucle du Mouhoun,Banwa,Kouka,Kouka
Boucle du Mouhoun,Banwa,Kouka,Koulakou
Boucle du Mouhoun,Banwa,Kouka,Kouroumani
Boucle du Mouhoun,Banwa,Kouka,Liaba
Boucle du Mouhoun,Banwa,Kouka,Mahouana
Boucle du Mouhoun,Banwa,Kouka,Mollé
Boucle du Mouhoun,Banwa,Kouka,Moryiri
Boucle du Mouhoun,Banwa,Kouka,Saint-Michel
Boucle du Mouhoun,Banwa,Kouka,Sallé
Boucle du Mouhoun,Banwa,Kouka,Sama
Boucle du Mouhoun,Banwa,Kouka,Siwi
Boucle du Mouhoun,Banwa,Kouka,Sélenkoro
Boucle du Mouhoun,Banwa,Sami,Bonkorowé
Boucle du Mouhoun,Banwa,Sami,Dima
Boucle du Mouhoun,Banwa,Sami,Dimibo
Boucle du Mouhoun,Banwa,Sami,Déré
Boucle du Mouhoun,Banwa,Sami,Priwé (Sigui)
Boucle du Mouhoun,Banwa,Sami,Sagoeta
Boucle du Mouhoun,Banwa,Sami,Sami
Boucle du Mouhoun,Banwa,Sami,Seindé
Boucle du Mouhoun,Banwa,Sami,Sigui
Boucle du Mouhoun,Banwa,Sami,Sogodiankoli
Boucle du Mouhoun,Banwa,Sanaba,Bendougou
Boucle du Mouhoun,Banwa,Sanaba,Bérenkuy
Boucle du Mouhoun,Banwa,Sanaba,Dio
Boucle du Mouhoun,Banwa,Sanaba,Founa
Boucle du Mouhoun,Banwa,Sanaba,Gnoumakuy
Boucle du Mouhoun,Banwa,Sanaba,Gombio
Boucle du Mouhoun,Banwa,Sanaba,Koba
Boucle du Mouhoun,Banwa,Sanaba,Kosso
Boucle du Mouhoun,Banwa,Sanaba,Kossoba
Boucle du Mouhoun,Banwa,Sanaba,Kounla
Boucle du Mouhoun,Banwa,Sanaba,Moussakuy
Boucle du Mouhoun,Banwa,Sanaba,Namassa
Boucle du Mouhoun,Banwa,Sanaba,Nemena
Boucle du Mouhoun,Banwa,Sanaba,Ouarakuy
Boucle du Mouhoun,Banwa,Sanaba,Pekuy
Boucle du Mouhoun,Banwa,Sanaba,Sanaba
Boucle du Mouhoun,Banwa,Sanaba,Sorwa
Boucle du Mouhoun,Banwa,Sanaba,Soumakuy
Boucle du Mouhoun,Banwa,Sanaba,Timba
Boucle du Mouhoun,Banwa,Sanaba,Yenkuy
Boucle du Mouhoun,Banwa,Sanaba,Ziga
Boucle du Mouhoun,Banwa,Solenzo,Bama
Boucle du Mouhoun,Banwa,Solenzo,Ban
Boucle du Mouhoun,Banwa,Solenzo,Bayé
Boucle du Mouhoun,Banwa,Solenzo,Bialé
Boucle du Mouhoun,Banwa,Solenzo,Bonza
Boucle du Mouhoun,Banwa,Solenzo,Bouiga
Boucle du Mouhoun,Banwa,Solenzo,Bèna
Boucle du Mouhoun,Banwa,Solenzo,Daboura
Boucle du Mouhoun,Banwa,Solenzo,Darsalam
Boucle du Mouhoun,Banwa,Solenzo,Denkoro
Boucle du Mouhoun,Banwa,Solenzo,Dinkiéna
Boucle du Mouhoun,Banwa,Solenzo,Dira
Boucle du Mouhoun,Banwa,Solenzo,Dissankuy
Boucle du Mouhoun,Banwa,Solenzo,Dèssè
Boucle du Mouhoun,Banwa,Solenzo,Gnassoumadougou
Boucle du Mouhoun,Banwa,Solenzo,Hèrèdougou
Boucle du Mouhoun,Banwa,Solenzo,Kié
Boucle du Mouhoun,Banwa,Solenzo,Koakoa
Boucle du Mouhoun,Banwa,Solenzo,Koma
Boucle du Mouhoun,Banwa,Solenzo,Lanfièra
Boucle du Mouhoun,Banwa,Solenzo,Lèkoro
Boucle du Mouhoun,Banwa,Solenzo,Masso
Boucle du Mouhoun,Banwa,Solenzo,Mawé
Boucle du Mouhoun,Banwa,Solenzo,Moussakongo
Boucle du Mouhoun,Banwa,Solenzo,Pouy
Boucle du Mouhoun,Banwa,Solenzo,Sanakuy
Boucle du Mouhoun,Banwa,Solenzo,Sanokuy
Boucle du Mouhoun,Banwa,Solenzo,Siguinoghin
Boucle du Mouhoun,Banwa,Solenzo,Solenzo
Boucle du Mouhoun,Banwa,Solenzo,Toukoro
Boucle du Mouhoun,Banwa,Solenzo,Yèrèssoro
Boucle du Mouhoun,Banwa,Tansila,Ben
Boucle du Mouhoun,Banwa,Tansila,Bouan
Boucle du Mouhoun,Banwa,Tansila,Darsalam
Boucle du Mouhoun,Banwa,Tansila,Douma
Boucle du Mouhoun,Banwa,Tansila,Driko
Boucle du Mouhoun,Banwa,Tansila,Faso-Benkadi
Boucle du Mouhoun,Banwa,Tansila,Féléwé
Boucle du Mouhoun,Banwa,Tansila,Gui
Boucle du Mouhoun,Banwa,Tansila,Kira
Boucle du Mouhoun,Banwa,Tansila,Kokouna
Boucle du Mouhoun,Banwa,Tansila,Korani
Boucle du Mouhoun,Banwa,Tansila,Kouneni
Boucle du Mouhoun,Banwa,Tansila,Kéllé
Boucle du Mouhoun,Banwa,Tansila,Moara
Boucle du Mouhoun,Banwa,Tansila,Nangouna
Boucle du Mouhoun,Banwa,Tansila,Ouléni
Boucle du Mouhoun,Banwa,Tansila,Ouorowé
Boucle du Mouhoun,Banwa,Tansila,Tamouga
Boucle du Mouhoun,Banwa,Tansila,Tansila
Boucle du Mouhoun,Banwa,Tansila,Thy
Boucle du Mouhoun,Banwa,Tansila,Tillé
Boucle du Mouhoun,Banwa,Tansila,Toma
Boucle du Mouhoun,Banwa,Tansila,Toma-Koura
Boucle du Mouhoun,Banwa,Tansila,Toula
Boucle du Mouhoun,Banwa,Tansila,Toungo
Boucle du Mouhoun,Banwa,Tansila,Triko
Boucle du Mouhoun,Kossi,Barani,Babakuy
Boucle du Mouhoun,Kossi,Barani,Bangassi-Koro
Boucle du Mouhoun,Kossi,Barani,Bangassi-Kourou
Boucle du Mouhoun,Kossi,Barani,Barani
Boucle du Mouhoun,Kossi,Barani,Berma
Boucle du Mouhoun,Kossi,Barani,Bogo
Boucle du Mouhoun,Kossi,Barani,Boulemporo
Boucle du Mouhoun,Kossi,Barani,Boulé
Boucle du Mouhoun,Kossi,Barani,Cissé
Boucle du Mouhoun,Kossi,Barani,Dankara
Boucle du Mouhoun,Kossi,Barani,Diamahoun
Boucle du Mouhoun,Kossi,Barani,Dienwely
Boucle du Mouhoun,Kossi,Barani,Djallo
Boucle du Mouhoun,Kossi,Barani,Douré
Boucle du Mouhoun,Kossi,Barani,Gnimahoun
Boucle du Mouhoun,Kossi,Barani,Gnimanou
Boucle du Mouhoun,Kossi,Barani,Illa
Boucle du Mouhoun,Kossi,Barani,Kamandadougou
Boucle du Mouhoun,Kossi,Barani,Karekuy
Boucle du Mouhoun,Kossi,Barani,Kessekuy
Boucle du Mouhoun,Kossi,Barani,Kinseré
Boucle du Mouhoun,Kossi,Barani,Kolonkan Goure Ba
Boucle du Mouhoun,Kossi,Barani,Kolonkan Goure Diall
Boucle du Mouhoun,Kossi,Barani,Konkoro
Boucle du Mouhoun,Kossi,Barani,Koroni
Boucle du Mouhoun,Kossi,Barani,Koubé
Boucle du Mouhoun,Kossi,Barani,Koulerou
Boucle du Mouhoun,Kossi,Barani,Lonkan
Boucle du Mouhoun,Kossi,Barani,Mana
Boucle du Mouhoun,Kossi,Barani,Manekuy
Boucle du Mouhoun,Kossi,Barani,Mantamou
Boucle du Mouhoun,Kossi,Barani,Medougou
Boucle du Mouhoun,Kossi,Barani,Nabasso
Boucle du Mouhoun,Kossi,Barani,Niako
Boucle du Mouhoun,Kossi,Barani,Niemini-Peulh
Boucle du Mouhoun,Kossi,Barani,Ouemboye
Boucle du Mouhoun,Kossi,Barani,Oueressé
Boucle du Mouhoun,Kossi,Barani,Pampakuy
Boucle du Mouhoun,Kossi,Barani,Sekuy
Boucle du Mouhoun,Kossi,Barani,Sikogo
Boucle du Mouhoun,Kossi,Barani,Sokoura
Boucle du Mouhoun,Kossi,Barani,Soudogo
Boucle du Mouhoun,Kossi,Barani,Tira
Boucle du Mouhoun,Kossi,Barani,Torokoto
Boucle du Mouhoun,Kossi,Barani,Waribèrè
Boucle du Mouhoun,Kossi,Barani,Yalankoro
Boucle du Mouhoun,Kossi,Barani,Yerkanda
Boucle du Mouhoun,Kossi,Bomborokui,Banakoro
Boucle du Mouhoun,Kossi,Bomborokui,Bogo
Boucle du Mouhoun,Kossi,Bomborokui,Bomborokuy
Boucle du Mouhoun,Kossi,Bomborokui,Borekuy
Boucle du Mouhoun,Kossi,Bomborokui,Danekuy
Boucle du Mouhoun,Kossi,Bomborokui,Gombèlé
Boucle du Mouhoun,Kossi,Bomborokui,Komonkuy
Boucle du Mouhoun,Kossi,Bomborokui,Mariasso
Boucle du Mouhoun,Kossi,Bomborokui,Niankouini
Boucle du Mouhoun,Kossi,Bomborokui,Sadigan
Boucle du Mouhoun,Kossi,Bomborokui,Sako
Boucle du Mouhoun,Kossi,Bomborokui,Souankuy
Boucle du Mouhoun,Kossi,Bomborokui,Tirakuy
Boucle du Mouhoun,Kossi,Bomborokui,Yabana
Boucle du Mouhoun,Kossi,Bomborokui,Yallo
Boucle du Mouhoun,Kossi,Bomborokui,Yevedougou
Boucle du Mouhoun,Kossi,Bourasso,Barakuy
Boucle du Mouhoun,Kossi,Bourasso,Biron-Bobo
Boucle du Mouhoun,Kossi,Bourasso,Biron-Marka
Boucle du Mouhoun,Kossi,Bourasso,Bouni
Boucle du Mouhoun,Kossi,Bourasso,Bourasso
Boucle du Mouhoun,Kossi,Bourasso,Diamasso
Boucle du Mouhoun,Kossi,Bourasso,Kamiankoro
Boucle du Mouhoun,Kossi,Bourasso,Kodougou
Boucle du Mouhoun,Kossi,Bourasso,Labarani
Boucle du Mouhoun,Kossi,Bourasso,Lekuy
Boucle du Mouhoun,Kossi,Bourasso,Lemini
Boucle du Mouhoun,Kossi,Bourasso,Nokuy
Boucle du Mouhoun,Kossi,Bourasso,Sikoro
Boucle du Mouhoun,Kossi,Bourasso,Sirakoro
Boucle du Mouhoun,Kossi,Bourasso,Zonakuy
Boucle du Mouhoun,Kossi,Djibasso,Ba
Boucle du Mouhoun,Kossi,Djibasso,Banana
Boucle du Mouhoun,Kossi,Djibasso,Bankoumana
Boucle du Mouhoun,Kossi,Djibasso,Berkoué
Boucle du Mouhoun,Kossi,Djibasso,Bida
Boucle du Mouhoun,Kossi,Djibasso,Bokoro
Boucle du Mouhoun,Kossi,Djibasso,Bonoua
Boucle du Mouhoun,Kossi,Djibasso,Bouakuy
Boucle du Mouhoun,Kossi,Djibasso,Bouilio
Boucle du Mouhoun,Kossi,Djibasso,Bourio
Boucle du Mouhoun,Kossi,Djibasso,Dara
Boucle du Mouhoun,Kossi,Djibasso,Diekuini
Boucle du Mouhoun,Kossi,Djibasso,Diena
Boucle du Mouhoun,Kossi,Djibasso,Diékan (Yérakui)
Boucle du Mouhoun,Kossi,Djibasso,Diéna-Sanakina
Boucle du Mouhoun,Kossi,Djibasso,Djibasso
Boucle du Mouhoun,Kossi,Djibasso,Donkoro
Boucle du Mouhoun,Kossi,Djibasso,Foni-Boronki
Boucle du Mouhoun,Kossi,Djibasso,Gnimini
Boucle du Mouhoun,Kossi,Djibasso,Ira
Boucle du Mouhoun,Kossi,Djibasso,Kansara
Boucle du Mouhoun,Kossi,Djibasso,Kienekuy
Boucle du Mouhoun,Kossi,Djibasso,Kira
Boucle du Mouhoun,Kossi,Djibasso,Kiè
Boucle du Mouhoun,Kossi,Djibasso,Kolonkan
Boucle du Mouhoun,Kossi,Djibasso,Kolonkani-Sirakoro
Boucle du Mouhoun,Kossi,Djibasso,Kolonzo
Boucle du Mouhoun,Kossi,Djibasso,Kombori
Boucle du Mouhoun,Kossi,Djibasso,Mandara
Boucle du Mouhoun,Kossi,Djibasso,Maouléna
Boucle du Mouhoun,Kossi,Djibasso,Massakuy
Boucle du Mouhoun,Kossi,Djibasso,Mouna
Boucle du Mouhoun,Kossi,Djibasso,Nairena
Boucle du Mouhoun,Kossi,Djibasso,Ouarokuy
Boucle du Mouhoun,Kossi,Djibasso,Oura
Boucle du Mouhoun,Kossi,Djibasso,Ourouko
Boucle du Mouhoun,Kossi,Djibasso,Parakuy
Boucle du Mouhoun,Kossi,Djibasso,Paranzo
Boucle du Mouhoun,Kossi,Djibasso,Pia 1
Boucle du Mouhoun,Kossi,Djibasso,Saba
Boucle du Mouhoun,Kossi,Djibasso,Sadignakono
Boucle du Mouhoun,Kossi,Djibasso,Sakuy
Boucle du Mouhoun,Kossi,Djibasso,Samekuy
Boucle du Mouhoun,Kossi,Djibasso,Sarakoro
Boucle du Mouhoun,Kossi,Djibasso,Senoulo
Boucle du Mouhoun,Kossi,Djibasso,Siedougou
Boucle du Mouhoun,Kossi,Djibasso,Soumoukuy
Boucle du Mouhoun,Kossi,Djibasso,Sounè
Boucle du Mouhoun,Kossi,Djibasso,Soye
Boucle du Mouhoun,Kossi,Djibasso,Tiemè
Boucle du Mouhoun,Kossi,Djibasso,Voro
Boucle du Mouhoun,Kossi,Djibasso,Zakui
Boucle du Mouhoun,Kossi,Dokui,Ayoubakolon
Boucle du Mouhoun,Kossi,Dokui,Bonikuy
Boucle du Mouhoun,Kossi,Dokui,Dar-es-Salam
Boucle du Mouhoun,Kossi,Dokui,Dassi
Boucle du Mouhoun,Kossi,Dokui,Denissa-Marka
Boucle du Mouhoun,Kossi,Dokui,Denissa-Mossi
Boucle du Mouhoun,Kossi,Dokui,Dokoura
Boucle du Mouhoun,Kossi,Dokui,Dokuy
Boucle du Mouhoun,Kossi,Dokui,Doubalé
Boucle du Mouhoun,Kossi,Dokui,Gassingo
Boucle du Mouhoun,Kossi,Dokui,Goni
Boucle du Mouhoun,Kossi,Dokui,Ilabekolon
Boucle du Mouhoun,Kossi,Dokui,Kamadena
Boucle du Mouhoun,Kossi,Dokui,Kanadougou
Boucle du Mouhoun,Kossi,Dokui,Karasso
Boucle du Mouhoun,Kossi,Dokui,Kemenso
Boucle du Mouhoun,Kossi,Dokui,Kenekuy
Boucle du Mouhoun,Kossi,Dokui,Kolonidara
Boucle du Mouhoun,Kossi,Dokui,Kolonkoura
Boucle du Mouhoun,Kossi,Dokui,Makuy
Boucle du Mouhoun,Kossi,Dokui,Nereko
Boucle du Mouhoun,Kossi,Dokui,Sokoura
Boucle du Mouhoun,Kossi,Dokui,Soum
Boucle du Mouhoun,Kossi,Dokui,Soumakoro
Boucle du Mouhoun,Kossi,Dokui,Tomikoroni
Boucle du Mouhoun,Kossi,Doumbala,Bamperla
Boucle du Mouhoun,Kossi,Doumbala,Bangassi-Bobo
Boucle du Mouhoun,Kossi,Doumbala,Bangassi-Illa
Boucle du Mouhoun,Kossi,Doumbala,Bangassi-Mamoudoud
Boucle du Mouhoun,Kossi,Doumbala,Bankuy
Boucle du Mouhoun,Kossi,Doumbala,Bassam
Boucle du Mouhoun,Kossi,Doumbala,Boanekuy
Boucle du Mouhoun,Kossi,Doumbala,Bokuy
Boucle du Mouhoun,Kossi,Doumbala,Boukuy
Boucle du Mouhoun,Kossi,Doumbala,Dakuy
Boucle du Mouhoun,Kossi,Doumbala,Doumbala
Boucle du Mouhoun,Kossi,Doumbala,Henkekuy
Boucle du Mouhoun,Kossi,Doumbala,Karekuy
Boucle du Mouhoun,Kossi,Doumbala,Kimba
Boucle du Mouhoun,Kossi,Doumbala,Kini-Kini
Boucle du Mouhoun,Kossi,Doumbala,Koa
Boucle du Mouhoun,Kossi,Doumbala,Kodara
Boucle du Mouhoun,Kossi,Doumbala,Kolonzo
Boucle du Mouhoun,Kossi,Doumbala,Komkuy-Boho
Boucle du Mouhoun,Kossi,Doumbala,Konkui-Koro
Boucle du Mouhoun,Kossi,Doumbala,Kouroukuy
Boucle du Mouhoun,Kossi,Doumbala,Lanfiera
Boucle du Mouhoun,Kossi,Doumbala,Montionkuy
Boucle du Mouhoun,Kossi,Doumbala,Mounakoro
Boucle du Mouhoun,Kossi,Doumbala,Nian
Boucle du Mouhoun,Kossi,Doumbala,Porokuy
Boucle du Mouhoun,Kossi,Doumbala,Saint-Camille
Boucle du Mouhoun,Kossi,Doumbala,Saint-Martin
Boucle du Mouhoun,Kossi,Doumbala,Saint-Paul
Boucle du Mouhoun,Kossi,Doumbala,Saworokuy
Boucle du Mouhoun,Kossi,Doumbala,Soumbara
Boucle du Mouhoun,Kossi,Doumbala,Teni
Boucle du Mouhoun,Kossi,Doumbala,Teni-Peulh
Boucle du Mouhoun,Kossi,Doumbala,Tiourkuy
Boucle du Mouhoun,Kossi,Doumbala,Wazan
Boucle du Mouhoun,Kossi,Doumbala,Zekuy
Boucle du Mouhoun,Kossi,Kombori,Abaye
Boucle du Mouhoun,Kossi,Kombori,Aourèma
Boucle du Mouhoun,Kossi,Kombori,Ba-Peulh
Boucle du Mouhoun,Kossi,Kombori,Gani
Boucle du Mouhoun,Kossi,Kombori,Kolonkani-Ba
Boucle du Mouhoun,Kossi,Kombori,Kombori
Boucle du Mouhoun,Kossi,Kombori,Konna
Boucle du Mouhoun,Kossi,Kombori,Lonani
Boucle du Mouhoun,Kossi,Kombori,Magadian
Boucle du Mouhoun,Kossi,Kombori,Ouori
Boucle du Mouhoun,Kossi,Kombori,Sanakadougou
Boucle du Mouhoun,Kossi,Kombori,Sassambari
Boucle du Mouhoun,Kossi,Kombori,Siekoro
Boucle du Mouhoun,Kossi,Kombori,Siewali
Boucle du Mouhoun,Kossi,Kombori,Siguidé
Boucle du Mouhoun,Kossi,Kombori,Yaran
Boucle du Mouhoun,Kossi,Madouba,Bankoumani
Boucle du Mouhoun,Kossi,Madouba,Bokui
Boucle du Mouhoun,Kossi,Madouba,Dina
Boucle du Mouhoun,Kossi,Madouba,Kiko
Boucle du Mouhoun,Kossi,Madouba,Kolokan
Boucle du Mouhoun,Kossi,Madouba,Madouba
Boucle du Mouhoun,Kossi,Madouba,Pia 2
Boucle du Mouhoun,Kossi,Madouba,Poro 1
Boucle du Mouhoun,Kossi,Madouba,Poro 2
Boucle du Mouhoun,Kossi,Madouba,Sinthyorokuy
Boucle du Mouhoun,Kossi,Madouba,Touba
Boucle du Mouhoun,Kossi,Madouba,Yourouna
Boucle du Mouhoun,Kossi,Nouna,Aourèma
Boucle du Mouhoun,Kossi,Nouna,Babekolon
Boucle du Mouhoun,Kossi,Nouna,Bagala
Boucle du Mouhoun,Kossi,Nouna,Bankoumani
Boucle du Mouhoun,Kossi,Nouna,Baré
Boucle du Mouhoun,Kossi,Nouna,Bisso
Boucle du Mouhoun,Kossi,Nouna,Bonkuy
Boucle du Mouhoun,Kossi,Nouna,Boron
Boucle du Mouhoun,Kossi,Nouna,Damandigui
Boucle du Mouhoun,Kossi,Nouna,Dantiéra
Boucle du Mouhoun,Kossi,Nouna,Dara
Boucle du Mouhoun,Kossi,Nouna,Dembelela
Boucle du Mouhoun,Kossi,Nouna,Dembo
Boucle du Mouhoun,Kossi,Nouna,Digani
Boucle du Mouhoun,Kossi,Nouna,Dina
Boucle du Mouhoun,Kossi,Nouna,Diondougou
Boucle du Mouhoun,Kossi,Nouna,Dionkongo
Boucle du Mouhoun,Kossi,Nouna,Farakuy
Boucle du Mouhoun,Kossi,Nouna,Kaki
Boucle du Mouhoun,Kossi,Nouna,Kalfadougou
Boucle du Mouhoun,Kossi,Nouna,Kansara
Boucle du Mouhoun,Kossi,Nouna,Karekuy
Boucle du Mouhoun,Kossi,Nouna,Kemena
Boucle du Mouhoun,Kossi,Nouna,Kerena
Boucle du Mouhoun,Kossi,Nouna,Kolonkoura
Boucle du Mouhoun,Kossi,Nouna,Kombara
Boucle du Mouhoun,Kossi,Nouna,Konankoira
Boucle du Mouhoun,Kossi,Nouna,Konkuini
Boucle du Mouhoun,Kossi,Nouna,Kononiba
Boucle du Mouhoun,Kossi,Nouna,Koredougou
Boucle du Mouhoun,Kossi,Nouna,Koro
Boucle du Mouhoun,Kossi,Nouna,Lei
Boucle du Mouhoun,Kossi,Nouna,Mani
Boucle du Mouhoun,Kossi,Nouna,Moinsi
Boucle du Mouhoun,Kossi,Nouna,Mourdie
Boucle du Mouhoun,Kossi,Nouna,Niankuy
Boucle du Mouhoun,Kossi,Nouna,Nouna
Boucle du Mouhoun,Kossi,Nouna,Ouette
Boucle du Mouhoun,Kossi,Nouna,Pa
Boucle du Mouhoun,Kossi,Nouna,Patiarakuy
Boucle du Mouhoun,Kossi,Nouna,Saint-Jean
Boucle du Mouhoun,Kossi,Nouna,Saint-Louis
Boucle du Mouhoun,Kossi,Nouna,Sampopo
Boucle du Mouhoun,Kossi,Nouna,Seriba
Boucle du Mouhoun,Kossi,Nouna,Seré
Boucle du Mouhoun,Kossi,Nouna,Sien
Boucle du Mouhoun,Kossi,Nouna,Simbadougou
Boucle du Mouhoun,Kossi,Nouna,Soa
Boucle du Mouhoun,Kossi,Nouna,Sobon
Boucle du Mouhoun,Kossi,Nouna,Soin
Boucle du Mouhoun,Kossi,Nouna,Sokoro
Boucle du Mouhoun,Kossi,Nouna,Solimana
Boucle du Mouhoun,Kossi,Nouna,Tenou
Boucle du Mouhoun,Kossi,Nouna,Thia
Boucle du Mouhoun,Kossi,Nouna,Tissi
Boucle du Mouhoun,Kossi,Nouna,Tombodougou
Boucle du Mouhoun,Kossi,Nouna,Toni
Boucle du Mouhoun,Kossi,Nouna,Tonkoroni
Boucle du Mouhoun,Kossi,Nouna,Tonseré
Boucle du Mouhoun,Kossi,Nouna,Tébéré
Boucle du Mouhoun,Kossi,Nouna,Zoun
Boucle du Mouhoun,Kossi,Sônô,Bantombo
Boucle du Mouhoun,Kossi,Sônô,Botte
Boucle du Mouhoun,Kossi,Sônô,Dankoumana
Boucle du Mouhoun,Kossi,Sônô,Kallé
Boucle du Mouhoun,Kossi,Sônô,Koury
Boucle du Mouhoun,Kossi,Sônô,Lanfiera-Koura
Boucle du Mouhoun,Kossi,Sônô,Siéla
Boucle du Mouhoun,Kossi,Sônô,Sono
Boucle du Mouhoun,Kossi,Sônô,Soro
Boucle du Mouhoun,Kossi,Sônô,Zampana
Boucle du Mouhoun,Mouhoun,Bondokui,Anekuy
Boucle du Mouhoun,Mouhoun,Bondokui,Bankouma
Boucle du Mouhoun,Mouhoun,Bondokui,Bladi
Boucle du Mouhoun,Mouhoun,Bondokui,Bokuy
Boucle du Mouhoun,Mouhoun,Bondokui,Bolomakoté
Boucle du Mouhoun,Mouhoun,Bondokui,Bondokuy
Boucle du Mouhoun,Mouhoun,Bondokui,Bonzawa
Boucle du Mouhoun,Mouhoun,Bondokui,Bouan
Boucle du Mouhoun,Mouhoun,Bondokui,Bouenivouhoun (Bladi)
Boucle du Mouhoun,Mouhoun,Bondokui,Dampan
Boucle du Mouhoun,Mouhoun,Bondokui,Diekuy
Boucle du Mouhoun,Mouhoun,Bondokui,Dora
Boucle du Mouhoun,Mouhoun,Bondokui,Farakuy
Boucle du Mouhoun,Mouhoun,Bondokui,Gargabouli
Boucle du Mouhoun,Mouhoun,Bondokui,Hité
Boucle du Mouhoun,Mouhoun,Bondokui,Kera
Boucle du Mouhoun,Mouhoun,Bondokui,Kinimou
Boucle du Mouhoun,Mouhoun,Bondokui,"Koumana (Gargabouli, hité)"
Boucle du Mouhoun,Mouhoun,Bondokui,Moukouna (Bonzawa)
Boucle du Mouhoun,Mouhoun,Bondokui,Nassiatou
Boucle du Mouhoun,Mouhoun,Bondokui,Ouakara
Boucle du Mouhoun,Mouhoun,Bondokui,Sama
Boucle du Mouhoun,Mouhoun,Bondokui,Silmimossi
Boucle du Mouhoun,Mouhoun,Bondokui,Syn-Bekuy
Boucle du Mouhoun,Mouhoun,Bondokui,Syn-Dombokuy
Boucle du Mouhoun,Mouhoun,Bondokui,Syn-Dounkuy
Boucle du Mouhoun,Mouhoun,Bondokui,Tankuy
Boucle du Mouhoun,Mouhoun,Bondokui,Tia  (vouzabri)
Boucle du Mouhoun,Mouhoun,Bondokui,Toun
Boucle du Mouhoun,Mouhoun,Bondokui,Vouzabri
Boucle du Mouhoun,Mouhoun,Bondokui,Wakuy
Boucle du Mouhoun,Mouhoun,Bondokui,Wambassa
Boucle du Mouhoun,Mouhoun,Bondokui,Zanzaka
Boucle du Mouhoun,Mouhoun,Bondokui,Zoromtenga
Boucle du Mouhoun,Mouhoun,Bondokui,kimini
Boucle du Mouhoun,Mouhoun,Douroula,Bladi
Boucle du Mouhoun,Mouhoun,Douroula,Douroula
Boucle du Mouhoun,Mouhoun,Douroula,Kankono
Boucle du Mouhoun,Mouhoun,Douroula,Kassakongo
Boucle du Mouhoun,Mouhoun,Douroula,Kerebe
Boucle du Mouhoun,Mouhoun,Douroula,Kirikongo
Boucle du Mouhoun,Mouhoun,Douroula,Koussiri
Boucle du Mouhoun,Mouhoun,Douroula,Noraotenga
Boucle du Mouhoun,Mouhoun,Douroula,Sa
Boucle du Mouhoun,Mouhoun,Douroula,Souma
Boucle du Mouhoun,Mouhoun,Douroula,Tora
Boucle du Mouhoun,Mouhoun,Douroula,Toroba
Boucle du Mouhoun,Mouhoun,Dédougou,Bana
Boucle du Mouhoun,Mouhoun,Dédougou,Bokuy
Boucle du Mouhoun,Mouhoun,Dédougou,Boron
Boucle du Mouhoun,Mouhoun,Dédougou,Dankuy
Boucle du Mouhoun,Mouhoun,Dédougou,Debe
Boucle du Mouhoun,Mouhoun,Dédougou,Dédougou
Boucle du Mouhoun,Mouhoun,Dédougou,Fakouna
Boucle du Mouhoun,Mouhoun,Dédougou,Haperekuy
Boucle du Mouhoun,Mouhoun,Dédougou,Kamandena
Boucle du Mouhoun,Mouhoun,Dédougou,Kari
Boucle du Mouhoun,Mouhoun,Dédougou,Karo
Boucle du Mouhoun,Mouhoun,Dédougou,Konandia
Boucle du Mouhoun,Mouhoun,Dédougou,Koran
Boucle du Mouhoun,Mouhoun,Dédougou,Kore
Boucle du Mouhoun,Mouhoun,Dédougou,Koukatenga
Boucle du Mouhoun,Mouhoun,Dédougou,Kouna
Boucle du Mouhoun,Mouhoun,Dédougou,Lonkakuy
Boucle du Mouhoun,Mouhoun,Dédougou,Magnimasso
Boucle du Mouhoun,Mouhoun,Dédougou,Makuy
Boucle du Mouhoun,Mouhoun,Dédougou,Mangana
Boucle du Mouhoun,Mouhoun,Dédougou,Massala
Boucle du Mouhoun,Mouhoun,Dédougou,Noakuy
Boucle du Mouhoun,Mouhoun,Dédougou,Noraotenga
Boucle du Mouhoun,Mouhoun,Dédougou,Oulani
Boucle du Mouhoun,Mouhoun,Dédougou,Parade
Boucle du Mouhoun,Mouhoun,Dédougou,Passakongo
Boucle du Mouhoun,Mouhoun,Dédougou,Sagala
Boucle du Mouhoun,Mouhoun,Dédougou,Soakuy
Boucle du Mouhoun,Mouhoun,Dédougou,Sokoura
Boucle du Mouhoun,Mouhoun,Dédougou,Soukuy
Boucle du Mouhoun,Mouhoun,Dédougou,Souri
Boucle du Mouhoun,Mouhoun,Dédougou,Tare
Boucle du Mouhoun,Mouhoun,Dédougou,Tiankuy
Boucle du Mouhoun,Mouhoun,Dédougou,Toroba
Boucle du Mouhoun,Mouhoun,Dédougou,Wetina
Boucle du Mouhoun,Mouhoun,Dédougou,Worokuy
Boucle du Mouhoun,Mouhoun,Dédougou,Yonkuy
Boucle du Mouhoun,Mouhoun,Dédougou,Zankuy
Boucle du Mouhoun,Mouhoun,Dédougou,Zeoula
Boucle du Mouhoun,Mouhoun,Dédougou,Zeoule
Boucle du Mouhoun,Mouhoun,Kona,Blé
Boucle du Mouhoun,Mouhoun,Kona,Dafina
Boucle du Mouhoun,Mouhoun,Kona,Dangouna
Boucle du Mouhoun,Mouhoun,Kona,Goulo
Boucle du Mouhoun,Mouhoun,Kona,Kona
Boucle du Mouhoun,Mouhoun,Kona,Kouana
Boucle du Mouhoun,Mouhoun,Kona,Lah
Boucle du Mouhoun,Mouhoun,Kona,Nana
Boucle du Mouhoun,Mouhoun,Kona,Pie
Boucle du Mouhoun,Mouhoun,Kona,Sanfle
Boucle du Mouhoun,Mouhoun,Kona,Soungoule
Boucle du Mouhoun,Mouhoun,Kona,Tona
Boucle du Mouhoun,Mouhoun,Kona,Tâ
Boucle du Mouhoun,Mouhoun,Kona,Téna
Boucle du Mouhoun,Mouhoun,Kona,Yankoro
Boucle du Mouhoun,Mouhoun,Kona,Yoana
Boucle du Mouhoun,Mouhoun,Kona,Zina
Boucle du Mouhoun,Mouhoun,Ouarkoye,Bekuy
Boucle du Mouhoun,Mouhoun,Ouarkoye,Dankuy
Boucle du Mouhoun,Mouhoun,Ouarkoye,Darou
Boucle du Mouhoun,Mouhoun,Ouarkoye,Doudou
Boucle du Mouhoun,Mouhoun,Ouarkoye,Fakena
Boucle du Mouhoun,Mouhoun,Ouarkoye,Fakéna Peulh
Boucle du Mouhoun,Mouhoun,Ouarkoye,Fouankuy
Boucle du Mouhoun,Mouhoun,Ouarkoye,Kamako
Boucle du Mouhoun,Mouhoun,Ouarkoye,Kekaba
Boucle du Mouhoun,Mouhoun,Ouarkoye,Koena
Boucle du Mouhoun,Mouhoun,Ouarkoye,Kosso
Boucle du Mouhoun,Mouhoun,Ouarkoye,Kouankuy
Boucle du Mouhoun,Mouhoun,Ouarkoye,Lokinde
Boucle du Mouhoun,Mouhoun,Ouarkoye,Miana
Boucle du Mouhoun,Mouhoun,Ouarkoye,Mounkuy
Boucle du Mouhoun,Mouhoun,Ouarkoye,Ouanabekuy
Boucle du Mouhoun,Mouhoun,Ouarkoye,Ouarkoye
Boucle du Mouhoun,Mouhoun,Ouarkoye,Oue
Boucle du Mouhoun,Mouhoun,Ouarkoye,Perakuy
Boucle du Mouhoun,Mouhoun,Ouarkoye,Poundou
Boucle du Mouhoun,Mouhoun,Ouarkoye,Samakuy
Boucle du Mouhoun,Mouhoun,Ouarkoye,Soana
Boucle du Mouhoun,Mouhoun,Ouarkoye,Sokongo
Boucle du Mouhoun,Mouhoun,Ouarkoye,Syn
Boucle du Mouhoun,Mouhoun,Ouarkoye,Tiokuy
Boucle du Mouhoun,Mouhoun,Safané,Banga
Boucle du Mouhoun,Mouhoun,Safané,Banou
Boucle du Mouhoun,Mouhoun,Safané,Bara
Boucle du Mouhoun,Mouhoun,Safané,Bara-Yankasso
Boucle du Mouhoun,Mouhoun,Safané,Biforo
Boucle du Mouhoun,Mouhoun,Safané,Bilakongo
Boucle du Mouhoun,Mouhoun,Safané,Bomboila
Boucle du Mouhoun,Mouhoun,Safané,Bominasso
Boucle du Mouhoun,Mouhoun,Safané,Bona
Boucle du Mouhoun,Mouhoun,Safané,Bossien
Boucle du Mouhoun,Mouhoun,Safané,Datomo
Boucle du Mouhoun,Mouhoun,Safané,Doumakélé
Boucle du Mouhoun,Mouhoun,Safané,Guizigoron
Boucle du Mouhoun,Mouhoun,Safané,Ianfièra
Boucle du Mouhoun,Mouhoun,Safané,Kienséré
Boucle du Mouhoun,Mouhoun,Safané,Kira
Boucle du Mouhoun,Mouhoun,Safané,Kokoun
Boucle du Mouhoun,Mouhoun,Safané,Kongoba
Boucle du Mouhoun,Mouhoun,Safané,Kongodiana
Boucle du Mouhoun,Mouhoun,Safané,Kongosso
Boucle du Mouhoun,Mouhoun,Safané,Makongo
Boucle du Mouhoun,Mouhoun,Safané,Missakongo
Boucle du Mouhoun,Mouhoun,Safané,Nounou
Boucle du Mouhoun,Mouhoun,Safané,Pakolé
Boucle du Mouhoun,Mouhoun,Safané,Pakoro
Boucle du Mouhoun,Mouhoun,Safané,Safané
Boucle du Mouhoun,Mouhoun,Safané,Sikorosso
Boucle du Mouhoun,Mouhoun,Safané,Sin
Boucle du Mouhoun,Mouhoun,Safané,Sirakorosso
Boucle du Mouhoun,Mouhoun,Safané,Siralo
Boucle du Mouhoun,Mouhoun,Safané,Sodien
Boucle du Mouhoun,Mouhoun,Safané,Sokoula
Boucle du Mouhoun,Mouhoun,Safané,Sokoulani
Boucle du Mouhoun,Mouhoun,Safané,Tiekuy
Boucle du Mouhoun,Mouhoun,Safané,Tounou
Boucle du Mouhoun,Mouhoun,Safané,Tuena
Boucle du Mouhoun,Mouhoun,Safané,Wati-nooma
Boucle du Mouhoun,Mouhoun,Safané,Yamou
Boucle du Mouhoun,Mouhoun,Safané,Yankasso
Boucle du Mouhoun,Mouhoun,Safané,Ziasso
Boucle du Mouhoun,Mouhoun,Safané,Zienkuy
Boucle du Mouhoun,Mouhoun,Tchériba,Bankorosso
Boucle du Mouhoun,Mouhoun,Tchériba,Banouba
Boucle du Mouhoun,Mouhoun,Tchériba,Bekeyou
Boucle du Mouhoun,Mouhoun,Tchériba,Beneyou
Boucle du Mouhoun,Mouhoun,Tchériba,Bissanderou
Boucle du Mouhoun,Mouhoun,Tchériba,Da
Boucle du Mouhoun,Mouhoun,Tchériba,Didie
Boucle du Mouhoun,Mouhoun,Tchériba,Djissasso
Boucle du Mouhoun,Mouhoun,Tchériba,Douroukou
Boucle du Mouhoun,Mouhoun,Tchériba,Etouayou
Boucle du Mouhoun,Mouhoun,Tchériba,Gamadougou
Boucle du Mouhoun,Mouhoun,Tchériba,Kana
Boucle du Mouhoun,Mouhoun,Tchériba,Kari
Boucle du Mouhoun,Mouhoun,Tchériba,Labien
Boucle du Mouhoun,Mouhoun,Tchériba,Lan
Boucle du Mouhoun,Mouhoun,Tchériba,Nerekorosso
Boucle du Mouhoun,Mouhoun,Tchériba,Oualou
Boucle du Mouhoun,Mouhoun,Tchériba,Oualoubié
Boucle du Mouhoun,Mouhoun,Tchériba,Ouezala
Boucle du Mouhoun,Mouhoun,Tchériba,Oula
Boucle du Mouhoun,Mouhoun,Tchériba,Sao
Boucle du Mouhoun,Mouhoun,Tchériba,Sirakélé
Boucle du Mouhoun,Mouhoun,Tchériba,Tchériba
Boucle du Mouhoun,Mouhoun,Tchériba,Tierkou
Boucle du Mouhoun,Mouhoun,Tchériba,Tikan
Boucle du Mouhoun,Mouhoun,Tchériba,Tissé
Boucle du Mouhoun,Mouhoun,Tchériba,Youlou
Boucle du Mouhoun,Mouhoun,Tchériba,Yéyon
Boucle du Mouhoun,Mouhoun,Tchériba,Zehuy
Boucle du Mouhoun,Nayala,Gassan,Balanso
Boucle du Mouhoun,Nayala,Gassan,Dièrè
Boucle du Mouhoun,Nayala,Gassan,Djimbara
Boucle du Mouhoun,Nayala,Gassan,Djin
Boucle du Mouhoun,Nayala,Gassan,Gassan
Boucle du Mouhoun,Nayala,Gassan,Goni
Boucle du Mouhoun,Nayala,Gassan,Korombéré
Boucle du Mouhoun,Nayala,Gassan,Kossé
Boucle du Mouhoun,Nayala,Gassan,Koussiba
Boucle du Mouhoun,Nayala,Gassan,Koussidian
Boucle du Mouhoun,Nayala,Gassan,Laraba
Boucle du Mouhoun,Nayala,Gassan,Larè
Boucle du Mouhoun,Nayala,Gassan,Lesséré
Boucle du Mouhoun,Nayala,Gassan,Léry
Boucle du Mouhoun,Nayala,Gassan,Moara-Grand
Boucle du Mouhoun,Nayala,Gassan,Moara-Petit
Boucle du Mouhoun,Nayala,Gassan,Soni
Boucle du Mouhoun,Nayala,Gassan,Soro
Boucle du Mouhoun,Nayala,Gassan,Soroni
Boucle du Mouhoun,Nayala,Gassan,Tissi
Boucle du Mouhoun,Nayala,Gassan,Toubani
Boucle du Mouhoun,Nayala,Gassan,Téri-Rimaïbé
Boucle du Mouhoun,Nayala,Gassan,Téri-Samo
Boucle du Mouhoun,Nayala,Gassan,Warou
Boucle du Mouhoun,Nayala,Gassan,Zaba
Boucle du Mouhoun,Nayala,Gossina,Bosson
Boucle du Mouhoun,Nayala,Gossina,Boum
Boucle du Mouhoun,Nayala,Gossina,Gossina
Boucle du Mouhoun,Nayala,Gossina,Gouri
Boucle du Mouhoun,Nayala,Gossina,Kalabo
Boucle du Mouhoun,Nayala,Gossina,Koayo
Boucle du Mouhoun,Nayala,Gossina,Kwon
Boucle du Mouhoun,Nayala,Gossina,Lekoun
Boucle du Mouhoun,Nayala,Gossina,Madamao
Boucle du Mouhoun,Nayala,Gossina,Massako
Boucle du Mouhoun,Nayala,Gossina,Naboro
Boucle du Mouhoun,Nayala,Gossina,Nianankoré
Boucle du Mouhoun,Nayala,Gossina,Nyfou
Boucle du Mouhoun,Nayala,Gossina,Sui
Boucle du Mouhoun,Nayala,Gossina,Tandou
Boucle du Mouhoun,Nayala,Gossina,Tarba
Boucle du Mouhoun,Nayala,Gossina,Zelassé
Boucle du Mouhoun,Nayala,Kougny,Goin
Boucle du Mouhoun,Nayala,Kougny,Gounian
Boucle du Mouhoun,Nayala,Kougny,Gouri
Boucle du Mouhoun,Nayala,Kougny,Kamba
Boucle du Mouhoun,Nayala,Kougny,Kibiri
Boucle du Mouhoun,Nayala,Kougny,Kougny
Boucle du Mouhoun,Nayala,Kougny,Niaré
Boucle du Mouhoun,Nayala,Kougny,Nimina
Boucle du Mouhoun,Nayala,Kougny,Sebéré
Boucle du Mouhoun,Nayala,Kougny,Tiouma
Boucle du Mouhoun,Nayala,Toma,Goa
Boucle du Mouhoun,Nayala,Toma,Goussi
Boucle du Mouhoun,Nayala,Toma,Kisson
Boucle du Mouhoun,Nayala,Toma,Koin
Boucle du Mouhoun,Nayala,Toma,Kolan
Boucle du Mouhoun,Nayala,Toma,Konti
Boucle du Mouhoun,Nayala,Toma,Niémé
Boucle du Mouhoun,Nayala,Toma,Nyon
Boucle du Mouhoun,Nayala,Toma,Pankélé
Boucle du Mouhoun,Nayala,Toma,Raotenga
Boucle du Mouhoun,Nayala,Toma,Sawa
Boucle du Mouhoun,Nayala,Toma,Semba
Boucle du Mouhoun,Nayala,Toma,Sien
Boucle du Mouhoun,Nayala,Toma,Siépa
Boucle du Mouhoun,Nayala,Toma,Toma
Boucle du Mouhoun,Nayala,Toma,Tô
Boucle du Mouhoun,Nayala,Toma,Winba
Boucle du Mouhoun,Nayala,Toma,Yayo
Boucle du Mouhoun,Nayala,Toma,Zouma
Boucle du Mouhoun,Nayala,Yaba,Basnéré
Boucle du Mouhoun,Nayala,Yaba,Basseotenga
Boucle du Mouhoun,Nayala,Yaba,Biba
Boucle du Mouhoun,Nayala,Yaba,Bo
Boucle du Mouhoun,Nayala,Yaba,Bondaogtenga
Boucle du Mouhoun,Nayala,Yaba,Bounou
Boucle du Mouhoun,Nayala,Yaba,Doloba
Boucle du Mouhoun,Nayala,Yaba,Issapougo
Boucle du Mouhoun,Nayala,Yaba,Kera
Boucle du Mouhoun,Nayala,Yaba,Koukzandé
Boucle du Mouhoun,Nayala,Yaba,Lah
Boucle du Mouhoun,Nayala,Yaba,Largogo
Boucle du Mouhoun,Nayala,Yaba,Loguin
Boucle du Mouhoun,Nayala,Yaba,Pangogo
Boucle du Mouhoun,Nayala,Yaba,Pasnam
Boucle du Mouhoun,Nayala,Yaba,Sapala
Boucle du Mouhoun,Nayala,Yaba,Saran
Boucle du Mouhoun,Nayala,Yaba,Siellé
Boucle du Mouhoun,Nayala,Yaba,Siena
Boucle du Mouhoun,Nayala,Yaba,Tiema
Boucle du Mouhoun,Nayala,Yaba,Toba
Boucle du Mouhoun,Nayala,Yaba,Tosson
Boucle du Mouhoun,Nayala,Yaba,Yaba
Boucle du Mouhoun,Nayala,Yaba,Zara
Boucle du Mouhoun,Nayala,Yaba,Zaré
Boucle du Mouhoun,Nayala,Yé,Bagnontenga
Boucle du Mouhoun,Nayala,Yé,Bouna
Boucle du Mouhoun,Nayala,Yé,Daman
Boucle du Mouhoun,Nayala,Yé,Doumbassa
Boucle du Mouhoun,Nayala,Yé,Goersa
Boucle du Mouhoun,Nayala,Yé,Kangotenga
Boucle du Mouhoun,Nayala,Yé,Kobé
Boucle du Mouhoun,Nayala,Yé,Mobgowindtenga
Boucle du Mouhoun,Nayala,Yé,Mélou
Boucle du Mouhoun,Nayala,Yé,Nabonswindé
Boucle du Mouhoun,Nayala,Yé,Niandala
Boucle du Mouhoun,Nayala,Yé,Niempourou
Boucle du Mouhoun,Nayala,Yé,Noagtenga
Boucle du Mouhoun,Nayala,Yé,Sankoué
Boucle du Mouhoun,Nayala,Yé,Saoura
Boucle du Mouhoun,Nayala,Yé,Sidikitenga
Boucle du Mouhoun,Nayala,Yé,Siguinvoussé
Boucle du Mouhoun,Nayala,Yé,Tani
Boucle du Mouhoun,Nayala,Yé,Watinoma
Boucle du Mouhoun,Nayala,Yé,Yambatenga
Boucle du Mouhoun,Nayala,Yé,Yé
Boucle du Mouhoun,Sourou,Di,Benkadi
Boucle du Mouhoun,Sourou,Di,Bossé
Boucle du Mouhoun,Sourou,Di,Bouna
Boucle du Mouhoun,Sourou,Di,Di
Boucle du Mouhoun,Sourou,Di,Donon
Boucle du Mouhoun,Sourou,Di,Débé
Boucle du Mouhoun,Sourou,Di,Koromé
Boucle du Mouhoun,Sourou,Di,Lo
Boucle du Mouhoun,Sourou,Di,Niassan
Boucle du Mouhoun,Sourou,Di,Niassari
Boucle du Mouhoun,Sourou,Di,Oué
Boucle du Mouhoun,Sourou,Di,Poro
Boucle du Mouhoun,Sourou,Di,Poura
Boucle du Mouhoun,Sourou,Di,Toma-Ilé
Boucle du Mouhoun,Sourou,Di,Toma-Koura
Boucle du Mouhoun,Sourou,Di,Tourou
Boucle du Mouhoun,Sourou,Di,Touroukoro
Boucle du Mouhoun,Sourou,Gomboro,0
Boucle du Mouhoun,Sourou,Gomboro,Baong Pooré
Boucle du Mouhoun,Sourou,Gomboro,Bassagoulo
Boucle du Mouhoun,Sourou,Gomboro,Bouli
Boucle du Mouhoun,Sourou,Gomboro,Dogna
Boucle du Mouhoun,Sourou,Gomboro,Gala
Boucle du Mouhoun,Sourou,Gomboro,Ganagoulo
Boucle du Mouhoun,Sourou,Gomboro,Gani
Boucle du Mouhoun,Sourou,Gomboro,Gomboro
Boucle du Mouhoun,Sourou,Gomboro,Guessoum-Ouéllé
Boucle du Mouhoun,Sourou,Gomboro,Konga
Boucle du Mouhoun,Sourou,Gomboro,Sia
Boucle du Mouhoun,Sourou,Gomboro,Talbayiri
Boucle du Mouhoun,Sourou,Kassoum,Ban
Boucle du Mouhoun,Sourou,Kassoum,Bangassi
Boucle du Mouhoun,Sourou,Kassoum,Bao
Boucle du Mouhoun,Sourou,Kassoum,Bassan
Boucle du Mouhoun,Sourou,Kassoum,Bonro
Boucle du Mouhoun,Sourou,Kassoum,Bourgou
Boucle du Mouhoun,Sourou,Kassoum,Daré
Boucle du Mouhoun,Sourou,Kassoum,Dialla
Boucle du Mouhoun,Sourou,Kassoum,Dian
Boucle du Mouhoun,Sourou,Kassoum,Dianra
Boucle du Mouhoun,Sourou,Kassoum,Diélé
Boucle du Mouhoun,Sourou,Kassoum,Douban
Boucle du Mouhoun,Sourou,Kassoum,Doussoula
Boucle du Mouhoun,Sourou,Kassoum,Kankani
Boucle du Mouhoun,Sourou,Kassoum,Kassoum
Boucle du Mouhoun,Sourou,Kassoum,Koulara
Boucle du Mouhoun,Sourou,Kassoum,Kourani
Boucle du Mouhoun,Sourou,Kassoum,Mara-Grand
Boucle du Mouhoun,Sourou,Kassoum,Mara-Petit
Boucle du Mouhoun,Sourou,Kassoum,Naré
Boucle du Mouhoun,Sourou,Kassoum,Ninlare
Boucle du Mouhoun,Sourou,Kassoum,Ourkoum
Boucle du Mouhoun,Sourou,Kassoum,Pini
Boucle du Mouhoun,Sourou,Kassoum,Sorona
Boucle du Mouhoun,Sourou,Kassoum,Soumara-Boumba
Boucle du Mouhoun,Sourou,Kassoum,Soumarani
Boucle du Mouhoun,Sourou,Kassoum,Tani
Boucle du Mouhoun,Sourou,Kassoum,Tianra
Boucle du Mouhoun,Sourou,Kassoum,Tiao
Boucle du Mouhoun,Sourou,Kassoum,Toeré
Boucle du Mouhoun,Sourou,Kassoum,Tombila
Boucle du Mouhoun,Sourou,Kassoum,Torosso
Boucle du Mouhoun,Sourou,Kassoum,Toungourou
Boucle du Mouhoun,Sourou,Kassoum,Wawara
Boucle du Mouhoun,Sourou,Kassoum,Yo
Boucle du Mouhoun,Sourou,Kiembara,Bambara
Boucle du Mouhoun,Sourou,Kiembara,Bangassogo
Boucle du Mouhoun,Sourou,Kiembara,Bissiri
Boucle du Mouhoun,Sourou,Kiembara,Danouin
Boucle du Mouhoun,Sourou,Kiembara,Dio
Boucle du Mouhoun,Sourou,Kiembara,Gan
Boucle du Mouhoun,Sourou,Kiembara,Gorgaré
Boucle du Mouhoun,Sourou,Kiembara,Goueré
Boucle du Mouhoun,Sourou,Kiembara,Gouloumani
Boucle du Mouhoun,Sourou,Kiembara,Gouyalé
Boucle du Mouhoun,Sourou,Kiembara,Kiembara
Boucle du Mouhoun,Sourou,Kiembara,Kiraïtenga
Boucle du Mouhoun,Sourou,Kiembara,Kirio
Boucle du Mouhoun,Sourou,Kiembara,Kouygoulo
Boucle du Mouhoun,Sourou,Kiembara,Niassono
Boucle du Mouhoun,Sourou,Kiembara,Ouéllé
Boucle du Mouhoun,Sourou,Kiembara,Siguinogoe
Boucle du Mouhoun,Sourou,Kiembara,Sissile
Boucle du Mouhoun,Sourou,Kiembara,Zabo
Boucle du Mouhoun,Sourou,Lanfièra,Bissan
Boucle du Mouhoun,Sourou,Lanfièra,Doule
Boucle du Mouhoun,Sourou,Lanfièra,Gouran
Boucle du Mouhoun,Sourou,Lanfièra,Kamina
Boucle du Mouhoun,Sourou,Lanfièra,Koumbara
Boucle du Mouhoun,Sourou,Lanfièra,Lanfièra
Boucle du Mouhoun,Sourou,Lanfièra,Nion
Boucle du Mouhoun,Sourou,Lanfièra,Toumani
Boucle du Mouhoun,Sourou,Lanfièra,Wéré
Boucle du Mouhoun,Sourou,Lanfièra,Yaran
Boucle du Mouhoun,Sourou,Lanfièra,Yayo
Boucle du Mouhoun,Sourou,Lankoué,Gourbala
Boucle du Mouhoun,Sourou,Lankoué,Gourbassa
Boucle du Mouhoun,Sourou,Lankoué,Komyargo
Boucle du Mouhoun,Sourou,Lankoué,Lankoué
Boucle du Mouhoun,Sourou,Lankoué,Ouori
Boucle du Mouhoun,Sourou,Lankoué,Peterkoué
Boucle du Mouhoun,Sourou,Lankoué,Rassouly
Boucle du Mouhoun,Sourou,Lankoué,Tourouba
Boucle du Mouhoun,Sourou,Tougan,Basbatenga
Boucle du Mouhoun,Sourou,Tougan,Boaré
Boucle du Mouhoun,Sourou,Tougan,Bompela
Boucle du Mouhoun,Sourou,Tougan,Bompéla
Boucle du Mouhoun,Sourou,Tougan,Bonou
Boucle du Mouhoun,Sourou,Tougan,Boussoum
Boucle du Mouhoun,Sourou,Tougan,Da
Boucle du Mouhoun,Sourou,Tougan,Daka
Boucle du Mouhoun,Sourou,Tougan,Dalo
Boucle du Mouhoun,Sourou,Tougan,Dimboro
Boucle du Mouhoun,Sourou,Tougan,Diouroum
Boucle du Mouhoun,Sourou,Tougan,Dissi
Boucle du Mouhoun,Sourou,Tougan,Gonon
Boucle du Mouhoun,Sourou,Tougan,Gorombouli
Boucle du Mouhoun,Sourou,Tougan,Goron
Boucle du Mouhoun,Sourou,Tougan,Gosson
Boucle du Mouhoun,Sourou,Tougan,Guimou
Boucle du Mouhoun,Sourou,Tougan,Kaoré
Boucle du Mouhoun,Sourou,Tougan,Kassan
Boucle du Mouhoun,Sourou,Tougan,Kawara
Boucle du Mouhoun,Sourou,Tougan,Kirstenga
Boucle du Mouhoun,Sourou,Tougan,Kouy
Boucle du Mouhoun,Sourou,Tougan,Largogo
Boucle du Mouhoun,Sourou,Tougan,Namassa
Boucle du Mouhoun,Sourou,Tougan,Nassan
Boucle du Mouhoun,Sourou,Tougan,Niankore
Boucle du Mouhoun,Sourou,Tougan,Panian
Boucle du Mouhoun,Sourou,Tougan,Papalé
Boucle du Mouhoun,Sourou,Tougan,Sissile
Boucle du Mouhoun,Sourou,Tougan,Toaga
Boucle du Mouhoun,Sourou,Tougan,Touare
Boucle du Mouhoun,Sourou,Tougan,Tougan
Boucle du Mouhoun,Sourou,Tougan,Toungare
Boucle du Mouhoun,Sourou,Tougan,Wattinoma
Boucle du Mouhoun,Sourou,Tougan,Yeguere
Boucle du Mouhoun,Sourou,Tougan,Zizin
Boucle du Mouhoun,Sourou,Toéni,Benkadi
Boucle du Mouhoun,Sourou,Toéni,Boussouré
Boucle du Mouhoun,Sourou,Toéni,Dagalé
Boucle du Mouhoun,Sourou,Toéni,Domoni
Boucle du Mouhoun,Sourou,Toéni,Dounkou
Boucle du Mouhoun,Sourou,Toéni,Ganagoulo
Boucle du Mouhoun,Sourou,Toéni,Gome
Boucle du Mouhoun,Sourou,Toéni,Gon
Boucle du Mouhoun,Sourou,Toéni,Kanega
Boucle du Mouhoun,Sourou,Toéni,Koreguere
Boucle du Mouhoun,Sourou,Toéni,Kwaremenguel
Boucle du Mouhoun,Sourou,Toéni,Kwaretocksel
Boucle du Mouhoun,Sourou,Toéni,Loroni (Pérèga-Yarin)
Boucle du Mouhoun,Sourou,Toéni,Louta
Boucle du Mouhoun,Sourou,Toéni,Manga (Sanghai)
Boucle du Mouhoun,Sourou,Toéni,Nehourou
Boucle du Mouhoun,Sourou,Toéni,Ouargaye
Boucle du Mouhoun,Sourou,Toéni,Ouorou
Boucle du Mouhoun,Sourou,Toéni,Pérèga
Boucle du Mouhoun,Sourou,Toéni,Sanga
Boucle du Mouhoun,Sourou,Toéni,Sanghai
Boucle du Mouhoun,Sourou,Toéni,Santelma
Boucle du Mouhoun,Sourou,Toéni,Sané
Boucle du Mouhoun,Sourou,Toéni,Seme
Boucle du Mouhoun,Sourou,Toéni,Sindie
Boucle du Mouhoun,Sourou,Toéni,Soro
Boucle du Mouhoun,Sourou,Toéni,Toéni
Boucle du Mouhoun,Sourou,Toéni,Yansa Gonion
Boucle du Mouhoun,Sourou,Toéni,Yarin
Cascades,Comoé,Banfora,Baboro
Cascades,Comoé,Banfora,Banfora
Cascades,Comoé,Banfora,Bodadiougou
Cascades,Comoé,Banfora,Bombora
Cascades,Comoé,Banfora,Bounouna
Cascades,Comoé,Banfora,Diarabakoko
Cascades,Comoé,Banfora,Diongolo
Cascades,Comoé,Banfora,Dionouna
Cascades,Comoé,Banfora,Karfiguela
Cascades,Comoé,Banfora,Katimara
Cascades,Comoé,Banfora,Kitobama
Cascades,Comoé,Banfora,Koassara
Cascades,Comoé,Banfora,Korokora
Cascades,Comoé,Banfora,Lemourdougou
Cascades,Comoé,Banfora,Marebama
Cascades,Comoé,Banfora,Niankar
Cascades,Comoé,Banfora,Niarebama
Cascades,Comoé,Banfora,Nékanklou
Cascades,Comoé,Banfora,Siniena
Cascades,Comoé,Banfora,Sitiena
Cascades,Comoé,Banfora,Société Sucrière
Cascades,Comoé,Banfora,Tangora
Cascades,Comoé,Banfora,Tengrela
Cascades,Comoé,Banfora,Tiekouna
Cascades,Comoé,Banfora,Tiempagora
Cascades,Comoé,Banfora,Tionouna
Cascades,Comoé,Banfora,Tiontionmana
Cascades,Comoé,Banfora,Toumousseni
Cascades,Comoé,Banfora,Tyinkolé
Cascades,Comoé,Bérégadougou,Bérégadougou
Cascades,Comoé,Bérégadougou,Cité SOSUCO
Cascades,Comoé,Bérégadougou,Fabedougou
Cascades,Comoé,Bérégadougou,Malon
Cascades,Comoé,Bérégadougou,Mintéré
Cascades,Comoé,Bérégadougou,Serefedougou
Cascades,Comoé,Bérégadougou,Taka Ledougou-Koko
Cascades,Comoé,Mangodara,Banakelesso
Cascades,Comoé,Mangodara,Bondokoro-Dioula
Cascades,Comoé,Mangodara,Bondokoro-Dogossé
Cascades,Comoé,Mangodara,Bounouba
Cascades,Comoé,Mangodara,Bouroutou
Cascades,Comoé,Mangodara,Dabokiri
Cascades,Comoé,Mangodara,Danbélédougou
Cascades,Comoé,Mangodara,Dandougou
Cascades,Comoé,Mangodara,Diaradougou
Cascades,Comoé,Mangodara,Diarakorosso
Cascades,Comoé,Mangodara,Diaya
Cascades,Comoé,Mangodara,Diomanidougou
Cascades,Comoé,Mangodara,Farakorosso
Cascades,Comoé,Mangodara,Ganso
Cascades,Comoé,Mangodara,Gnaminadougou
Cascades,Comoé,Mangodara,Gontiedougou
Cascades,Comoé,Mangodara,Kando
Cascades,Comoé,Mangodara,Koflande
Cascades,Comoé,Mangodara,Koualindièye
Cascades,Comoé,Mangodara,Larabin
Cascades,Comoé,Mangodara,Linguekoro
Cascades,Comoé,Mangodara,Logogniegue
Cascades,Comoé,Mangodara,Madiasso
Cascades,Comoé,Mangodara,Mangodara
Cascades,Comoé,Mangodara,Massade-Yirikoro
Cascades,Comoé,Mangodara,Mouroukoudougou
Cascades,Comoé,Mangodara,Nerekorosso
Cascades,Comoé,Mangodara,Niamango
Cascades,Comoé,Mangodara,Niambrigo
Cascades,Comoé,Mangodara,Noumoutiedougou
Cascades,Comoé,Mangodara,Sakedougou
Cascades,Comoé,Mangodara,Sirakoro
Cascades,Comoé,Mangodara,Sokoura 1
Cascades,Comoé,Mangodara,Sokoura 2
Cascades,Comoé,Mangodara,Tiebata
Cascades,Comoé,Mangodara,Tomikorosso
Cascades,Comoé,Mangodara,Torandougou
Cascades,Comoé,Mangodara,Touroukoro
Cascades,Comoé,Moussodougou,Diamon
Cascades,Comoé,Moussodougou,Kolokolo
Cascades,Comoé,Moussodougou,Mondon
Cascades,Comoé,Moussodougou,Moussodougou
Cascades,Comoé,Niangoloko,Boko
Cascades,Comoé,Niangoloko,Bougra
Cascades,Comoé,Niangoloko,Dangouindougou
Cascades,Comoé,Niangoloko,Diakora
Cascades,Comoé,Niangoloko,Dialé
Cascades,Comoé,Niangoloko,Diandioura
Cascades,Comoé,Niangoloko,Diefoula
Cascades,Comoé,Niangoloko,Dounougou
Cascades,Comoé,Niangoloko,Folonzo
Cascades,Comoé,Niangoloko,Kakoumana
Cascades,Comoé,Niangoloko,Karaborosso
Cascades,Comoé,Niangoloko,Kimini
Cascades,Comoé,Niangoloko,Koutoura
Cascades,Comoé,Niangoloko,Mitieridougou
Cascades,Comoé,Niangoloko,Niangoloko
Cascades,Comoé,Niangoloko,Nofesso
Cascades,Comoé,Niangoloko,Noumousso
Cascades,Comoé,Niangoloko,Ouangolodougou
Cascades,Comoé,Niangoloko,Sokorani
Cascades,Comoé,Niangoloko,Tierkora
Cascades,Comoé,Niangoloko,Timperba
Cascades,Comoé,Niangoloko,Tiéradéni
Cascades,Comoé,Niangoloko,Toundoura
Cascades,Comoé,Niangoloko,Yendere
Cascades,Comoé,Ouô,Balgogo
Cascades,Comoé,Ouô,Banatomo
Cascades,Comoé,Ouô,Banntou
Cascades,Comoé,Ouô,Bawé
Cascades,Comoé,Ouô,Beguele
Cascades,Comoé,Ouô,Bini
Cascades,Comoé,Ouô,Bourgo
Cascades,Comoé,Ouô,Bèrèdo
Cascades,Comoé,Ouô,Dagayan
Cascades,Comoé,Ouô,Dagninikorosso
Cascades,Comoé,Ouô,Danyini
Cascades,Comoé,Ouô,Dapala
Cascades,Comoé,Ouô,Dibi
Cascades,Comoé,Ouô,Dougoulinguié
Cascades,Comoé,Ouô,Farakoro
Cascades,Comoé,Ouô,Gangasse
Cascades,Comoé,Ouô,Gonga
Cascades,Comoé,Ouô,Gouadougou
Cascades,Comoé,Ouô,Gowéye
Cascades,Comoé,Ouô,Guedanga
Cascades,Comoé,Ouô,Guinakongoli
Cascades,Comoé,Ouô,Guinye
Cascades,Comoé,Ouô,Inzélé
Cascades,Comoé,Ouô,Kagassé
Cascades,Comoé,Ouô,Karanka
Cascades,Comoé,Ouô,Kassité
Cascades,Comoé,Ouô,Kaïkan
Cascades,Comoé,Ouô,Kien
Cascades,Comoé,Ouô,Kipouaye
Cascades,Comoé,Ouô,Konamissé
Cascades,Comoé,Ouô,Kongohouro
Cascades,Comoé,Ouô,Kongolikoro
Cascades,Comoé,Ouô,Kpala
Cascades,Comoé,Ouô,Kpouwé
Cascades,Comoé,Ouô,K’poum
Cascades,Comoé,Ouô,Linguékoro
Cascades,Comoé,Ouô,Logué
Cascades,Comoé,Ouô,Léguéla
Cascades,Comoé,Ouô,Mado
Cascades,Comoé,Ouô,Minsé
Cascades,Comoé,Ouô,N'golofesso
Cascades,Comoé,Ouô,Nerkedaga
Cascades,Comoé,Ouô,Norkama
Cascades,Comoé,Ouô,Omi
Cascades,Comoé,Ouô,Ouo
Cascades,Comoé,Ouô,Pambie-Sokoura
Cascades,Comoé,Ouô,Pirpirliké
Cascades,Comoé,Ouô,Poikoro
Cascades,Comoé,Ouô,Safia
Cascades,Comoé,Ouô,Sassamba
Cascades,Comoé,Ouô,Siekoro
Cascades,Comoé,Ouô,Sirakoro
Cascades,Comoé,Ouô,Sokourani
Cascades,Comoé,Ouô,Soucie
Cascades,Comoé,Ouô,Tamangoro
Cascades,Comoé,Ouô,Tatakouélé
Cascades,Comoé,Ouô,Toukoro
Cascades,Comoé,Sidéradougou,Adikou
Cascades,Comoé,Sidéradougou,Bade
Cascades,Comoé,Sidéradougou,Badougou
Cascades,Comoé,Sidéradougou,Bagote
Cascades,Comoé,Sidéradougou,Bamadinga
Cascades,Comoé,Sidéradougou,Banagourou
Cascades,Comoé,Sidéradougou,Banakoro
Cascades,Comoé,Sidéradougou,Bate
Cascades,Comoé,Sidéradougou,Bawé
Cascades,Comoé,Sidéradougou,Bié
Cascades,Comoé,Sidéradougou,Boborola
Cascades,Comoé,Sidéradougou,Bossie
Cascades,Comoé,Sidéradougou,Bouara
Cascades,Comoé,Sidéradougou,Bougoula
Cascades,Comoé,Sidéradougou,Bougousso
Cascades,Comoé,Sidéradougou,Bouinibouè
Cascades,Comoé,Sidéradougou,Dagnini
Cascades,Comoé,Sidéradougou,Dahon
Cascades,Comoé,Sidéradougou,Dalamba
Cascades,Comoé,Sidéradougou,Dalamba 2
Cascades,Comoé,Sidéradougou,Dandougou
Cascades,Comoé,Sidéradougou,Dayini
Cascades,Comoé,Sidéradougou,Degue-Degue
Cascades,Comoé,Sidéradougou,Deregoue 1
Cascades,Comoé,Sidéradougou,Deregoue 2
Cascades,Comoé,Sidéradougou,Diaga
Cascades,Comoé,Sidéradougou,Dialakoro
Cascades,Comoé,Sidéradougou,Diarakoro
Cascades,Comoé,Sidéradougou,Dierisso
Cascades,Comoé,Sidéradougou,Djanga
Cascades,Comoé,Sidéradougou,Djassa
Cascades,Comoé,Sidéradougou,Dogoma
Cascades,Comoé,Sidéradougou,Donfara
Cascades,Comoé,Sidéradougou,Doutie
Cascades,Comoé,Sidéradougou,Doutingué
Cascades,Comoé,Sidéradougou,Faradeni
Cascades,Comoé,Sidéradougou,Faradjan
Cascades,Comoé,Sidéradougou,Faradèni
Cascades,Comoé,Sidéradougou,Farakorodéni
Cascades,Comoé,Sidéradougou,Fougangbé (Panboué)
Cascades,Comoé,Sidéradougou,Fougangoue
Cascades,Comoé,Sidéradougou,Garafourou
Cascades,Comoé,Sidéradougou,Garatouba
Cascades,Comoé,Sidéradougou,Gouandougou
Cascades,Comoé,Sidéradougou,Gouin-Gouin
Cascades,Comoé,Sidéradougou,Guibé
Cascades,Comoé,Sidéradougou,Irikourounko
Cascades,Comoé,Sidéradougou,Kadio
Cascades,Comoé,Sidéradougou,Kapoanga 1
Cascades,Comoé,Sidéradougou,Kapongouan
Cascades,Comoé,Sidéradougou,Kapotron
Cascades,Comoé,Sidéradougou,Kassande
Cascades,Comoé,Sidéradougou,Kassandé
Cascades,Comoé,Sidéradougou,Kerenko
Cascades,Comoé,Sidéradougou,Kogan
Cascades,Comoé,Sidéradougou,Kogoue
Cascades,Comoé,Sidéradougou,Kokanko
Cascades,Comoé,Sidéradougou,Kokoun
Cascades,Comoé,Sidéradougou,Konkan
Cascades,Comoé,Sidéradougou,Kotokoro
Cascades,Comoé,Sidéradougou,Kotou
Cascades,Comoé,Sidéradougou,Kotougouni
Cascades,Comoé,Sidéradougou,Kouendi
Cascades,Comoé,Sidéradougou,Koumba
Cascades,Comoé,Sidéradougou,Kouroukouè
Cascades,Comoé,Sidéradougou,Kouéré
Cascades,Comoé,Sidéradougou,Manifèle
Cascades,Comoé,Sidéradougou,Natiera
Cascades,Comoé,Sidéradougou,Nematoulay
Cascades,Comoé,Sidéradougou,Nongondougou
Cascades,Comoé,Sidéradougou,Noumousso
Cascades,Comoé,Sidéradougou,Pima
Cascades,Comoé,Sidéradougou,Saganako
Cascades,Comoé,Sidéradougou,Sambadeni
Cascades,Comoé,Sidéradougou,Sampobien
Cascades,Comoé,Sidéradougou,Sansamé
Cascades,Comoé,Sidéradougou,Sidéradougou
Cascades,Comoé,Sidéradougou,Siguéléndara
Cascades,Comoé,Sidéradougou,Sirakogomatomo
Cascades,Comoé,Sidéradougou,Sokoura
Cascades,Comoé,Sidéradougou,Soumani
Cascades,Comoé,Sidéradougou,Sourkoutomo
Cascades,Comoé,Sidéradougou,Tagongo
Cascades,Comoé,Sidéradougou,Tambadé
Cascades,Comoé,Sidéradougou,Tanga
Cascades,Comoé,Sidéradougou,Tarankoué
Cascades,Comoé,Sidéradougou,Tiefindougou
Cascades,Comoé,Sidéradougou,Tiemogougou
Cascades,Comoé,Sidéradougou,Tomoba
Cascades,Comoé,Sidéradougou,Tomodjan
Cascades,Comoé,Sidéradougou,Torkondougou
Cascades,Comoé,Sidéradougou,Toukaratomba
Cascades,Comoé,Sidéradougou,Tounoumba
Cascades,Comoé,Sidéradougou,Woroflatoun
Cascades,Comoé,Sidéradougou,Woyo
Cascades,Comoé,Sidéradougou,Yade
Cascades,Comoé,Sidéradougou,Yado
Cascades,Comoé,Sidéradougou,Yadé
Cascades,Comoé,Sidéradougou,Zangazoli
Cascades,Comoé,Soubakaniédougou,Badara
Cascades,Comoé,Soubakaniédougou,Baniagara
Cascades,Comoé,Soubakaniédougou,Damana
Cascades,Comoé,Soubakaniédougou,Dougoudioulama
Cascades,Comoé,Soubakaniédougou,Fornofesso
Cascades,Comoé,Soubakaniédougou,Gouera
Cascades,Comoé,Soubakaniédougou,Gouindougouba
Cascades,Comoé,Soubakaniédougou,Gouindougouni
Cascades,Comoé,Soubakaniédougou,Karangasso
Cascades,Comoé,Soubakaniédougou,Katierla
Cascades,Comoé,Soubakaniédougou,Letiefesso
Cascades,Comoé,Soubakaniédougou,Mambire
Cascades,Comoé,Soubakaniédougou,Nafona
Cascades,Comoé,Soubakaniédougou,Niamiadougou
Cascades,Comoé,Soubakaniédougou,Panga
Cascades,Comoé,Soubakaniédougou,Pangadéni
Cascades,Comoé,Soubakaniédougou,Soubakaniédougou
Cascades,Comoé,Soubakaniédougou,Taniana
Cascades,Comoé,Soubakaniédougou,Télédougou
Cascades,Comoé,Soubakaniédougou,Ziedougou
Cascades,Comoé,Tiéfora,Badio
Cascades,Comoé,Tiéfora,Bamako
Cascades,Comoé,Tiéfora,Biton
Cascades,Comoé,Tiéfora,Bogodara
Cascades,Comoé,Tiéfora,Bondorola
Cascades,Comoé,Tiéfora,Boulo
Cascades,Comoé,Tiéfora,Boussanra 1
Cascades,Comoé,Tiéfora,Boussanra Brousse
Cascades,Comoé,Tiéfora,Diandoro
Cascades,Comoé,Tiéfora,Dramandougou
Cascades,Comoé,Tiéfora,Fandiora
Cascades,Comoé,Tiéfora,Finkéré
Cascades,Comoé,Tiéfora,Houetiara
Cascades,Comoé,Tiéfora,Kangounaba
Cascades,Comoé,Tiéfora,Kangounadeni
Cascades,Comoé,Tiéfora,Kiadèra
Cascades,Comoé,Tiéfora,Labola
Cascades,Comoé,Tiéfora,Labola Foukara
Cascades,Comoé,Tiéfora,Labola Kassianra
Cascades,Comoé,Tiéfora,Labola Koumoussanra
Cascades,Comoé,Tiéfora,Labola Nambalfo
Cascades,Comoé,Tiéfora,Labola Sankrala
Cascades,Comoé,Tiéfora,Libora
Cascades,Comoé,Tiéfora,Loubora
Cascades,Comoé,Tiéfora,Moussoumourou
Cascades,Comoé,Tiéfora,Nadrifa
Cascades,Comoé,Tiéfora,Namandia
Cascades,Comoé,Tiéfora,Naniagara
Cascades,Comoé,Tiéfora,Proufon
Cascades,Comoé,Tiéfora,Sakora
Cascades,Comoé,Tiéfora,Sangora
Cascades,Comoé,Tiéfora,Sankara
Cascades,Comoé,Tiéfora,Santerna
Cascades,Comoé,Tiéfora,Saterna
Cascades,Comoé,Tiéfora,Sikané
Cascades,Comoé,Tiéfora,Sokoura
Cascades,Comoé,Tiéfora,Sounougou
Cascades,Comoé,Tiéfora,Tiéfora
Cascades,Comoé,Tiéfora,Troufon
Cascades,Comoé,Tiéfora,Yabasso
Cascades,Léraba,Dakôrô,Dakoro
Cascades,Léraba,Dakôrô,Diérisso
Cascades,Léraba,Dakôrô,Kasseguera
Cascades,Léraba,Dakôrô,Katiala
Cascades,Léraba,Dakôrô,Lemagara
Cascades,Léraba,Dakôrô,Moadougou
Cascades,Léraba,Dakôrô,Nadéra
Cascades,Léraba,Dakôrô,Sanié
Cascades,Léraba,Douna,Douna
Cascades,Léraba,Douna,Golona
Cascades,Léraba,Douna,Manema
Cascades,Léraba,Douna,Monsona
Cascades,Léraba,Douna,Niofila
Cascades,Léraba,Douna,Sabaribougou
Cascades,Léraba,Douna,Tassona
Cascades,Léraba,Kankalaba,Bougoula
Cascades,Léraba,Kankalaba,Dagban
Cascades,Léraba,Kankalaba,Diali
Cascades,Léraba,Kankalaba,Dionso
Cascades,Léraba,Kankalaba,Fassaladougou
Cascades,Léraba,Kankalaba,Kabilé
Cascades,Léraba,Kankalaba,Kaniagara
Cascades,Léraba,Kankalaba,Kankalaba
Cascades,Léraba,Kankalaba,Kapéré
Cascades,Léraba,Kankalaba,Kayéré
Cascades,Léraba,Kankalaba,Kolasso
Cascades,Léraba,Kankalaba,Naléra
Cascades,Léraba,Kankalaba,Nangodougou
Cascades,Léraba,Kankalaba,Napindougou
Cascades,Léraba,Kankalaba,Niangorora
Cascades,Léraba,Kankalaba,Niantono
Cascades,Léraba,Loumana,Baguera
Cascades,Léraba,Loumana,Bledougou
Cascades,Léraba,Loumana,Cissegue
Cascades,Léraba,Loumana,Faon
Cascades,Léraba,Loumana,Farniagara
Cascades,Léraba,Loumana,Kafina
Cascades,Léraba,Loumana,Kangoura
Cascades,Léraba,Loumana,Kinkinka
Cascades,Léraba,Loumana,Koko
Cascades,Léraba,Loumana,Lera
Cascades,Léraba,Loumana,Loukouara
Cascades,Léraba,Loumana,Loumana
Cascades,Léraba,Loumana,Negueni
Cascades,Léraba,Loumana,Niansogoni
Cascades,Léraba,Loumana,Noussoun
Cascades,Léraba,Loumana,Ouahirmabougou
Cascades,Léraba,Loumana,Outourou
Cascades,Léraba,Loumana,Sourani
Cascades,Léraba,Loumana,Tamassari
Cascades,Léraba,Loumana,Yétolo
Cascades,Léraba,Niankôrôdougou,Bassoungoro
Cascades,Léraba,Niankôrôdougou,Bavigué-Ka
Cascades,Léraba,Niankôrôdougou,Belka
Cascades,Léraba,Niankôrôdougou,Blesso
Cascades,Léraba,Niankôrôdougou,Bozogo
Cascades,Léraba,Niankôrôdougou,Djondougou
Cascades,Léraba,Niankôrôdougou,Fourkoura
Cascades,Léraba,Niankôrôdougou,Kagbogora
Cascades,Léraba,Niankôrôdougou,Katolo
Cascades,Léraba,Niankôrôdougou,Kawolo
Cascades,Léraba,Niankôrôdougou,Nadjengoala
Cascades,Léraba,Niankôrôdougou,Naguélédougou
Cascades,Léraba,Niankôrôdougou,Nangolo
Cascades,Léraba,Niankôrôdougou,Nerfindougou
Cascades,Léraba,Niankôrôdougou,Ngolokaha
Cascades,Léraba,Niankôrôdougou,Niankorodougou
Cascades,Léraba,Niankôrôdougou,Niéllébévogo
Cascades,Léraba,Niankôrôdougou,Nogbélékaha
Cascades,Léraba,Niankôrôdougou,Ouahirobougou
Cascades,Léraba,Niankôrôdougou,Salentene
Cascades,Léraba,Niankôrôdougou,Tagouassoni
Cascades,Léraba,Niankôrôdougou,Woulakâ
Cascades,Léraba,Niankôrôdougou,Yansoumabougou
Cascades,Léraba,Niankôrôdougou,Zagouka
Cascades,Léraba,Niankôrôdougou,"Zegnedougou (Woulakâ, Yansoumabougou)"
Cascades,Léraba,Ouéléni,Bebougou
Cascades,Léraba,Ouéléni,Botogo
Cascades,Léraba,Ouéléni,Dioufourmou
Cascades,Léraba,Ouéléni,Fitiguidiassa
Cascades,Léraba,Ouéléni,Foloni
Cascades,Léraba,Ouéléni,Gorongo
Cascades,Léraba,Ouéléni,Gouassa
Cascades,Léraba,Ouéléni,Kamidougou
Cascades,Léraba,Ouéléni,Kinga
Cascades,Léraba,Ouéléni,Kobadah
Cascades,Léraba,Ouéléni,Lamoussa Diassa
Cascades,Léraba,Ouéléni,Namboena
Cascades,Léraba,Ouéléni,Niogo
Cascades,Léraba,Ouéléni,Outila
Cascades,Léraba,Ouéléni,Ouéleni
Cascades,Léraba,Ouéléni,Pelignan
Cascades,Léraba,Ouéléni,Sarkandiala
Cascades,Léraba,Ouéléni,Sele
Cascades,Léraba,Ouéléni,Sountourkou
Cascades,Léraba,Ouéléni,Sébon
Cascades,Léraba,Ouéléni,Tena
Cascades,Léraba,Ouéléni,Tiongo
Cascades,Léraba,Sindou,Dinaoro
Cascades,Léraba,Sindou,Fafasso
Cascades,Léraba,Sindou,Kangoura
Cascades,Léraba,Sindou,Kawara
Cascades,Léraba,Sindou,Konandougou
Cascades,Léraba,Sindou,Monsonon
Cascades,Léraba,Sindou,M’para
Cascades,Léraba,Sindou,M’pogona
Cascades,Léraba,Sindou,Sindou
Cascades,Léraba,Sindou,Sindoukorony
Cascades,Léraba,Sindou,Timba
Cascades,Léraba,Sindou,Tourny
Cascades,Léraba,Wolonkoto,Malon
Cascades,Léraba,Wolonkoto,Wolonkoto
Centre,Kadiogo,Komki-Ipala,Baragho
Centre,Kadiogo,Komki-Ipala,Komki-Ipala
Centre,Kadiogo,Komki-Ipala,Komki-Peulh
Centre,Kadiogo,Komki-Ipala,Kossodo
Centre,Kadiogo,Komki-Ipala,Lao
Centre,Kadiogo,Komki-Ipala,Lao-Peulh
Centre,Kadiogo,Komki-Ipala,Lemnogo
Centre,Kadiogo,Komki-Ipala,Lougbisse
Centre,Kadiogo,Komki-Ipala,Nabelin
Centre,Kadiogo,Komki-Ipala,Sogue
Centre,Kadiogo,Komki-Ipala,Tampoussoumdi
Centre,Kadiogo,Komki-Ipala,Tintilou
Centre,Kadiogo,Komki-Ipala,Toezouri
Centre,Kadiogo,Komki-Ipala,Viou
Centre,Kadiogo,Komki-Ipala,Vipalogho
Centre,Kadiogo,Komki-Ipala,Wobzougou (Wobzougou 1)
Centre,Kadiogo,Komki-Ipala,Wobzougou 2
Centre,Kadiogo,Komki-Ipala,Yaoghin
Centre,Kadiogo,Komsilga,Bagtogdo
Centre,Kadiogo,Komsilga,Bangma
Centre,Kadiogo,Komsilga,Bassemyam
Centre,Kadiogo,Komsilga,Boulbi
Centre,Kadiogo,Komsilga,Dawanegomde
Centre,Kadiogo,Komsilga,Dayoubsi
Centre,Kadiogo,Komsilga,Garghin
Centre,Kadiogo,Komsilga,Goby
Centre,Kadiogo,Komsilga,Gonsé
Centre,Kadiogo,Komsilga,Googho
Centre,Kadiogo,Komsilga,Goumsi
Centre,Kadiogo,Komsilga,Guipo
Centre,Kadiogo,Komsilga,Jourès Ouidi
Centre,Kadiogo,Komsilga,Kagtoudin
Centre,Kadiogo,Komsilga,Kalzi
Centre,Kadiogo,Komsilga,Kamsaontinga
Centre,Kadiogo,Komsilga,Kienfangué
Centre,Kadiogo,Komsilga,Kieryaoghin
Centre,Kadiogo,Komsilga,Koanken
Centre,Kadiogo,Komsilga,Kogononghin
Centre,Kadiogo,Komsilga,Kolokom
Centre,Kadiogo,Komsilga,Komsilga
Centre,Kadiogo,Komsilga,Lado
Centre,Kadiogo,Komsilga,Lalma
Centre,Kadiogo,Komsilga,Lilbouré
Centre,Kadiogo,Komsilga,Nabayiri
Centre,Kadiogo,Komsilga,Nabitenga
Centre,Kadiogo,Komsilga,Pamnonghin
Centre,Kadiogo,Komsilga,Poessin
Centre,Kadiogo,Komsilga,Ponsomtinga
Centre,Kadiogo,Komsilga,Rawilgué
Centre,Kadiogo,Komsilga,Sabtoana
Centre,Kadiogo,Komsilga,Samben
Centre,Kadiogo,Komsilga,Saonré
Centre,Kadiogo,Komsilga,Silmissin
Centre,Kadiogo,Komsilga,Sindgin
Centre,Kadiogo,Komsilga,Talfomenga
Centre,Kadiogo,Komsilga,Tampouy
Centre,Kadiogo,Komsilga,Tang-Sega
Centre,Kadiogo,Komsilga,Tansega
Centre,Kadiogo,Komsilga,Tiguindalgue
Centre,Kadiogo,Komsilga,Tingandogo
Centre,Kadiogo,Komsilga,Toeghin
Centre,Kadiogo,Komsilga,Toeghin-Peulh
Centre,Kadiogo,Komsilga,Vaagogho
Centre,Kadiogo,Komsilga,Zamnongho
Centre,Kadiogo,Komsilga,Zinguedesse
Centre,Kadiogo,Koubri,Bingo
Centre,Kadiogo,Koubri,Boussouma
Centre,Kadiogo,Koubri,Didri
Centre,Kadiogo,Koubri,Goghin
Centre,Kadiogo,Koubri,Gonsé
Centre,Kadiogo,Koubri,Goumtoaga
Centre,Kadiogo,Koubri,Guiguemtinga
Centre,Kadiogo,Koubri,Kankanghin
Centre,Kadiogo,Koubri,Kiedpalgo
Centre,Kadiogo,Koubri,Kouba
Centre,Kadiogo,Koubri,Koubri
Centre,Kadiogo,Koubri,Kuiti
Centre,Kadiogo,Koubri,Mogtedo
Centre,Kadiogo,Koubri,Moince
Centre,Kadiogo,Koubri,Mougoulsin
Centre,Kadiogo,Koubri,Naba-Zana
Centre,Kadiogo,Koubri,Nagbangré
Centre,Kadiogo,Koubri,Nakamtinga
Centre,Kadiogo,Koubri,Nambe
Centre,Kadiogo,Koubri,Napagting-Gounghin
Centre,Kadiogo,Koubri,Noungou
Centre,Kadiogo,Koubri,Peele
Centre,Kadiogo,Koubri,Pikieko
Centre,Kadiogo,Koubri,Pissi
Centre,Kadiogo,Koubri,Poedogo
Centre,Kadiogo,Koubri,Saint Paul
Centre,Kadiogo,Koubri,Sinsinguene
Centre,Kadiogo,Koubri,Tansablogo
Centre,Kadiogo,Koubri,Tanvi
Centre,Kadiogo,Koubri,Wamtinga
Centre,Kadiogo,Koubri,Watinoma
Centre,Kadiogo,Koubri,Wedbila
Centre,Kadiogo,Koubri,Zaken
Centre,Kadiogo,Koubri,Zoula
Centre,Kadiogo,Ouagadougou,Bakiensom
Centre,Kadiogo,Ouagadougou,Balkoui
Centre,Kadiogo,Ouagadougou,Baonoré
Centre,Kadiogo,Ouagadougou,Basseko
Centre,Kadiogo,Ouagadougou,Bissighin
Centre,Kadiogo,Ouagadougou,Boassa
Centre,Kadiogo,Ouagadougou,Bouryiri
Centre,Kadiogo,Ouagadougou,Dagmongo
Centre,Kadiogo,Ouagadougou,Darsalam
Centre,Kadiogo,Ouagadougou,Kamboincé
Centre,Kadiogo,Ouagadougou,Koumdayonré
Centre,Kadiogo,Ouagadougou,Nioko 2
Centre,Kadiogo,Ouagadougou,Ouagadougou
Centre,Kadiogo,Ouagadougou,Ouidtenga
Centre,Kadiogo,Ouagadougou,Polesgo
Centre,Kadiogo,Ouagadougou,Rakoesyargha
Centre,Kadiogo,Ouagadougou,Roumtinga
Centre,Kadiogo,Ouagadougou,Sakoula
Centre,Kadiogo,Ouagadougou,Sandogo
Centre,Kadiogo,Ouagadougou,Silmiougou
Centre,Kadiogo,Ouagadougou,Sogdin
Centre,Kadiogo,Ouagadougou,Soguedin
Centre,Kadiogo,Ouagadougou,Yagma
Centre,Kadiogo,Ouagadougou,Yamtenga
Centre,Kadiogo,Ouagadougou,Yarkinga
Centre,Kadiogo,Ouagadougou,Zagtouli
Centre,Kadiogo,Ouagadougou,Zongo
Centre,Kadiogo,Pabré,Bendatoega
Centre,Kadiogo,Pabré,Bidougou
Centre,Kadiogo,Pabré,Bigtogo
Centre,Kadiogo,Pabré,Bilgo
Centre,Kadiogo,Pabré,Dabare
Centre,Kadiogo,Pabré,Gaskaye
Centre,Kadiogo,Pabré,Goupana
Centre,Kadiogo,Pabré,Katabtenga
Centre,Kadiogo,Pabré,Koankin
Centre,Kadiogo,Pabré,Kodemmtore
Centre,Kadiogo,Pabré,Komtoéga
Centre,Kadiogo,Pabré,Napamboumbou
Centre,Kadiogo,Pabré,Nedogo
Centre,Kadiogo,Pabré,Pabré
Centre,Kadiogo,Pabré,Pabré Saint Joseph
Centre,Kadiogo,Pabré,Sabtenga
Centre,Kadiogo,Pabré,Sag-Nioniogo
Centre,Kadiogo,Pabré,Salé
Centre,Kadiogo,Pabré,Wavougue
Centre,Kadiogo,Pabré,Yamba
Centre,Kadiogo,Pabré,Zibako
Centre,Kadiogo,Pabré,Zouma
Centre,Kadiogo,Saaba,Badnogo 1
Centre,Kadiogo,Saaba,Badnogo 2
Centre,Kadiogo,Saaba,Baossome
Centre,Kadiogo,Saaba,Barogo
Centre,Kadiogo,Saaba,Boudtenga
Centre,Kadiogo,Saaba,Boudtenga-Peulh
Centre,Kadiogo,Saaba,Gampela
Centre,Kadiogo,Saaba,Goghin
Centre,Kadiogo,Saaba,Gonse
Centre,Kadiogo,Saaba,Koala
Centre,Kadiogo,Saaba,Komkaga
Centre,Kadiogo,Saaba,Kouanda
Centre,Kadiogo,Saaba,Kouidi
Centre,Kadiogo,Saaba,Manegsombo
Centre,Kadiogo,Saaba,Mogdin
Centre,Kadiogo,Saaba,Nakomestinga Peulh
Centre,Kadiogo,Saaba,Nioko 1
Centre,Kadiogo,Saaba,Nong-Warbin
Centre,Kadiogo,Saaba,Ouassoudi
Centre,Kadiogo,Saaba,Saaba
Centre,Kadiogo,Saaba,Samandin-Bilbalgo
Centre,Kadiogo,Saaba,Seloghin
Centre,Kadiogo,Saaba,Tanghin
Centre,Kadiogo,Saaba,Tangsèga
Centre,Kadiogo,Saaba,Tanlarghin
Centre,Kadiogo,Saaba,Tanlargougri
Centre,Kadiogo,Saaba,Tansobentinga
Centre,Kadiogo,Saaba,Toéssin
Centre,Kadiogo,Saaba,Wamtenga
Centre,Kadiogo,Saaba,Zaken
Centre,Kadiogo,Tanguen-Dassouri,Bagma
Centre,Kadiogo,Tanguen-Dassouri,Bagraogo
Centre,Kadiogo,Tanguen-Dassouri,Balolé (Bogodogo 2. Kouzoughin)
Centre,Kadiogo,Tanguen-Dassouri,Bazoulé (Goghin 2 .Sambin
Centre,Kadiogo,Tanguen-Dassouri,Beguegnan
Centre,Kadiogo,Tanguen-Dassouri,Bogodogo 2
Centre,Kadiogo,Tanguen-Dassouri,"Boulsin (Kari,Kiendpalogo)"
Centre,Kadiogo,Tanguen-Dassouri,Dassouri
Centre,Kadiogo,Tanguen-Dassouri,Dawanegomde
Centre,Kadiogo,Tanguen-Dassouri,Dazankiema
Centre,Kadiogo,Tanguen-Dassouri,Dondoulma (Koankin2)
Centre,Kadiogo,Tanguen-Dassouri,Douré
Centre,Kadiogo,Tanguen-Dassouri,Gnimdi
Centre,Kadiogo,Tanguen-Dassouri,Goghin
Centre,Kadiogo,Tanguen-Dassouri,Goghin 2
Centre,Kadiogo,Tanguen-Dassouri,Gouma
Centre,Kadiogo,Tanguen-Dassouri,Gueswende
Centre,Kadiogo,Tanguen-Dassouri,Itaoua
Centre,Kadiogo,Tanguen-Dassouri,Kari
Centre,Kadiogo,Tanguen-Dassouri,Kiendpalogo
Centre,Kadiogo,Tanguen-Dassouri,Koankin 1
Centre,Kadiogo,Tanguen-Dassouri,Koankin 2
Centre,Kadiogo,Tanguen-Dassouri,Kologh-Naba
Centre,Kadiogo,Tanguen-Dassouri,Koudiéré
Centre,Kadiogo,Tanguen-Dassouri,Kougzoughin
Centre,Kadiogo,Tanguen-Dassouri,Lougsi
Centre,Kadiogo,Tanguen-Dassouri,Nabakoutou
Centre,Kadiogo,Tanguen-Dassouri,Nabitinga 1
Centre,Kadiogo,Tanguen-Dassouri,"Nabitinga 2 (Wem-Yiri Douré, Tambétin)"
Centre,Kadiogo,Tanguen-Dassouri,Nagrin
Centre,Kadiogo,Tanguen-Dassouri,Naponé
Centre,Kadiogo,Tanguen-Dassouri,Nédogo
Centre,Kadiogo,Tanguen-Dassouri,Ouansoua (Tang-Loongo)
Centre,Kadiogo,Tanguen-Dassouri,Poédogo
Centre,Kadiogo,Tanguen-Dassouri,Sahongo
Centre,Kadiogo,Tanguen-Dassouri,Sambin
Centre,Kadiogo,Tanguen-Dassouri,Sane
Centre,Kadiogo,Tanguen-Dassouri,Sankouy
Centre,Kadiogo,Tanguen-Dassouri,Siguinvoussé
Centre,Kadiogo,Tanguen-Dassouri,Silmissin
Centre,Kadiogo,Tanguen-Dassouri,Séguédin
Centre,Kadiogo,Tanguen-Dassouri,Tama
Centre,Kadiogo,Tanguen-Dassouri,Tambétin
Centre,Kadiogo,Tanguen-Dassouri,Tang-Loongo
Centre,Kadiogo,Tanguen-Dassouri,Tanghin
Centre,Kadiogo,Tanguen-Dassouri,Tanghin-Dassouri
Centre,Kadiogo,Tanguen-Dassouri,Taonsgho
Centre,Kadiogo,Tanguen-Dassouri,"Tinsouka (Gouma, Sankouy)"
Centre,Kadiogo,Tanguen-Dassouri,Weglega
Centre,Kadiogo,Tanguen-Dassouri,Wem-Yiri
Centre,Kadiogo,Tanguen-Dassouri,Yalagre
Centre,Kadiogo,Tanguen-Dassouri,Zambanéga
Centre,Kadiogo,Tanguen-Dassouri,Zanghindiesse
Centre,Kadiogo,Tanguen-Dassouri,Zekounga
Centre,Kadiogo,Tanguen-Dassouri,Zékounga 1
Centre-Est,Boulgou,Bagré,Bagré
Centre-Est,Boulgou,Bagré,Boakla
Centre-Est,Boulgou,Bagré,Dirlakou
Centre-Est,Boulgou,Bagré,Douka
Centre-Est,Boulgou,Bagré,Goudayere
Centre-Est,Boulgou,Bagré,Guingale
Centre-Est,Boulgou,Bagré,Kalakoudi
Centre-Est,Boulgou,Bagré,Niaré
Centre-Est,Boulgou,Bagré,Pata
Centre-Est,Boulgou,Bagré,Sangaboulé
Centre-Est,Boulgou,Bagré,Village des Pecheurs
Centre-Est,Boulgou,Bagré,Yambo
Centre-Est,Boulgou,Bagré,Zabo
Centre-Est,Boulgou,Bané,Bantougri
Centre-Est,Boulgou,Bané,Bané
Centre-Est,Boulgou,Bané,Boumbin
Centre-Est,Boulgou,Bané,Boussouma
Centre-Est,Boulgou,Bané,Dabaré
Centre-Est,Boulgou,Bané,Dattou
Centre-Est,Boulgou,Bané,Douré
Centre-Est,Boulgou,Bané,Gomin
Centre-Est,Boulgou,Bané,Hortougou
Centre-Est,Boulgou,Bané,Karema
Centre-Est,Boulgou,Bané,Katpougou
Centre-Est,Boulgou,Bané,Ko
Centre-Est,Boulgou,Bané,Koabtenga
Centre-Est,Boulgou,Bané,Léré
Centre-Est,Boulgou,Bané,Nabenda
Centre-Est,Boulgou,Bané,Nazé
Centre-Est,Boulgou,Bané,Naï
Centre-Est,Boulgou,Bané,Oumnoghin
Centre-Est,Boulgou,Bané,Ouâda-Traditionnel
Centre-Est,Boulgou,Bané,Ouâda-V1
Centre-Est,Boulgou,Bané,Ouâda-V2
Centre-Est,Boulgou,Bané,Ouâda-V3
Centre-Est,Boulgou,Bané,Ouâda-V4
Centre-Est,Boulgou,Bané,Patin
Centre-Est,Boulgou,Bané,Soadin
Centre-Est,Boulgou,Bané,Toabin
Centre-Est,Boulgou,Bané,Zougbilin
Centre-Est,Boulgou,Bissiga,Barwagdin
Centre-Est,Boulgou,Bissiga,Belemkangrin
Centre-Est,Boulgou,Bissiga,Benna
Centre-Est,Boulgou,Bissiga,Bissiga
Centre-Est,Boulgou,Bissiga,Bissiga-Yarcé
Centre-Est,Boulgou,Bissiga,Donsin
Centre-Est,Boulgou,Bissiga,Gambaaga
Centre-Est,Boulgou,Bissiga,Godin
Centre-Est,Boulgou,Bissiga,Gounghin-Grand
Centre-Est,Boulgou,Bissiga,Gounghin-Petit
Centre-Est,Boulgou,Bissiga,Kankaraboguin
Centre-Est,Boulgou,Bissiga,Kinzéonguin
Centre-Est,Boulgou,Bissiga,Koubéogo
Centre-Est,Boulgou,Bissiga,Koulbako
Centre-Est,Boulgou,Bissiga,Koutiama
Centre-Est,Boulgou,Bissiga,Pissalin
Centre-Est,Boulgou,Bissiga,Poestenga
Centre-Est,Boulgou,Bissiga,Sannabin
Centre-Est,Boulgou,Bissiga,Siraboguin
Centre-Est,Boulgou,Bissiga,Syalguin
Centre-Est,Boulgou,Bissiga,Tikanré
Centre-Est,Boulgou,Bissiga,Zamboundi
Centre-Est,Boulgou,Bissiga,Zankougdo
Centre-Est,Boulgou,Bitou,Anago
Centre-Est,Boulgou,Bitou,Bekoure
Centre-Est,Boulgou,Bitou,Belayerla
Centre-Est,Boulgou,Bitou,Bitou
Centre-Est,Boulgou,Bitou,Bourzoaga
Centre-Est,Boulgou,Bitou,Dema
Centre-Est,Boulgou,Bitou,Fottigue
Centre-Est,Boulgou,Bitou,Garanga
Centre-Est,Boulgou,Bitou,Gnangdin
Centre-Est,Boulgou,Bitou,Kankamogre
Centre-Est,Boulgou,Bitou,Kankamogre-Peulh
Centre-Est,Boulgou,Bitou,Kanyire
Centre-Est,Boulgou,Bitou,Kodemzoaga
Centre-Est,Boulgou,Bitou,Komtenga
Centre-Est,Boulgou,Bitou,Lalé (Kankamogré)
Centre-Est,Boulgou,Bitou,Largue
Centre-Est,Boulgou,Bitou,Loaba
Centre-Est,Boulgou,Bitou,Loaba-Peulh
Centre-Est,Boulgou,Bitou,Mogande
Centre-Est,Boulgou,Bitou,Mogande-Peulh
Centre-Est,Boulgou,Bitou,Mogomnore
Centre-Est,Boulgou,Bitou,Nianle
Centre-Est,Boulgou,Bitou,Nohao
Centre-Est,Boulgou,Bitou,Sangabouli
Centre-Est,Boulgou,Bitou,Sawenga
Centre-Est,Boulgou,Bitou,Tiba
Centre-Est,Boulgou,Bitou,Zambanega
Centre-Est,Boulgou,Bitou,Zampa
Centre-Est,Boulgou,Bitou,Zekeze
Centre-Est,Boulgou,Boussouma,Bangagou
Centre-Est,Boulgou,Boussouma,Batto
Centre-Est,Boulgou,Boussouma,Boussouma
Centre-Est,Boulgou,Boussouma,Boussouma-Peulh
Centre-Est,Boulgou,Boussouma,Dango
Centre-Est,Boulgou,Boussouma,Dierma
Centre-Est,Boulgou,Boussouma,Koumbore
Centre-Est,Boulgou,Boussouma,Lengha
Centre-Est,Boulgou,Boussouma,Lengha-Peulh
Centre-Est,Boulgou,Boussouma,Massougou
Centre-Est,Boulgou,Boussouma,Nonka
Centre-Est,Boulgou,Boussouma,Ouazi
Centre-Est,Boulgou,Boussouma,Saaba
Centre-Est,Boulgou,Boussouma,Saregou
Centre-Est,Boulgou,Boussouma,Tengsoba
Centre-Est,Boulgou,Boussouma,Yakala
Centre-Est,Boulgou,Boussouma,Zabga
Centre-Est,Boulgou,Béguédo,Beguedo Peulh
Centre-Est,Boulgou,Béguédo,Béguédo
Centre-Est,Boulgou,Béguédo,Diarra
Centre-Est,Boulgou,Béguédo,Fingla
Centre-Est,Boulgou,Béguédo,Tanvoussé
Centre-Est,Boulgou,Garango,Bangou
Centre-Est,Boulgou,Garango,Bangoula
Centre-Est,Boulgou,Garango,Bargasgo
Centre-Est,Boulgou,Garango,Belgue
Centre-Est,Boulgou,Garango,Bougoula
Centre-Est,Boulgou,Garango,Boura
Centre-Est,Boulgou,Garango,Boèga
Centre-Est,Boulgou,Garango,Dissiam
Centre-Est,Boulgou,Garango,Gangla
Centre-Est,Boulgou,Garango,Garango
Centre-Est,Boulgou,Garango,Garango peulh
Centre-Est,Boulgou,Garango,Gargou
Centre-Est,Boulgou,Garango,Gnabtenga
Centre-Est,Boulgou,Garango,Gogoma
Centre-Est,Boulgou,Garango,Golinga
Centre-Est,Boulgou,Garango,Gotinga
Centre-Est,Boulgou,Garango,Gozéré
Centre-Est,Boulgou,Garango,Guerma
Centre-Est,Boulgou,Garango,Kayo
Centre-Est,Boulgou,Garango,Kienga
Centre-Est,Boulgou,Garango,Kombinatenga
Centre-Est,Boulgou,Garango,Kouassagou
Centre-Est,Boulgou,Garango,Lergho
Centre-Est,Boulgou,Garango,Lourgogo
Centre-Est,Boulgou,Garango,Magourou
Centre-Est,Boulgou,Garango,Mangalé
Centre-Est,Boulgou,Garango,Mogaho
Centre-Est,Boulgou,Garango,Ouaregou
Centre-Est,Boulgou,Garango,Ouaregou-Peulh
Centre-Est,Boulgou,Garango,Pagou
Centre-Est,Boulgou,Garango,Pakala
Centre-Est,Boulgou,Garango,Porêta
Centre-Est,Boulgou,Garango,Sanogho
Centre-Est,Boulgou,Garango,Sanogho-Peulh
Centre-Est,Boulgou,Garango,Sarégou
Centre-Est,Boulgou,Garango,Siguinonguin
Centre-Est,Boulgou,Garango,Siguinvousse
Centre-Est,Boulgou,Garango,Tangaré
Centre-Est,Boulgou,Garango,Teng-soba
Centre-Est,Boulgou,Garango,Topra
Centre-Est,Boulgou,Garango,Torla
Centre-Est,Boulgou,Garango,Tourla
Centre-Est,Boulgou,Garango,Wanga
Centre-Est,Boulgou,Garango,Yaza
Centre-Est,Boulgou,Garango,Zala
Centre-Est,Boulgou,Garango,Zanga
Centre-Est,Boulgou,Garango,Zangoula
Centre-Est,Boulgou,Garango,Zidré
Centre-Est,Boulgou,Garango,Zigla-Koulpele
Centre-Est,Boulgou,Garango,Zigla-Polace
Centre-Est,Boulgou,Garango,Zingrélé
Centre-Est,Boulgou,Garango,Zépa
Centre-Est,Boulgou,Komtoèga,Dega
Centre-Est,Boulgou,Komtoèga,Goghin
Centre-Est,Boulgou,Komtoèga,Goulanda
Centre-Est,Boulgou,Komtoèga,Komtoega-Peulh
Centre-Est,Boulgou,Komtoèga,Komtoèga
Centre-Est,Boulgou,Komtoèga,Kourgogo
Centre-Est,Boulgou,Komtoèga,Pissy
Centre-Est,Boulgou,Komtoèga,Samsagbo
Centre-Est,Boulgou,Komtoèga,Toécé
Centre-Est,Boulgou,Komtoèga,Womzougou
Centre-Est,Boulgou,Komtoèga,Yaganse
Centre-Est,Boulgou,Komtoèga,Yaoghin
Centre-Est,Boulgou,Komtoèga,Yelboulga
Centre-Est,Boulgou,Komtoèga,Zoumtoega
Centre-Est,Boulgou,Niaogho,Bassindingo
Centre-Est,Boulgou,Niaogho,Gozi
Centre-Est,Boulgou,Niaogho,Ibogo
Centre-Est,Boulgou,Niaogho,Niaogho
Centre-Est,Boulgou,Niaogho,Niaogho-Peulh
Centre-Est,Boulgou,Niaogho,Niarba
Centre-Est,Boulgou,Niaogho,Sondogo
Centre-Est,Boulgou,Niaogho,Tengsoba
Centre-Est,Boulgou,Tenkodogo,Bado
Centre-Est,Boulgou,Tenkodogo,Baleme
Centre-Est,Boulgou,Tenkodogo,Bampela
Centre-Est,Boulgou,Tenkodogo,Basbedo
Centre-Est,Boulgou,Tenkodogo,Baskoure
Centre-Est,Boulgou,Tenkodogo,Bassare
Centre-Est,Boulgou,Tenkodogo,Belce
Centre-Est,Boulgou,Tenkodogo,Bidiga
Centre-Est,Boulgou,Tenkodogo,Bissiga De Gando
Centre-Est,Boulgou,Tenkodogo,Boura
Centre-Est,Boulgou,Tenkodogo,Cella
Centre-Est,Boulgou,Tenkodogo,Cella De Loanga
Centre-Est,Boulgou,Tenkodogo,Dazé
Centre-Est,Boulgou,Tenkodogo,Donsene
Centre-Est,Boulgou,Tenkodogo,Donsene-Yarce
Centre-Est,Boulgou,Tenkodogo,Doubguin-Ouantanghin
Centre-Est,Boulgou,Tenkodogo,Doubouguen
Centre-Est,Boulgou,Tenkodogo,Douré
Centre-Est,Boulgou,Tenkodogo,Gambaghin
Centre-Est,Boulgou,Tenkodogo,Gando I
Centre-Est,Boulgou,Tenkodogo,Gando II
Centre-Est,Boulgou,Tenkodogo,Gaskom
Centre-Est,Boulgou,Tenkodogo,Goanin
Centre-Est,Boulgou,Tenkodogo,Godé
Centre-Est,Boulgou,Tenkodogo,Gondéré
Centre-Est,Boulgou,Tenkodogo,Gouni-Peulh
Centre-Est,Boulgou,Tenkodogo,Guella
Centre-Est,Boulgou,Tenkodogo,Imbina
Centre-Est,Boulgou,Tenkodogo,Kabri
Centre-Est,Boulgou,Tenkodogo,Kampoaga
Centre-Est,Boulgou,Tenkodogo,Kassougou
Centre-Est,Boulgou,Tenkodogo,Katanga
Centre-Est,Boulgou,Tenkodogo,Koama
Centre-Est,Boulgou,Tenkodogo,Koknoghin
Centre-Est,Boulgou,Tenkodogo,Kokoaga-Ouest
Centre-Est,Boulgou,Tenkodogo,Kou
Centre-Est,Boulgou,Tenkodogo,Koughin
Centre-Est,Boulgou,Tenkodogo,Labretenga
Centre-Est,Boulgou,Tenkodogo,Lebce
Centre-Est,Boulgou,Tenkodogo,Leda
Centre-Est,Boulgou,Tenkodogo,Loanga
Centre-Est,Boulgou,Tenkodogo,Loanga Peulh
Centre-Est,Boulgou,Tenkodogo,Loongo
Centre-Est,Boulgou,Tenkodogo,Loukou
Centre-Est,Boulgou,Tenkodogo,Loukou-Peulh
Centre-Est,Boulgou,Tenkodogo,Malenga-Nagsore
Centre-Est,Boulgou,Tenkodogo,Malenga-Yarce
Centre-Est,Boulgou,Tenkodogo,Milla
Centre-Est,Boulgou,Tenkodogo,Moaga
Centre-Est,Boulgou,Tenkodogo,Naba-Sougdin
Centre-Est,Boulgou,Tenkodogo,Nabig-Tenga
Centre-Est,Boulgou,Tenkodogo,Nama
Centre-Est,Boulgou,Tenkodogo,Ningare
Centre-Est,Boulgou,Tenkodogo,Nioktenga
Centre-Est,Boulgou,Tenkodogo,Ouamne
Centre-Est,Boulgou,Tenkodogo,Ouanagou
Centre-Est,Boulgou,Tenkodogo,Oueguedo
Centre-Est,Boulgou,Tenkodogo,Oueguedo-Peulh
Centre-Est,Boulgou,Tenkodogo,Oueguedo-Yarce
Centre-Est,Boulgou,Tenkodogo,Oueloghin
Centre-Est,Boulgou,Tenkodogo,Ounzeogo
Centre-Est,Boulgou,Tenkodogo,Ounzeogo-Peulh
Centre-Est,Boulgou,Tenkodogo,Ourema
Centre-Est,Boulgou,Tenkodogo,Piougou
Centre-Est,Boulgou,Tenkodogo,Piroukou
Centre-Est,Boulgou,Tenkodogo,Pouswaka
Centre-Est,Boulgou,Tenkodogo,Pouswaka-Peulh
Centre-Est,Boulgou,Tenkodogo,Sabtenga
Centre-Est,Boulgou,Tenkodogo,Sago
Centre-Est,Boulgou,Tenkodogo,Sampa
Centre-Est,Boulgou,Tenkodogo,Sassema
Centre-Est,Boulgou,Tenkodogo,Sassema-Peulh
Centre-Est,Boulgou,Tenkodogo,Sebretenga
Centre-Est,Boulgou,Tenkodogo,Sebretenga De Godin
Centre-Est,Boulgou,Tenkodogo,Sibidogo
Centre-Est,Boulgou,Tenkodogo,Sigriyaoghin
Centre-Est,Boulgou,Tenkodogo,Silmiougou
Centre-Est,Boulgou,Tenkodogo,Sone
Centre-Est,Boulgou,Tenkodogo,Sorbin
Centre-Est,Boulgou,Tenkodogo,Sougdi-Sanbin
Centre-Est,Boulgou,Tenkodogo,Soumagou
Centre-Est,Boulgou,Tenkodogo,Souwagdin
Centre-Est,Boulgou,Tenkodogo,Tamasgo
Centre-Est,Boulgou,Tenkodogo,Tenkodogo
Centre-Est,Boulgou,Tenkodogo,Tenonghin
Centre-Est,Boulgou,Tenkodogo,Tenonghin-Peulh
Centre-Est,Boulgou,Tenkodogo,Teodouré
Centre-Est,Boulgou,Tenkodogo,Tisselin
Centre-Est,Boulgou,Tenkodogo,Tisselin-Yarce
Centre-Est,Boulgou,Tenkodogo,Toghin
Centre-Est,Boulgou,Tenkodogo,Téogo
Centre-Est,Boulgou,Tenkodogo,Vag-Vaguin
Centre-Est,Boulgou,Tenkodogo,Zabatorla
Centre-Est,Boulgou,Tenkodogo,Zabindella
Centre-Est,Boulgou,Tenkodogo,Zaka
Centre-Est,Boulgou,Tenkodogo,Zandoubré
Centre-Est,Boulgou,Tenkodogo,Zano
Centre-Est,Boulgou,Tenkodogo,Zeke
Centre-Est,Boulgou,Tenkodogo,Zoromdougou
Centre-Est,Boulgou,Zabré,Bangou
Centre-Est,Boulgou,Zabré,Barganse
Centre-Est,Boulgou,Zabré,Barganse Peulh
Centre-Est,Boulgou,Zabré,Bassintare
Centre-Est,Boulgou,Zabré,Beka (Bobissa)
Centre-Est,Boulgou,Zabré,Benya-Kipala
Centre-Est,Boulgou,Zabré,Benya-Peulh
Centre-Est,Boulgou,Zabré,Bissaya
Centre-Est,Boulgou,Zabré,Bobissa
Centre-Est,Boulgou,Zabré,Bougre De Youga
Centre-Est,Boulgou,Zabré,Bougreboko
Centre-Est,Boulgou,Zabré,Bourma
Centre-Est,Boulgou,Zabré,Béka-Zourma
Centre-Est,Boulgou,Zabré,Doun
Centre-Est,Boulgou,Zabré,Fouroubé
Centre-Est,Boulgou,Zabré,Gassougou
Centre-Est,Boulgou,Zabré,Gon
Centre-Est,Boulgou,Zabré,Gonse
Centre-Est,Boulgou,Zabré,Gourgou-Samandi
Centre-Est,Boulgou,Zabré,Guirmogo
Centre-Est,Boulgou,Zabré,Mangagou
Centre-Est,Boulgou,Zabré,Moende
Centre-Est,Boulgou,Zabré,Pifou
Centre-Est,Boulgou,Zabré,Sambaregou
Centre-Est,Boulgou,Zabré,Sampéma
Centre-Est,Boulgou,Zabré,Sangou
Centre-Est,Boulgou,Zabré,Sig-Noghin
Centre-Est,Boulgou,Zabré,Sihoun
Centre-Est,Boulgou,Zabré,Songo
Centre-Est,Boulgou,Zabré,Soussoula
Centre-Est,Boulgou,Zabré,Toubissa
Centre-Est,Boulgou,Zabré,Wanda
Centre-Est,Boulgou,Zabré,Wangala
Centre-Est,Boulgou,Zabré,Wilgo
Centre-Est,Boulgou,Zabré,Yokouma
Centre-Est,Boulgou,Zabré,Yoroko
Centre-Est,Boulgou,Zabré,Yoroko-Peulh
Centre-Est,Boulgou,Zabré,Youga
Centre-Est,Boulgou,Zabré,Youga-Peulh
Centre-Est,Boulgou,Zabré,Youkouka
Centre-Est,Boulgou,Zabré,Youngou
Centre-Est,Boulgou,Zabré,Youngou-Peulh
Centre-Est,Boulgou,Zabré,Zabré
Centre-Est,Boulgou,Zabré,Zakaré
Centre-Est,Boulgou,Zabré,Zihoun
Centre-Est,Boulgou,Zabré,Zitougou
Centre-Est,Boulgou,Zabré,Zourma
Centre-Est,Boulgou,Zabré,Zourma Diama
Centre-Est,Boulgou,Zoaga,Bingo
Centre-Est,Boulgou,Zoaga,Bougre De Zoaga
Centre-Est,Boulgou,Zoaga,Bourma De Zoaga
Centre-Est,Boulgou,Zoaga,Dawèga
Centre-Est,Boulgou,Zoaga,Koukoadore
Centre-Est,Boulgou,Zoaga,Mong-Naba
Centre-Est,Boulgou,Zoaga,Pakoungou
Centre-Est,Boulgou,Zoaga,Pargou
Centre-Est,Boulgou,Zoaga,Tabissi
Centre-Est,Boulgou,Zoaga,Zamé
Centre-Est,Boulgou,Zoaga,Zerboko
Centre-Est,Boulgou,Zoaga,Zoaga
Centre-Est,Boulgou,Zoaga,Zoaga-Peulh
Centre-Est,Boulgou,Zoaga,Zoaga-Yarce
Centre-Est,Boulgou,Zonsé,Boutaya
Centre-Est,Boulgou,Zonsé,Diarra-Bétongo
Centre-Est,Boulgou,Zonsé,Diella
Centre-Est,Boulgou,Zonsé,Dimvoussé
Centre-Est,Boulgou,Zonsé,Gnékounéta
Centre-Est,Boulgou,Zonsé,Guiemssim
Centre-Est,Boulgou,Zonsé,Kareta
Centre-Est,Boulgou,Zonsé,Korgouereya
Centre-Est,Boulgou,Zonsé,Koungou
Centre-Est,Boulgou,Zonsé,Kourga
Centre-Est,Boulgou,Zonsé,Landré
Centre-Est,Boulgou,Zonsé,Litaya
Centre-Est,Boulgou,Zonsé,Mangaré
Centre-Est,Boulgou,Zonsé,Ponga
Centre-Est,Boulgou,Zonsé,Possodo
Centre-Est,Boulgou,Zonsé,Samprabissa
Centre-Est,Boulgou,Zonsé,Sangou-Nazéla
Centre-Est,Boulgou,Zonsé,Saoupo
Centre-Est,Boulgou,Zonsé,Soboya
Centre-Est,Boulgou,Zonsé,Soper
Centre-Est,Boulgou,Zonsé,Yerba-Peulh
Centre-Est,Boulgou,Zonsé,Yergoya
Centre-Est,Boulgou,Zonsé,Zonsé
Centre-Est,Koulpélogo,Dourtenga,Dourtenga
Centre-Est,Koulpélogo,Dourtenga,Gogo
Centre-Est,Koulpélogo,Dourtenga,Gorin
Centre-Est,Koulpélogo,Dourtenga,Kangrétenga
Centre-Est,Koulpélogo,Dourtenga,Kanle
Centre-Est,Koulpélogo,Dourtenga,Katoulbéré
Centre-Est,Koulpélogo,Dourtenga,Niondin
Centre-Est,Koulpélogo,Dourtenga,Sougoudin
Centre-Est,Koulpélogo,Dourtenga,Tangoko
Centre-Est,Koulpélogo,Dourtenga,Yambili
Centre-Est,Koulpélogo,Dourtenga,Youmtenga
Centre-Est,Koulpélogo,Dourtenga,Zabendéla
Centre-Est,Koulpélogo,Dourtenga,Zergoama
Centre-Est,Koulpélogo,Komin-Yanga,Baglenga
Centre-Est,Koulpélogo,Komin-Yanga,Balboudi
Centre-Est,Koulpélogo,Komin-Yanga,Bangoghin
Centre-Est,Koulpélogo,Komin-Yanga,Biantenga
Centre-Est,Koulpélogo,Komin-Yanga,Coewinga
Centre-Est,Koulpélogo,Komin-Yanga,Comin-Yanga
Centre-Est,Koulpélogo,Komin-Yanga,Danioga
Centre-Est,Koulpélogo,Komin-Yanga,Dogtenga 1
Centre-Est,Koulpélogo,Komin-Yanga,Dogtenga 2
Centre-Est,Koulpélogo,Komin-Yanga,Gagare
Centre-Est,Koulpélogo,Komin-Yanga,Gaonghin
Centre-Est,Koulpélogo,Komin-Yanga,Kakati
Centre-Est,Koulpélogo,Komin-Yanga,Kamdiokin
Centre-Est,Koulpélogo,Komin-Yanga,Karmé
Centre-Est,Koulpélogo,Komin-Yanga,Kiougou Kandaga
Centre-Est,Koulpélogo,Komin-Yanga,Kiougou-Doure
Centre-Est,Koulpélogo,Komin-Yanga,Kiougou-Namounou
Centre-Est,Koulpélogo,Komin-Yanga,Kisbouga
Centre-Est,Koulpélogo,Komin-Yanga,Kohogo
Centre-Est,Koulpélogo,Komin-Yanga,Kohogo-Peulh
Centre-Est,Koulpélogo,Komin-Yanga,Kolanga
Centre-Est,Koulpélogo,Komin-Yanga,Konzeogo-Bangane
Centre-Est,Koulpélogo,Komin-Yanga,Konzeogo-Sambila
Centre-Est,Koulpélogo,Komin-Yanga,Konzeogo-Yalgo
Centre-Est,Koulpélogo,Komin-Yanga,Konzéogo Yalgo
Centre-Est,Koulpélogo,Komin-Yanga,Konzéogo Zargoudi
Centre-Est,Koulpélogo,Komin-Yanga,Lamiougou
Centre-Est,Koulpélogo,Komin-Yanga,Maïtagou
Centre-Est,Koulpélogo,Komin-Yanga,Moaga
Centre-Est,Koulpélogo,Komin-Yanga,Namouaga
Centre-Est,Koulpélogo,Komin-Yanga,Natimboun
Centre-Est,Koulpélogo,Komin-Yanga,Pilede
Centre-Est,Koulpélogo,Komin-Yanga,Pognankoudougou-Rabogo
Centre-Est,Koulpélogo,Komin-Yanga,Sabrado
Centre-Est,Koulpélogo,Komin-Yanga,Sakango
Centre-Est,Koulpélogo,Komin-Yanga,Sakidissi
Centre-Est,Koulpélogo,Komin-Yanga,Sougoudi
Centre-Est,Koulpélogo,Komin-Yanga,Tanziega
Centre-Est,Koulpélogo,Komin-Yanga,Tipougou
Centre-Est,Koulpélogo,Komin-Yanga,Tire
Centre-Est,Koulpélogo,Komin-Yanga,Toko
Centre-Est,Koulpélogo,Komin-Yanga,Vohogdin
Centre-Est,Koulpélogo,Komin-Yanga,Yarsin
Centre-Est,Koulpélogo,Komin-Yanga,Youtenga
Centre-Est,Koulpélogo,Komin-Yanga,Zonghin
Centre-Est,Koulpélogo,Lalgaye,Dibili
Centre-Est,Koulpélogo,Lalgaye,Gouli
Centre-Est,Koulpélogo,Lalgaye,Guini
Centre-Est,Koulpélogo,Lalgaye,Kieblin
Centre-Est,Koulpélogo,Lalgaye,Kimzim
Centre-Est,Koulpélogo,Lalgaye,Lalgaye
Centre-Est,Koulpélogo,Lalgaye,Lalgaye Yarce
Centre-Est,Koulpélogo,Lalgaye,Nassiega
Centre-Est,Koulpélogo,Lalgaye,Paore
Centre-Est,Koulpélogo,Lalgaye,Pihitenga
Centre-Est,Koulpélogo,Lalgaye,Pissiongo
Centre-Est,Koulpélogo,Lalgaye,Sablogo
Centre-Est,Koulpélogo,Lalgaye,Tensobentenga
Centre-Est,Koulpélogo,Lalgaye,Tiguetin
Centre-Est,Koulpélogo,Lalgaye,Yalgo
Centre-Est,Koulpélogo,Ouargaye,Babakou
Centre-Est,Koulpélogo,Ouargaye,Bittin
Centre-Est,Koulpélogo,Ouargaye,Boudoughin
Centre-Est,Koulpélogo,Ouargaye,Dimtenga
Centre-Est,Koulpélogo,Ouargaye,Goudou-Boanga
Centre-Est,Koulpélogo,Ouargaye,Goudougué
Centre-Est,Koulpélogo,Ouargaye,Kalgo Tampané
Centre-Est,Koulpélogo,Ouargaye,Kampoaga
Centre-Est,Koulpélogo,Ouargaye,Kogo
Centre-Est,Koulpélogo,Ouargaye,Konglore
Centre-Est,Koulpélogo,Ouargaye,Kontambossé
Centre-Est,Koulpélogo,Ouargaye,Koundoghin
Centre-Est,Koulpélogo,Ouargaye,Lerghin
Centre-Est,Koulpélogo,Ouargaye,Méné
Centre-Est,Koulpélogo,Ouargaye,Naboudin
Centre-Est,Koulpélogo,Ouargaye,Naganga
Centre-Est,Koulpélogo,Ouargaye,Ouargaye
Centre-Est,Koulpélogo,Ouargaye,Sigri
Centre-Est,Koulpélogo,Ouargaye,Tampèlga
Centre-Est,Koulpélogo,Ouargaye,Tangporé
Centre-Est,Koulpélogo,Ouargaye,Téssoaghin
Centre-Est,Koulpélogo,Sangha,Biguimnoghin
Centre-Est,Koulpélogo,Sangha,Bilguimlouré
Centre-Est,Koulpélogo,Sangha,Bollé
Centre-Est,Koulpélogo,Sangha,Dabodin
Centre-Est,Koulpélogo,Sangha,Daboulga
Centre-Est,Koulpélogo,Sangha,Dagomkom
Centre-Est,Koulpélogo,Sangha,Diougo
Centre-Est,Koulpélogo,Sangha,Douré
Centre-Est,Koulpélogo,Sangha,Ganzaga
Centre-Est,Koulpélogo,Sangha,Ganzaga de Sangha
Centre-Est,Koulpélogo,Sangha,Goghin
Centre-Est,Koulpélogo,Sangha,Gouadiga
Centre-Est,Koulpélogo,Sangha,Idani
Centre-Est,Koulpélogo,Sangha,Kalgo
Centre-Est,Koulpélogo,Sangha,Kampoaga
Centre-Est,Koulpélogo,Sangha,Kandoure
Centre-Est,Koulpélogo,Sangha,Kaongo
Centre-Est,Koulpélogo,Sangha,Kaongo de Sangha
Centre-Est,Koulpélogo,Sangha,Kiouguen
Centre-Est,Koulpélogo,Sangha,Kombilga
Centre-Est,Koulpélogo,Sangha,Koyenga
Centre-Est,Koulpélogo,Sangha,Longo
Centre-Est,Koulpélogo,Sangha,Naba-Dabogo
Centre-Est,Koulpélogo,Sangha,Nananga
Centre-Est,Koulpélogo,Sangha,Napiga
Centre-Est,Koulpélogo,Sangha,Ouedogo
Centre-Est,Koulpélogo,Sangha,Sangha
Centre-Est,Koulpélogo,Sangha,Sangha-Dabogo
Centre-Est,Koulpélogo,Sangha,Sangha-Natenga
Centre-Est,Koulpélogo,Sangha,Sangha-Peulh
Centre-Est,Koulpélogo,Sangha,Sangha-Yarcé
Centre-Est,Koulpélogo,Sangha,Sankanse
Centre-Est,Koulpélogo,Sangha,Tabe
Centre-Est,Koulpélogo,Sangha,Tampaologo
Centre-Est,Koulpélogo,Sangha,Tankoaga
Centre-Est,Koulpélogo,Sangha,Taram-Noaga
Centre-Est,Koulpélogo,Sangha,Touloudoumpoada
Centre-Est,Koulpélogo,Sangha,Woumnoguen
Centre-Est,Koulpélogo,Sangha,Yaoghin
Centre-Est,Koulpélogo,Sangha,Yourga
Centre-Est,Koulpélogo,Sangha,Yourkoudghin
Centre-Est,Koulpélogo,Sangha,Yémouarga
Centre-Est,Koulpélogo,Sangha,Zaoga
Centre-Est,Koulpélogo,Soudougui,Bagmoussa
Centre-Est,Koulpélogo,Soudougui,Boudangou
Centre-Est,Koulpélogo,Soudougui,Boudou
Centre-Est,Koulpélogo,Soudougui,Damdamkom
Centre-Est,Koulpélogo,Soudougui,Diakarga
Centre-Est,Koulpélogo,Soudougui,Diakarga-Peulh
Centre-Est,Koulpélogo,Soudougui,Diaparé
Centre-Est,Koulpélogo,Soudougui,Dienbende
Centre-Est,Koulpélogo,Soudougui,Dienbende-Diori
Centre-Est,Koulpélogo,Soudougui,Fo de Soudigui
Centre-Est,Koulpélogo,Soudougui,Kamsé
Centre-Est,Koulpélogo,Soudougui,Kandaghin
Centre-Est,Koulpélogo,Soudougui,Kanioguen
Centre-Est,Koulpélogo,Soudougui,Kianghin
Centre-Est,Koulpélogo,Soudougui,Koadjidjoal
Centre-Est,Koulpélogo,Soudougui,Konianwende
Centre-Est,Koulpélogo,Soudougui,Konyelenbere
Centre-Est,Koulpélogo,Soudougui,Kortikio
Centre-Est,Koulpélogo,Soudougui,Kouapendi
Centre-Est,Koulpélogo,Soudougui,Koudiorgou
Centre-Est,Koulpélogo,Soudougui,Koulpalga
Centre-Est,Koulpélogo,Soudougui,Koulsonde
Centre-Est,Koulpélogo,Soudougui,Koultianga
Centre-Est,Koulpélogo,Soudougui,Koyanga
Centre-Est,Koulpélogo,Soudougui,Lobden
Centre-Est,Koulpélogo,Soudougui,Modaogo 1
Centre-Est,Koulpélogo,Soudougui,Modaogo 2
Centre-Est,Koulpélogo,Soudougui,Nabangou
Centre-Est,Koulpélogo,Soudougui,Nakomé
Centre-Est,Koulpélogo,Soudougui,Naloanga
Centre-Est,Koulpélogo,Soudougui,Napade
Centre-Est,Koulpélogo,Soudougui,Napiga
Centre-Est,Koulpélogo,Soudougui,Noulibouli
Centre-Est,Koulpélogo,Soudougui,Pilogré
Centre-Est,Koulpélogo,Soudougui,Sandiaba
Centre-Est,Koulpélogo,Soudougui,Sisse
Centre-Est,Koulpélogo,Soudougui,Sitipiga
Centre-Est,Koulpélogo,Soudougui,Sologo 1
Centre-Est,Koulpélogo,Soudougui,Sologo 2
Centre-Est,Koulpélogo,Soudougui,Soudoubila
Centre-Est,Koulpélogo,Soudougui,Soudougui
Centre-Est,Koulpélogo,Soudougui,Vilianga-Gourma
Centre-Est,Koulpélogo,Soudougui,Vilianga-Mossi
Centre-Est,Koulpélogo,Soudougui,Waidjoaga
Centre-Est,Koulpélogo,Soudougui,Waidjoaga-Peulh
Centre-Est,Koulpélogo,Soudougui,Yoabghin
Centre-Est,Koulpélogo,Soudougui,Youanga
Centre-Est,Koulpélogo,Soudougui,Zongo
Centre-Est,Koulpélogo,Soudougui,Zorkomé
Centre-Est,Koulpélogo,Soudougui,Zoungou-Peulh
Centre-Est,Koulpélogo,Yargatenga,Bama
Centre-Est,Koulpélogo,Yargatenga,Besseme
Centre-Est,Koulpélogo,Yargatenga,Bilemtenga
Centre-Est,Koulpélogo,Yargatenga,Bilemtenga Peul
Centre-Est,Koulpélogo,Yargatenga,Bougla Kino
Centre-Est,Koulpélogo,Yargatenga,Cinkansé
Centre-Est,Koulpélogo,Yargatenga,Dirihore
Centre-Est,Koulpélogo,Yargatenga,Doukbole
Centre-Est,Koulpélogo,Yargatenga,Gorgo
Centre-Est,Koulpélogo,Yargatenga,Hornogo
Centre-Est,Koulpélogo,Yargatenga,Kampoaga
Centre-Est,Koulpélogo,Yargatenga,Kindiwaga
Centre-Est,Koulpélogo,Yargatenga,Kiniwaga
Centre-Est,Koulpélogo,Yargatenga,Kiongo
Centre-Est,Koulpélogo,Yargatenga,Kokoumnoré
Centre-Est,Koulpélogo,Yargatenga,Métemete
Centre-Est,Koulpélogo,Yargatenga,Sibtenga
Centre-Est,Koulpélogo,Yargatenga,Séka
Centre-Est,Koulpélogo,Yargatenga,Tounougou
Centre-Est,Koulpélogo,Yargatenga,Tounougou Tone
Centre-Est,Koulpélogo,Yargatenga,Waongo
Centre-Est,Koulpélogo,Yargatenga,Yargatenga
Centre-Est,Koulpélogo,Yargatenga,Yoyo
Centre-Est,Koulpélogo,Yargatenga,Zoaga
Centre-Est,Koulpélogo,Yondé,Baoghin
Centre-Est,Koulpélogo,Yondé,Boussirabogo
Centre-Est,Koulpélogo,Yondé,Boussougou
Centre-Est,Koulpélogo,Yondé,Dabogo
Centre-Est,Koulpélogo,Yondé,Dazinre
Centre-Est,Koulpélogo,Yondé,Douadguen
Centre-Est,Koulpélogo,Yondé,Douanga
Centre-Est,Koulpélogo,Yondé,Fiendéguen
Centre-Est,Koulpélogo,Yondé,Foulbado-Mossi
Centre-Est,Koulpélogo,Yondé,Gnanghin
Centre-Est,Koulpélogo,Yondé,Gnogzinse
Centre-Est,Koulpélogo,Yondé,Kamseogo
Centre-Est,Koulpélogo,Yondé,Kamséogo-Peulh
Centre-Est,Koulpélogo,Yondé,Kidibi
Centre-Est,Koulpélogo,Yondé,Koadiga
Centre-Est,Koulpélogo,Yondé,Koguen
Centre-Est,Koulpélogo,Yondé,Kokouri
Centre-Est,Koulpélogo,Yondé,Kondogo
Centre-Est,Koulpélogo,Yondé,Kontissense
Centre-Est,Koulpélogo,Yondé,Koulsabléga
Centre-Est,Koulpélogo,Yondé,Krioken
Centre-Est,Koulpélogo,Yondé,Loume
Centre-Est,Koulpélogo,Yondé,Napenga
Centre-Est,Koulpélogo,Yondé,Niorgo-Yanga
Centre-Est,Koulpélogo,Yondé,Nobsgogo
Centre-Est,Koulpélogo,Yondé,Pogoyoaga
Centre-Est,Koulpélogo,Yondé,Salembaore
Centre-Est,Koulpélogo,Yondé,Welguemsibou
Centre-Est,Koulpélogo,Yondé,Wobgo
Centre-Est,Koulpélogo,Yondé,Yactibo
Centre-Est,Koulpélogo,Yondé,Yonde-Peulh
Centre-Est,Koulpélogo,Yondé,Yondé
Centre-Est,Koulpélogo,Yondé,Yorghin
Centre-Est,Kourittenga,Andemtenga,Andemtenga
Centre-Est,Kourittenga,Andemtenga,Andemtenga-Peulh
Centre-Est,Kourittenga,Andemtenga,Boto
Centre-Est,Kourittenga,Andemtenga,Doundoudougou
Centre-Est,Kourittenga,Andemtenga,Firougou
Centre-Est,Kourittenga,Andemtenga,Guéfourgou
Centre-Est,Kourittenga,Andemtenga,Kindi
Centre-Est,Kourittenga,Andemtenga,Koboundoum
Centre-Est,Kourittenga,Andemtenga,Kombeolé
Centre-Est,Kourittenga,Andemtenga,Kougouré
Centre-Est,Kourittenga,Andemtenga,Koulkienga
Centre-Est,Kourittenga,Andemtenga,Koundi
Centre-Est,Kourittenga,Andemtenga,Koénd-Zingdémissi
Centre-Est,Kourittenga,Andemtenga,Moinbin
Centre-Est,Kourittenga,Andemtenga,Mokomdongo
Centre-Est,Kourittenga,Andemtenga,Ouenga
Centre-Est,Kourittenga,Andemtenga,Sabrabinatenga
Centre-Est,Kourittenga,Andemtenga,Sabrouko
Centre-Est,Kourittenga,Andemtenga,Silenga
Centre-Est,Kourittenga,Andemtenga,Simba
Centre-Est,Kourittenga,Andemtenga,Somdabésma
Centre-Est,Kourittenga,Andemtenga,Songrétenga
Centre-Est,Kourittenga,Andemtenga,Tambella Mossi
Centre-Est,Kourittenga,Andemtenga,Tambella Peulh
Centre-Est,Kourittenga,Andemtenga,Tambogo
Centre-Est,Kourittenga,Andemtenga,Tampella
Centre-Est,Kourittenga,Andemtenga,Tanga
Centre-Est,Kourittenga,Andemtenga,Tantako
Centre-Est,Kourittenga,Andemtenga,Zobraoguin
Centre-Est,Kourittenga,Baskouré,Balgo
Centre-Est,Kourittenga,Baskouré,Baskouré
Centre-Est,Kourittenga,Baskouré,Boumdoudoum
Centre-Est,Kourittenga,Baskouré,Komsilga
Centre-Est,Kourittenga,Baskouré,Lilgomde
Centre-Est,Kourittenga,Baskouré,Nakaba
Centre-Est,Kourittenga,Baskouré,Niago
Centre-Est,Kourittenga,Baskouré,Oualogo
Centre-Est,Kourittenga,Baskouré,Ounougou
Centre-Est,Kourittenga,Baskouré,Sambraoghin
Centre-Est,Kourittenga,Baskouré,Seguem
Centre-Est,Kourittenga,Baskouré,Tossin
Centre-Est,Kourittenga,Dialgaye,Boulga
Centre-Est,Kourittenga,Dialgaye,Dagamtenga
Centre-Est,Kourittenga,Dialgaye,Dagamtenga Peulh
Centre-Est,Kourittenga,Dialgaye,Dassoui
Centre-Est,Kourittenga,Dialgaye,Dialgaye
Centre-Est,Kourittenga,Dialgaye,Gomtenga
Centre-Est,Kourittenga,Dialgaye,Guitanga
Centre-Est,Kourittenga,Dialgaye,Issiri Yaoguin
Centre-Est,Kourittenga,Dialgaye,Kalmodo
Centre-Est,Kourittenga,Dialgaye,Kalwenga
Centre-Est,Kourittenga,Dialgaye,Kampoayargo
Centre-Est,Kourittenga,Dialgaye,Kamsaogho
Centre-Est,Kourittenga,Dialgaye,Kidibin
Centre-Est,Kourittenga,Dialgaye,Kostenga
Centre-Est,Kourittenga,Dialgaye,Lioulgou
Centre-Est,Kourittenga,Dialgaye,Lioulgou-Peulh
Centre-Est,Kourittenga,Dialgaye,Loanga
Centre-Est,Kourittenga,Dialgaye,Nabdogo
Centre-Est,Kourittenga,Dialgaye,Neneogo
Centre-Est,Kourittenga,Dialgaye,Ouarghin
Centre-Est,Kourittenga,Dialgaye,Passem-Noguin
Centre-Est,Kourittenga,Dialgaye,Songpelcé
Centre-Est,Kourittenga,Dialgaye,Soubga
Centre-Est,Kourittenga,Dialgaye,Tamissi
Centre-Est,Kourittenga,Dialgaye,Toesse-Koulba
Centre-Est,Kourittenga,Dialgaye,Ténoaghin
Centre-Est,Kourittenga,Dialgaye,Vongo
Centre-Est,Kourittenga,Dialgaye,Yélembasse
Centre-Est,Kourittenga,Dialgaye,Zalsen
Centre-Est,Kourittenga,Dialgaye,Zeguedega
Centre-Est,Kourittenga,Dialgaye,Zeguedega Poessé
Centre-Est,Kourittenga,Gounguen,Baguenen
Centre-Est,Kourittenga,Gounguen,Balgo-Zaoce
Centre-Est,Kourittenga,Gounguen,Balonguin
Centre-Est,Kourittenga,Gounguen,Belembaoghin
Centre-Est,Kourittenga,Gounguen,Belemboulghin
Centre-Est,Kourittenga,Gounguen,Belemmogodin
Centre-Est,Kourittenga,Gounguen,Bilanghin
Centre-Est,Kourittenga,Gounguen,Bonsin-Dagoule
Centre-Est,Kourittenga,Gounguen,Boundoudoum-Zougo
Centre-Est,Kourittenga,Gounguen,Dagbilin
Centre-Est,Kourittenga,Gounguen,Dakonsin
Centre-Est,Kourittenga,Gounguen,Dapelgo
Centre-Est,Kourittenga,Gounguen,Dimistenga
Centre-Est,Kourittenga,Gounguen,Donsin
Centre-Est,Kourittenga,Gounguen,Douamtenga
Centre-Est,Kourittenga,Gounguen,Gandeongo-Bogodin
Centre-Est,Kourittenga,Gounguen,Godin
Centre-Est,Kourittenga,Gounguen,Gounghin
Centre-Est,Kourittenga,Gounguen,Guibretenga
Centre-Est,Kourittenga,Gounguen,Kabèga
Centre-Est,Kourittenga,Gounguen,Kabèga-Peulh
Centre-Est,Kourittenga,Gounguen,Kiegtougdou
Centre-Est,Kourittenga,Gounguen,Koabdin
Centre-Est,Kourittenga,Gounguen,Kontaga
Centre-Est,Kourittenga,Gounguen,Kougdo
Centre-Est,Kourittenga,Gounguen,Lezotenga
Centre-Est,Kourittenga,Gounguen,Mendrin-Tountoghin
Centre-Est,Kourittenga,Gounguen,Milimtenga
Centre-Est,Kourittenga,Gounguen,Mossi-Balgo
Centre-Est,Kourittenga,Gounguen,Nabakiesme
Centre-Est,Kourittenga,Gounguen,Nalanghin
Centre-Est,Kourittenga,Gounguen,Namoukouka
Centre-Est,Kourittenga,Gounguen,Natenga
Centre-Est,Kourittenga,Gounguen,Niongretenga
Centre-Est,Kourittenga,Gounguen,Nioughin
Centre-Est,Kourittenga,Gounguen,Nondo
Centre-Est,Kourittenga,Gounguen,Nougbini
Centre-Est,Kourittenga,Gounguen,Oueffin
Centre-Est,Kourittenga,Gounguen,Ouédogo-Bokin
Centre-Est,Kourittenga,Gounguen,Pilorghin
Centre-Est,Kourittenga,Gounguen,Pissi-Zaoce
Centre-Est,Kourittenga,Gounguen,Sampaongo
Centre-Est,Kourittenga,Gounguen,Sankouissi
Centre-Est,Kourittenga,Gounguen,Sawatin
Centre-Est,Kourittenga,Gounguen,Sitenga
Centre-Est,Kourittenga,Gounguen,Teyogodin
Centre-Est,Kourittenga,Gounguen,Wenibankin
Centre-Est,Kourittenga,Gounguen,Wobzoughin
Centre-Est,Kourittenga,Gounguen,Yarkanré
Centre-Est,Kourittenga,Gounguen,Zaka
Centre-Est,Kourittenga,Kando,Bagwokin
Centre-Est,Kourittenga,Kando,Bissiga
Centre-Est,Kourittenga,Kando,Bougrétenga
Centre-Est,Kourittenga,Kando,Guirgo
Centre-Est,Kourittenga,Kando,Hamidin
Centre-Est,Kourittenga,Kando,Ibga
Centre-Est,Kourittenga,Kando,Kampelsezougou
Centre-Est,Kourittenga,Kando,Kando
Centre-Est,Kourittenga,Kando,Kiongo
Centre-Est,Kourittenga,Kando,Kodé-Mendé
Centre-Est,Kourittenga,Kando,Lelkom
Centre-Est,Kourittenga,Kando,Mobèga
Centre-Est,Kourittenga,Kando,Nabnongomzougo
Centre-Est,Kourittenga,Kando,Neem
Centre-Est,Kourittenga,Kando,Nigui
Centre-Est,Kourittenga,Kando,Pissi
Centre-Est,Kourittenga,Kando,Poessin
Centre-Est,Kourittenga,Kando,Salagin
Centre-Est,Kourittenga,Kando,Soalga
Centre-Est,Kourittenga,Kando,Tankoémsé
Centre-Est,Kourittenga,Kando,Tansèga
Centre-Est,Kourittenga,Kando,Yargo
Centre-Est,Kourittenga,Koupèla,Bik-Baskouré
Centre-Est,Kourittenga,Koupèla,Boangtenga
Centre-Est,Kourittenga,Koupèla,Boangtenga-Peulh
Centre-Est,Kourittenga,Koupèla,Bonnessin
Centre-Est,Kourittenga,Koupèla,Dianghin
Centre-Est,Kourittenga,Koupèla,Dimpaltenga-Mossi
Centre-Est,Kourittenga,Koupèla,Dimpaltenga-Peulh
Centre-Est,Kourittenga,Koupèla,Gampougdo-Peulh
Centre-Est,Kourittenga,Koupèla,Gargaoua-Peulh
Centre-Est,Kourittenga,Koupèla,Gninga
Centre-Est,Kourittenga,Koupèla,Gorgo
Centre-Est,Kourittenga,Koupèla,Kamsaoghin
Centre-Est,Kourittenga,Koupèla,Kanrin
Centre-Est,Kourittenga,Koupèla,Kokemnoré
Centre-Est,Kourittenga,Koupèla,Koudmi
Centre-Est,Kourittenga,Koupèla,Koughin
Centre-Est,Kourittenga,Koupèla,Koughin-Peulh
Centre-Est,Kourittenga,Koupèla,Koupéla
Centre-Est,Kourittenga,Koupèla,Kouritenga
Centre-Est,Kourittenga,Koupèla,Lelguem
Centre-Est,Kourittenga,Koupèla,Liguidi-Malguem
Centre-Est,Kourittenga,Koupèla,Nabikessem
Centre-Est,Kourittenga,Koupèla,Naftenga
Centre-Est,Kourittenga,Koupèla,Nayamtenga
Centre-Est,Kourittenga,Koupèla,Nohoungo
Centre-Est,Kourittenga,Koupèla,Ouédogo
Centre-Est,Kourittenga,Koupèla,Pissalgo
Centre-Est,Kourittenga,Koupèla,Poessin
Centre-Est,Kourittenga,Koupèla,Ronssin
Centre-Est,Kourittenga,Koupèla,Tarbonnessin
Centre-Est,Kourittenga,Koupèla,Tibin
Centre-Est,Kourittenga,Koupèla,Tini
Centre-Est,Kourittenga,Koupèla,Togtenga
Centre-Est,Kourittenga,Koupèla,Toulougou-Kanrin
Centre-Est,Kourittenga,Koupèla,Toulougou-Nakomsé
Centre-Est,Kourittenga,Koupèla,Toulougou-Yarcé
Centre-Est,Kourittenga,Koupèla,Wedogo-Peulh
Centre-Est,Kourittenga,Koupèla,Wédogo-Petit
Centre-Est,Kourittenga,Koupèla,Zaogo
Centre-Est,Kourittenga,Koupèla,Zaoro
Centre-Est,Kourittenga,Koupèla,Zorkoum
Centre-Est,Kourittenga,Koupèla,Zougo
Centre-Est,Kourittenga,Pouytenga,Belmin
Centre-Est,Kourittenga,Pouytenga,Dassambin
Centre-Est,Kourittenga,Pouytenga,Goghin
Centre-Est,Kourittenga,Pouytenga,Gorbilin
Centre-Est,Kourittenga,Pouytenga,Gorkassinghin
Centre-Est,Kourittenga,Pouytenga,Kalwartenga
Centre-Est,Kourittenga,Pouytenga,Konlastenga
Centre-Est,Kourittenga,Pouytenga,Kourit-Bil-Yargo
Centre-Est,Kourittenga,Pouytenga,Kourityaoghin
Centre-Est,Kourittenga,Pouytenga,Léamtenga
Centre-Est,Kourittenga,Pouytenga,Nimpougo
Centre-Est,Kourittenga,Pouytenga,Noessin
Centre-Est,Kourittenga,Pouytenga,Pelga
Centre-Est,Kourittenga,Pouytenga,Pouytenga
Centre-Est,Kourittenga,Pouytenga,Pouytenga-Peulh
Centre-Est,Kourittenga,Pouytenga,Signenoghin
Centre-Est,Kourittenga,Pouytenga,Zaongo
Centre-Est,Kourittenga,Pouytenga,Zoré
Centre-Est,Kourittenga,Tensobentenga,Bogodin
Centre-Est,Kourittenga,Tensobentenga,Dakonsin
Centre-Est,Kourittenga,Tensobentenga,Doubguin
Centre-Est,Kourittenga,Tensobentenga,Doure Yarcé
Centre-Est,Kourittenga,Tensobentenga,Goguin
Centre-Est,Kourittenga,Tensobentenga,Gonsin
Centre-Est,Kourittenga,Tensobentenga,Kombestenga
Centre-Est,Kourittenga,Tensobentenga,Koulwoko
Centre-Est,Kourittenga,Tensobentenga,Naikin
Centre-Est,Kourittenga,Tensobentenga,Naobin
Centre-Est,Kourittenga,Tensobentenga,Nédoguin
Centre-Est,Kourittenga,Tensobentenga,Ouamzalin
Centre-Est,Kourittenga,Tensobentenga,Pistenga
Centre-Est,Kourittenga,Tensobentenga,Setebtenga
Centre-Est,Kourittenga,Tensobentenga,Silgtéogo
Centre-Est,Kourittenga,Tensobentenga,Simpiguin
Centre-Est,Kourittenga,Tensobentenga,Soansa
Centre-Est,Kourittenga,Tensobentenga,Soumdi
Centre-Est,Kourittenga,Tensobentenga,Tampialin
Centre-Est,Kourittenga,Tensobentenga,Tensobtenga
Centre-Est,Kourittenga,Tensobentenga,Timtenga
Centre-Est,Kourittenga,Tensobentenga,Tougmetenga
Centre-Est,Kourittenga,Tensobentenga,Toutgoguin
Centre-Est,Kourittenga,Tensobentenga,Yabré
Centre-Est,Kourittenga,Tensobentenga,Zomkomé
Centre-Est,Kourittenga,Tensobentenga,Zéologuin
Centre-Est,Kourittenga,Yargo,Balbzinko
Centre-Est,Kourittenga,Yargo,Balgo
Centre-Est,Kourittenga,Yargo,Bissiga
Centre-Est,Kourittenga,Yargo,Bissiga-Peulh
Centre-Est,Kourittenga,Yargo,Daltenga
Centre-Est,Kourittenga,Yargo,Kamsansin
Centre-Est,Kourittenga,Yargo,Kanougou
Centre-Est,Kourittenga,Yargo,Kokossé Tandaga
Centre-Est,Kourittenga,Yargo,Kokossé-Nabikomé
Centre-Est,Kourittenga,Yargo,Lilyala
Centre-Est,Kourittenga,Yargo,Pissi-Sebgo
Centre-Est,Kourittenga,Yargo,Poétenga
Centre-Est,Kourittenga,Yargo,Sawadogo
Centre-Est,Kourittenga,Yargo,Silmaiougou-Boumdoundi
Centre-Est,Kourittenga,Yargo,Silmiougou-Peulh
Centre-Est,Kourittenga,Yargo,Silmiougou-Yarcé
Centre-Est,Kourittenga,Yargo,Tandadtenga
Centre-Est,Kourittenga,Yargo,Yargo
Centre-Est,Kourittenga,Yargo,Zanrin
Centre-Nord,Bam,Bourzanga,Abra
Centre-Nord,Bam,Bourzanga,Alamanini
Centre-Nord,Bam,Bourzanga,Alga
Centre-Nord,Bam,Bourzanga,Alga-Fulbé
Centre-Nord,Bam,Bourzanga,Bani
Centre-Nord,Bam,Bourzanga,Bassé
Centre-Nord,Bam,Bourzanga,Bassé-Fulbé
Centre-Nord,Bam,Bourzanga,Bolkiba
Centre-Nord,Bam,Bourzanga,Bondé
Centre-Nord,Bam,Bourzanga,Bonga
Centre-Nord,Bam,Bourzanga,Boulli
Centre-Nord,Bam,Bourzanga,Boulounga
Centre-Nord,Bam,Bourzanga,Bourzanga
Centre-Nord,Bam,Bourzanga,Diagadéré
Centre-Nord,Bam,Bourzanga,Doundégué
Centre-Nord,Bam,Bourzanga,Felenga
Centre-Nord,Bam,Bourzanga,Felenga Fulbé
Centre-Nord,Bam,Bourzanga,Fétorané
Centre-Nord,Bam,Bourzanga,Kanguen
Centre-Nord,Bam,Bourzanga,Kièka Fulbé
Centre-Nord,Bam,Bourzanga,Kiéka
Centre-Nord,Bam,Bourzanga,Komtéguia
Centre-Nord,Bam,Bourzanga,Kourao
Centre-Nord,Bam,Bourzanga,Mahamadi
Centre-Nord,Bam,Bourzanga,Maléoualé
Centre-Nord,Bam,Bourzanga,Mawarida
Centre-Nord,Bam,Bourzanga,Nafo
Centre-Nord,Bam,Bourzanga,Namassa
Centre-Nord,Bam,Bourzanga,Namsiguia
Centre-Nord,Bam,Bourzanga,Napalgué
Centre-Nord,Bam,Bourzanga,Nioumbila
Centre-Nord,Bam,Bourzanga,Nyagado
Centre-Nord,Bam,Bourzanga,Ouemtenga
Centre-Nord,Bam,Bourzanga,Pissélé
Centre-Nord,Bam,Bourzanga,Pogonaoma
Centre-Nord,Bam,Bourzanga,Sam (Souriboulsi)
Centre-Nord,Bam,Bourzanga,Sam-Fulbé
Centre-Nord,Bam,Bourzanga,Sanaré
Centre-Nord,Bam,Bourzanga,Selnoré
Centre-Nord,Bam,Bourzanga,Selnoré-Fulbé
Centre-Nord,Bam,Bourzanga,Singtenga
Centre-Nord,Bam,Bourzanga,Souriboulsi
Centre-Nord,Bam,Bourzanga,Tabaongo
Centre-Nord,Bam,Bourzanga,Tangrawal
Centre-Nord,Bam,Bourzanga,Tébéra
Centre-Nord,Bam,Bourzanga,Zana
Centre-Nord,Bam,Bourzanga,Zanamogo
Centre-Nord,Bam,Bourzanga,Zomkalga
Centre-Nord,Bam,Bourzanga,Zon
Centre-Nord,Bam,Guibaré,Barsa
Centre-Nord,Bam,Guibaré,Bokin
Centre-Nord,Bam,Guibaré,Gargo
Centre-Nord,Bam,Guibaré,Gougré
Centre-Nord,Bam,Guibaré,Guibaré
Centre-Nord,Bam,Guibaré,Karentenga
Centre-Nord,Bam,Guibaré,Koundoula
Centre-Nord,Bam,Guibaré,Niangouèla
Centre-Nord,Bam,Guibaré,Sabouli
Centre-Nord,Bam,Guibaré,Sakoudi
Centre-Nord,Bam,Guibaré,Sindri
Centre-Nord,Bam,Guibaré,Tontenga
Centre-Nord,Bam,Guibaré,Totenga
Centre-Nord,Bam,Guibaré,Vousnango
Centre-Nord,Bam,Guibaré,Wattinoma
Centre-Nord,Bam,Guibaré,Yaogué
Centre-Nord,Bam,Guibaré,Yilou
Centre-Nord,Bam,Kongoussi,Badinogo 1
Centre-Nord,Bam,Kongoussi,Badinogo 2
Centre-Nord,Bam,Kongoussi,Bam
Centre-Nord,Bam,Kongoussi,Birou
Centre-Nord,Bam,Kongoussi,Boalga
Centre-Nord,Bam,Kongoussi,Boalin
Centre-Nord,Bam,Kongoussi,Bogonam
Centre-Nord,Bam,Kongoussi,Bogonam-Foulbé
Centre-Nord,Bam,Kongoussi,Boulmiougou
Centre-Nord,Bam,Kongoussi,Daribiti 1
Centre-Nord,Bam,Kongoussi,Daribiti 2
Centre-Nord,Bam,Kongoussi,Darigma
Centre-Nord,Bam,Kongoussi,Dinguilga
Centre-Nord,Bam,Kongoussi,Douroufa
Centre-Nord,Bam,Kongoussi,Gonga
Centre-Nord,Bam,Kongoussi,Gonsé
Centre-Nord,Bam,Kongoussi,Gourcytanga
Centre-Nord,Bam,Kongoussi,Imieré
Centre-Nord,Bam,Kongoussi,Kiella
Centre-Nord,Bam,Kongoussi,Kondibito
Centre-Nord,Bam,Kongoussi,Kongoussi
Centre-Nord,Bam,Kongoussi,Kora
Centre-Nord,Bam,Kongoussi,Kora-Foulbé
Centre-Nord,Bam,Kongoussi,Kougrisséogo
Centre-Nord,Bam,Kongoussi,Kouka
Centre-Nord,Bam,Kongoussi,Koumbango
Centre-Nord,Bam,Kongoussi,Kourpellé
Centre-Nord,Bam,Kongoussi,Loagha
Centre-Nord,Bam,Kongoussi,Loagha-Foulbé
Centre-Nord,Bam,Kongoussi,Loulouka
Centre-Nord,Bam,Kongoussi,Lourgou
Centre-Nord,Bam,Kongoussi,Mogodin
Centre-Nord,Bam,Kongoussi,Nakindougou
Centre-Nord,Bam,Kongoussi,Niénéga-Foulbé
Centre-Nord,Bam,Kongoussi,Niénéga-Mossi
Centre-Nord,Bam,Kongoussi,Nongou
Centre-Nord,Bam,Kongoussi,Nongsom
Centre-Nord,Bam,Kongoussi,Nongsom-Foulbé
Centre-Nord,Bam,Kongoussi,Pouni
Centre-Nord,Bam,Kongoussi,Rambo-Wottionma
Centre-Nord,Bam,Kongoussi,Ranga
Centre-Nord,Bam,Kongoussi,Rissiam
Centre-Nord,Bam,Kongoussi,Roumbangou
Centre-Nord,Bam,Kongoussi,Sakou
Centre-Nord,Bam,Kongoussi,Sakou-Foulbé
Centre-Nord,Bam,Kongoussi,Sam
Centre-Nord,Bam,Kongoussi,Sandouré
Centre-Nord,Bam,Kongoussi,Sankondé
Centre-Nord,Bam,Kongoussi,Sargo
Centre-Nord,Bam,Kongoussi,Senopoguian
Centre-Nord,Bam,Kongoussi,Senorsingué
Centre-Nord,Bam,Kongoussi,Sorgho-Yargo
Centre-Nord,Bam,Kongoussi,Soroden
Centre-Nord,Bam,Kongoussi,Tamponga
Centre-Nord,Bam,Kongoussi,Tangaye
Centre-Nord,Bam,Kongoussi,Tanguiema
Centre-Nord,Bam,Kongoussi,Temnaoré
Centre-Nord,Bam,Kongoussi,Temnaoré-Foulbé
Centre-Nord,Bam,Kongoussi,Touka
Centre-Nord,Bam,Kongoussi,Touka Foulbé
Centre-Nord,Bam,Kongoussi,Tourcoingbam
Centre-Nord,Bam,Kongoussi,Woussé
Centre-Nord,Bam,Kongoussi,Yalga
Centre-Nord,Bam,Kongoussi,Yalka
Centre-Nord,Bam,Kongoussi,Yargo
Centre-Nord,Bam,Kongoussi,Yembiri Kodonga
Centre-Nord,Bam,Kongoussi,Yougounini
Centre-Nord,Bam,Kongoussi,Zingguima
Centre-Nord,Bam,Kongoussi,Zoura
Centre-Nord,Bam,Kongoussi,Zoura-Foulbé
Centre-Nord,Bam,Nasséré,Biliga-Fulbé
Centre-Nord,Bam,Nasséré,Biliga-Mossi
Centre-Nord,Bam,Nasséré,Bilkaradié
Centre-Nord,Bam,Nasséré,Béguemdéré
Centre-Nord,Bam,Nasséré,Foutanga
Centre-Nord,Bam,Nasséré,Fénéguéné
Centre-Nord,Bam,Nasséré,Kolladé
Centre-Nord,Bam,Nasséré,Nasséré
Centre-Nord,Bam,Nasséré,Sampalo
Centre-Nord,Bam,Nasséré,Sika
Centre-Nord,Bam,Nasséré,Sillaléba
Centre-Nord,Bam,Nasséré,Tamiga-Fulbé
Centre-Nord,Bam,Nasséré,Tamiga-Mossi
Centre-Nord,Bam,Nasséré,Tibtenga-Fulbé
Centre-Nord,Bam,Nasséré,Tibtenga-Mossi
Centre-Nord,Bam,Nasséré,Tora
Centre-Nord,Bam,Nasséré,Woulo
Centre-Nord,Bam,Rollo,Bagamaka
Centre-Nord,Bam,Rollo,Barkana
Centre-Nord,Bam,Rollo,Barkana-Foulbé
Centre-Nord,Bam,Rollo,Boulguin
Centre-Nord,Bam,Rollo,Gondékoubé
Centre-Nord,Bam,Rollo,Ibi
Centre-Nord,Bam,Rollo,Igondéga
Centre-Nord,Bam,Rollo,Kamsado
Centre-Nord,Bam,Rollo,Kangaré
Centre-Nord,Bam,Rollo,Kangaré-Foulbé
Centre-Nord,Bam,Rollo,Kobséré
Centre-Nord,Bam,Rollo,Koulwéogo
Centre-Nord,Bam,Rollo,Lourfa
Centre-Nord,Bam,Rollo,Ouenné
Centre-Nord,Bam,Rollo,Ouittenga
Centre-Nord,Bam,Rollo,Pogoro
Centre-Nord,Bam,Rollo,Pogoro-Foulbé
Centre-Nord,Bam,Rollo,Rollo
Centre-Nord,Bam,Rollo,Rollo-Foulbés
Centre-Nord,Bam,Rollo,Tampouï
Centre-Nord,Bam,Rollo,Tanlili
Centre-Nord,Bam,Rollo,Toéssin
Centre-Nord,Bam,Rollo,Toéssin-Foulbé
Centre-Nord,Bam,Rollo,Yimiré
Centre-Nord,Bam,Roukô,Kounkoubguin
Centre-Nord,Bam,Roukô,Ouidibaogo
Centre-Nord,Bam,Roukô,Pittenga
Centre-Nord,Bam,Roukô,Raka
Centre-Nord,Bam,Roukô,Rilgo
Centre-Nord,Bam,Roukô,Rouko
Centre-Nord,Bam,Roukô,Rouko-Foulbé
Centre-Nord,Bam,Roukô,Shouma
Centre-Nord,Bam,Roukô,Silmidougou
Centre-Nord,Bam,Roukô,Tambiougou
Centre-Nord,Bam,Roukô,Yamané
Centre-Nord,Bam,Sabsé,Bangrin
Centre-Nord,Bam,Sabsé,Bissa
Centre-Nord,Bam,Sabsé,Bissiguen
Centre-Nord,Bam,Sabsé,Boussouma
Centre-Nord,Bam,Sabsé,Bouyra
Centre-Nord,Bam,Sabsé,Foulou
Centre-Nord,Bam,Sabsé,Foursa
Centre-Nord,Bam,Sabsé,Goungla
Centre-Nord,Bam,Sabsé,Honda
Centre-Nord,Bam,Sabsé,Imiougou
Centre-Nord,Bam,Sabsé,Kombedogo
Centre-Nord,Bam,Sabsé,Kougsabla
Centre-Nord,Bam,Sabsé,Koukoundi
Centre-Nord,Bam,Sabsé,Koumnogo
Centre-Nord,Bam,Sabsé,Kwensé
Centre-Nord,Bam,Sabsé,Lefourba
Centre-Nord,Bam,Sabsé,Lefourba-Foulbé
Centre-Nord,Bam,Sabsé,Loungo
Centre-Nord,Bam,Sabsé,Mafoulou
Centre-Nord,Bam,Sabsé,Mafoulou-Foulbé
Centre-Nord,Bam,Sabsé,Némalahi
Centre-Nord,Bam,Sabsé,"Nôh (Kombedgo, Foulou)"
Centre-Nord,Bam,Sabsé,Ouazélé
Centre-Nord,Bam,Sabsé,Ouintini
Centre-Nord,Bam,Sabsé,Ouéguéla
Centre-Nord,Bam,Sabsé,Rallé
Centre-Nord,Bam,Sabsé,Ronguin
Centre-Nord,Bam,Sabsé,Roundi
Centre-Nord,Bam,Sabsé,Rounou
Centre-Nord,Bam,Sabsé,Sabcé
Centre-Nord,Bam,Sabsé,Safi
Centre-Nord,Bam,Sabsé,Sanhoui
Centre-Nord,Bam,Sabsé,Siguinvoussé
Centre-Nord,Bam,Sabsé,Sorgho-Peulh
Centre-Nord,Bam,Sabsé,Souryala
Centre-Nord,Bam,Sabsé,Tanga-Pela
Centre-Nord,Bam,Sabsé,Tensobadogo
Centre-Nord,Bam,Sabsé,Toublongo
Centre-Nord,Bam,Sabsé,Zandkom
Centre-Nord,Bam,Sabsé,Zandkom-Peulh
Centre-Nord,Bam,Sabsé,Zomkalga
Centre-Nord,Bam,Tikaré,Ansouri
Centre-Nord,Bam,Tikaré,Baribsi
Centre-Nord,Bam,Tikaré,Barlé
Centre-Nord,Bam,Tikaré,Boubou
Centre-Nord,Bam,Tikaré,Dafiré
Centre-Nord,Bam,Tikaré,Dargouma
Centre-Nord,Bam,Tikaré,Gasongo
Centre-Nord,Bam,Tikaré,Gonga
Centre-Nord,Bam,Tikaré,Hamdallaye
Centre-Nord,Bam,Tikaré,Horé
Centre-Nord,Bam,Tikaré,Ipala
Centre-Nord,Bam,Tikaré,Kamtenga
Centre-Nord,Bam,Tikaré,Kilou
Centre-Nord,Bam,Tikaré,Koulniéré
Centre-Nord,Bam,Tikaré,Manégtaba-Foulbé
Centre-Nord,Bam,Tikaré,Manégtaba-Mossi
Centre-Nord,Bam,Tikaré,Napalgué
Centre-Nord,Bam,Tikaré,Ouampèga
Centre-Nord,Bam,Tikaré,Oui
Centre-Nord,Bam,Tikaré,Pendogou
Centre-Nord,Bam,Tikaré,Ritimyinga
Centre-Nord,Bam,Tikaré,Rouni
Centre-Nord,Bam,Tikaré,Sancé
Centre-Nord,Bam,Tikaré,Sarkounga
Centre-Nord,Bam,Tikaré,Songodin
Centre-Nord,Bam,Tikaré,Soukoundougou
Centre-Nord,Bam,Tikaré,Tamiga
Centre-Nord,Bam,Tikaré,Tampèlga
Centre-Nord,Bam,Tikaré,Tanhoka
Centre-Nord,Bam,Tikaré,Tengsobodogo
Centre-Nord,Bam,Tikaré,Tikaré
Centre-Nord,Bam,Tikaré,Tirbou
Centre-Nord,Bam,Tikaré,Touga
Centre-Nord,Bam,Tikaré,Téonsgo
Centre-Nord,Bam,Tikaré,Vato-Boulbé
Centre-Nord,Bam,Tikaré,Vato-Mossi
Centre-Nord,Bam,Tikaré,Wédékendou
Centre-Nord,Bam,Tikaré,Yelkoto
Centre-Nord,Bam,Tikaré,Yoba
Centre-Nord,Bam,Tikaré,Zamsé
Centre-Nord,Bam,Tikaré,Zano
Centre-Nord,Bam,Zimtanga,Bagaré
Centre-Nord,Bam,Zimtanga,Bangrin
Centre-Nord,Bam,Zimtanga,Bargo
Centre-Nord,Bam,Zimtanga,Batanga
Centre-Nord,Bam,Zimtanga,Bayendfoulgo
Centre-Nord,Bam,Zimtanga,Bonda
Centre-Nord,Bam,Zimtanga,Dougré
Centre-Nord,Bam,Zimtanga,Douré
Centre-Nord,Bam,Zimtanga,Dénéon
Centre-Nord,Bam,Zimtanga,Gasdonka
Centre-Nord,Bam,Zimtanga,Gasèl-Bila
Centre-Nord,Bam,Zimtanga,Kalagré rimaïbé
Centre-Nord,Bam,Zimtanga,Kalagré-Foulbé
Centre-Nord,Bam,Zimtanga,Kalagré-mossi
Centre-Nord,Bam,Zimtanga,Kaokana-Peulh
Centre-Nord,Bam,Zimtanga,Kargo
Centre-Nord,Bam,Zimtanga,Kayon
Centre-Nord,Bam,Zimtanga,Kiendyendé
Centre-Nord,Bam,Zimtanga,Komsilga
Centre-Nord,Bam,Zimtanga,Konkin Foulgo
Centre-Nord,Bam,Zimtanga,Konkin Moogo
Centre-Nord,Bam,Zimtanga,Loa
Centre-Nord,Bam,Zimtanga,Minima
Centre-Nord,Bam,Zimtanga,Moméné
Centre-Nord,Bam,Zimtanga,Niniongo
Centre-Nord,Bam,Zimtanga,Nordé
Centre-Nord,Bam,Zimtanga,Paspanga
Centre-Nord,Bam,Zimtanga,Pissi
Centre-Nord,Bam,Zimtanga,Pètakakisgou
Centre-Nord,Bam,Zimtanga,Rakoegtanga
Centre-Nord,Bam,Zimtanga,Rolga
Centre-Nord,Bam,Zimtanga,Romtanghin
Centre-Nord,Bam,Zimtanga,Siguinvoussé
Centre-Nord,Bam,Zimtanga,Singa-Mossi
Centre-Nord,Bam,Zimtanga,Singa-Rimaïbé
Centre-Nord,Bam,Zimtanga,Sissin
Centre-Nord,Bam,Zimtanga,Songédin Yarcé
Centre-Nord,Bam,Zimtanga,Tampèlga
Centre-Nord,Bam,Zimtanga,Tankoulounga
Centre-Nord,Bam,Zimtanga,Toéssin
Centre-Nord,Bam,Zimtanga,Wattigué
Centre-Nord,Bam,Zimtanga,Yalgatinga
Centre-Nord,Bam,Zimtanga,Zimtanga
Centre-Nord,Namentenga,Boala,Bagbin
Centre-Nord,Namentenga,Boala,Boala
Centre-Nord,Namentenga,Boala,Bourba
Centre-Nord,Namentenga,Boala,Koeguemsin
Centre-Nord,Namentenga,Boala,Konkoaguin
Centre-Nord,Namentenga,Boala,Koumestenga mossi
Centre-Nord,Namentenga,Boala,Koumestenga peulh
Centre-Nord,Namentenga,Boala,Loundgo
Centre-Nord,Namentenga,Boala,Lédéré
Centre-Nord,Namentenga,Boala,Magadogo
Centre-Nord,Namentenga,Boala,Mogodin
Centre-Nord,Namentenga,Boala,Safi
Centre-Nord,Namentenga,Boala,Siodogo
Centre-Nord,Namentenga,Boala,Wilbouma
Centre-Nord,Namentenga,Boala,Yagabtenga
Centre-Nord,Namentenga,Boala,Yalga
Centre-Nord,Namentenga,Boala,Zaongo
Centre-Nord,Namentenga,Boulsa,Baonrouré
Centre-Nord,Namentenga,Boulsa,Belga
Centre-Nord,Namentenga,Boulsa,Bonam
Centre-Nord,Namentenga,Boulsa,Boulsa
Centre-Nord,Namentenga,Boulsa,Dakiskièma
Centre-Nord,Namentenga,Boulsa,Donsin
Centre-Nord,Namentenga,Boulsa,Gaoga
Centre-Nord,Namentenga,Boulsa,Gemsogo-Yarcé
Centre-Nord,Namentenga,Boulsa,Gorbellé-Peulh
Centre-Nord,Namentenga,Boulsa,Gounga
Centre-Nord,Namentenga,Boulsa,Kiedsom
Centre-Nord,Namentenga,Boulsa,Kobouré
Centre-Nord,Namentenga,Boulsa,Kogonéré
Centre-Nord,Namentenga,Boulsa,Kolgonsom
Centre-Nord,Namentenga,Boulsa,Konkoara
Centre-Nord,Namentenga,Boulsa,Konkoara-Yarcé
Centre-Nord,Namentenga,Boulsa,Koulouméogo
Centre-Nord,Namentenga,Boulsa,Lilyalla
Centre-Nord,Namentenga,Boulsa,Loatenga
Centre-Nord,Namentenga,Boulsa,Mokin-Yarcé
Centre-Nord,Namentenga,Boulsa,Nabitenga
Centre-Nord,Namentenga,Boulsa,Nièga
Centre-Nord,Namentenga,Boulsa,Paraouigué
Centre-Nord,Namentenga,Boulsa,Paviguibtenga
Centre-Nord,Namentenga,Boulsa,Poli-mossi
Centre-Nord,Namentenga,Boulsa,Poli-peulh
Centre-Nord,Namentenga,Boulsa,Samandin-Peulh
Centre-Nord,Namentenga,Boulsa,Sanghin
Centre-Nord,Namentenga,Boulsa,Sini
Centre-Nord,Namentenga,Boulsa,Sonrin
Centre-Nord,Namentenga,Boulsa,Tanghin (Titinga)
Centre-Nord,Namentenga,Boulsa,Titinga
Centre-Nord,Namentenga,Boulsa,Tougui
Centre-Nord,Namentenga,Boulsa,Walembi
Centre-Nord,Namentenga,Boulsa,Wedo
Centre-Nord,Namentenga,Boulsa,Zabga
Centre-Nord,Namentenga,Boulsa,Zambanga
Centre-Nord,Namentenga,Boulsa,Zomnogo Mossi
Centre-Nord,Namentenga,Boulsa,Zomnogo Peulh
Centre-Nord,Namentenga,Bouroum,Amara
Centre-Nord,Namentenga,Bouroum,Ambara
Centre-Nord,Namentenga,Bouroum,Balé
Centre-Nord,Namentenga,Bouroum,Barao
Centre-Nord,Namentenga,Bouroum,Barga 2
Centre-Nord,Namentenga,Bouroum,Barga Mossi
Centre-Nord,Namentenga,Bouroum,Barga Peulh
Centre-Nord,Namentenga,Bouroum,Bellogo
Centre-Nord,Namentenga,Bouroum,Bondbila
Centre-Nord,Namentenga,Bouroum,Boulwogdo
Centre-Nord,Namentenga,Bouroum,Boum Iri (Toura)
Centre-Nord,Namentenga,Bouroum,Bouroum
Centre-Nord,Namentenga,Bouroum,Damkarko 1
Centre-Nord,Namentenga,Bouroum,Damkarko 2
Centre-Nord,Namentenga,Bouroum,Daogo
Centre-Nord,Namentenga,Bouroum,Foubando
Centre-Nord,Namentenga,Bouroum,Gangraogo
Centre-Nord,Namentenga,Bouroum,Guèssèdangué
Centre-Nord,Namentenga,Bouroum,Horégui
Centre-Nord,Namentenga,Bouroum,Ibangfo
Centre-Nord,Namentenga,Bouroum,Kalamba
Centre-Nord,Namentenga,Bouroum,Kayara
Centre-Nord,Namentenga,Bouroum,Kilma
Centre-Nord,Namentenga,Bouroum,Kinessoumdi
Centre-Nord,Namentenga,Bouroum,Kougroussoukou
Centre-Nord,Namentenga,Bouroum,Koulhoko
Centre-Nord,Namentenga,Bouroum,Lagbilin
Centre-Nord,Namentenga,Bouroum,Loumpini
Centre-Nord,Namentenga,Bouroum,Noungourgou
Centre-Nord,Namentenga,Bouroum,Ouayalgué
Centre-Nord,Namentenga,Bouroum,Ourba
Centre-Nord,Namentenga,Bouroum,Ourfaré
Centre-Nord,Namentenga,Bouroum,Pétouga
Centre-Nord,Namentenga,Bouroum,Retkoulga
Centre-Nord,Namentenga,Bouroum,Silmague
Centre-Nord,Namentenga,Bouroum,Tanpèlga
Centre-Nord,Namentenga,Bouroum,Torgane
Centre-Nord,Namentenga,Bouroum,Toubaïri
Centre-Nord,Namentenga,Bouroum,Tyékobo
Centre-Nord,Namentenga,Bouroum,Yéou
Centre-Nord,Namentenga,Bouroum,Zougountenga
Centre-Nord,Namentenga,Bouroum,lamlamöne
Centre-Nord,Namentenga,Dargo,Bilkoundi
Centre-Nord,Namentenga,Dargo,Boko
Centre-Nord,Namentenga,Dargo,Boulmiougou-mossi
Centre-Nord,Namentenga,Dargo,Boulmiougou-peulh
Centre-Nord,Namentenga,Dargo,Darbilin
Centre-Nord,Namentenga,Dargo,Dargo
Centre-Nord,Namentenga,Dargo,Dazanrin
Centre-Nord,Namentenga,Dargo,Falguin
Centre-Nord,Namentenga,Dargo,Kancé
Centre-Nord,Namentenga,Dargo,Kogossablogo
Centre-Nord,Namentenga,Dargo,Komtoèga
Centre-Nord,Namentenga,Dargo,Namassa
Centre-Nord,Namentenga,Dargo,Noli
Centre-Nord,Namentenga,Dargo,Taksséné
Centre-Nord,Namentenga,Dargo,Towogodo
Centre-Nord,Namentenga,Dargo,Yaongo
Centre-Nord,Namentenga,Dargo,Yelembidou
Centre-Nord,Namentenga,Dargo,Youguin
Centre-Nord,Namentenga,Dargo,Zisségré (Taksséné)
Centre-Nord,Namentenga,Nagbingou,Bissiguin
Centre-Nord,Namentenga,Nagbingou,Boalin 1
Centre-Nord,Namentenga,Nagbingou,Boalin 2
Centre-Nord,Namentenga,Nagbingou,Bougou
Centre-Nord,Namentenga,Nagbingou,Bouloumana
Centre-Nord,Namentenga,Nagbingou,Finga
Centre-Nord,Namentenga,Nagbingou,Horéré
Centre-Nord,Namentenga,Nagbingou,Kankienga
Centre-Nord,Namentenga,Nagbingou,Kotoulgoum
Centre-Nord,Namentenga,Nagbingou,Kouhini
Centre-Nord,Namentenga,Nagbingou,Kouini
Centre-Nord,Namentenga,Nagbingou,Koulébéaga
Centre-Nord,Namentenga,Nagbingou,Kyèntsom
Centre-Nord,Namentenga,Nagbingou,Léournyou
Centre-Nord,Namentenga,Nagbingou,Nagbingou
Centre-Nord,Namentenga,Nagbingou,Nagbingou 2
Centre-Nord,Namentenga,Nagbingou,Ok Mbang Ha
Centre-Nord,Namentenga,Nagbingou,Pelsé
Centre-Nord,Namentenga,Nagbingou,Pirkou
Centre-Nord,Namentenga,Nagbingou,Rassamtanga
Centre-Nord,Namentenga,Nagbingou,Zélemsondé
Centre-Nord,Namentenga,Tougouri,Alfiré
Centre-Nord,Namentenga,Tougouri,Ambkaongo
Centre-Nord,Namentenga,Tougouri,Bagadé
Centre-Nord,Namentenga,Tougouri,Bagmaskierga
Centre-Nord,Namentenga,Tougouri,Bolé
Centre-Nord,Namentenga,Tougouri,Boulhiba
Centre-Nord,Namentenga,Tougouri,Dabossomnoré
Centre-Nord,Namentenga,Tougouri,Daouirba
Centre-Nord,Namentenga,Tougouri,Doumissibanko
Centre-Nord,Namentenga,Tougouri,Gargo
Centre-Nord,Namentenga,Tougouri,Gompélgo
Centre-Nord,Namentenga,Tougouri,Jitoera
Centre-Nord,Namentenga,Tougouri,Kalitaguin
Centre-Nord,Namentenga,Tougouri,Kombangbedo
Centre-Nord,Namentenga,Tougouri,Koulponsogho
Centre-Nord,Namentenga,Tougouri,Lougouzou
Centre-Nord,Namentenga,Tougouri,Nabelin
Centre-Nord,Namentenga,Tougouri,Namassa
Centre-Nord,Namentenga,Tougouri,Namtenga
Centre-Nord,Namentenga,Tougouri,Nanbox-Yiri
Centre-Nord,Namentenga,Tougouri,Nare-yarcé
Centre-Nord,Namentenga,Tougouri,Naré
Centre-Nord,Namentenga,Tougouri,Nassobgué
Centre-Nord,Namentenga,Tougouri,Nioundougou
Centre-Nord,Namentenga,Tougouri,Ouagamce
Centre-Nord,Namentenga,Tougouri,Ouatinapam
Centre-Nord,Namentenga,Tougouri,Ouattigué
Centre-Nord,Namentenga,Tougouri,Paspanga
Centre-Nord,Namentenga,Tougouri,Pelga
Centre-Nord,Namentenga,Tougouri,Piliga
Centre-Nord,Namentenga,Tougouri,Regtenga
Centre-Nord,Namentenga,Tougouri,Sagouem
Centre-Nord,Namentenga,Tougouri,Satembila
Centre-Nord,Namentenga,Tougouri,Taffogo
Centre-Nord,Namentenga,Tougouri,Taonsgho
Centre-Nord,Namentenga,Tougouri,Taonsogo
Centre-Nord,Namentenga,Tougouri,Tidimtoa
Centre-Nord,Namentenga,Tougouri,Tilga
Centre-Nord,Namentenga,Tougouri,Tilga-bangré
Centre-Nord,Namentenga,Tougouri,Tissimi
Centre-Nord,Namentenga,Tougouri,Tougouri
Centre-Nord,Namentenga,Tougouri,Towacé
Centre-Nord,Namentenga,Tougouri,Toyogodin
Centre-Nord,Namentenga,Tougouri,Wolé
Centre-Nord,Namentenga,Tougouri,Yaguin
Centre-Nord,Namentenga,Tougouri,Yaloré
Centre-Nord,Namentenga,Tougouri,Yoada
Centre-Nord,Namentenga,Tougouri,Zomnogo-bangré
Centre-Nord,Namentenga,Tougouri,Zorgho
Centre-Nord,Namentenga,Yalgo,Bankienga
Centre-Nord,Namentenga,Yalgo,Boulmanga
Centre-Nord,Namentenga,Yalgo,Bouèn-Yaga
Centre-Nord,Namentenga,Yalgo,Gouengo
Centre-Nord,Namentenga,Yalgo,Kadyanbédayiri
Centre-Nord,Namentenga,Yalgo,Kario
Centre-Nord,Namentenga,Yalgo,Kirsiri
Centre-Nord,Namentenga,Yalgo,Kom-kom-Yiri
Centre-Nord,Namentenga,Yalgo,Koulgonda
Centre-Nord,Namentenga,Yalgo,Mamanguel
Centre-Nord,Namentenga,Yalgo,Meodjé
Centre-Nord,Namentenga,Yalgo,Nongfaïré
Centre-Nord,Namentenga,Yalgo,Sardi Ouala
Centre-Nord,Namentenga,Yalgo,Taparko
Centre-Nord,Namentenga,Yalgo,Toguina
Centre-Nord,Namentenga,Yalgo,Yalgo
Centre-Nord,Namentenga,Zéguédéguen,Badinogo
Centre-Nord,Namentenga,Zéguédéguen,Boumtenga
Centre-Nord,Namentenga,Zéguédéguen,Dassambimba
Centre-Nord,Namentenga,Zéguédéguen,Dosborgo
Centre-Nord,Namentenga,Zéguédéguen,Kogonéré
Centre-Nord,Namentenga,Zéguédéguen,Lagobilin
Centre-Nord,Namentenga,Zéguédéguen,Lankiandé
Centre-Nord,Namentenga,Zéguédéguen,Lillougou
Centre-Nord,Namentenga,Zéguédéguen,Louda-Peulh
Centre-Nord,Namentenga,Zéguédéguen,Nitenga (Lagobilin)
Centre-Nord,Namentenga,Zéguédéguen,Nomikidou
Centre-Nord,Namentenga,Zéguédéguen,Ouabedi
Centre-Nord,Namentenga,Zéguédéguen,Pissi
Centre-Nord,Namentenga,Zéguédéguen,Tigoarin
Centre-Nord,Namentenga,Zéguédéguen,Zéguédéghin
Centre-Nord,Namentenga,Zéguédéguen,Zéguédéguin-Mossi
Centre-Nord,Namentenga,Zéguédéguen,Zéguédéguin-peulh
Centre-Nord,Sanmatenga,Barsalogho,Alamou
Centre-Nord,Sanmatenga,Barsalogho,Bafina
Centre-Nord,Sanmatenga,Barsalogho,Bangmiougou
Centre-Nord,Sanmatenga,Barsalogho,Bangrin
Centre-Nord,Sanmatenga,Barsalogho,Baramiougou
Centre-Nord,Sanmatenga,Barsalogho,Barsalogho
Centre-Nord,Sanmatenga,Barsalogho,Basma
Centre-Nord,Sanmatenga,Barsalogho,Biguelle
Centre-Nord,Sanmatenga,Barsalogho,Bilibalogo
Centre-Nord,Sanmatenga,Barsalogho,Biou
Centre-Nord,Sanmatenga,Barsalogho,Bolle
Centre-Nord,Sanmatenga,Barsalogho,Borko
Centre-Nord,Sanmatenga,Barsalogho,Boulsbaongo
Centre-Nord,Sanmatenga,Barsalogho,Bundissin
Centre-Nord,Sanmatenga,Barsalogho,Bébéré
Centre-Nord,Sanmatenga,Barsalogho,Daobaongo
Centre-Nord,Sanmatenga,Barsalogho,Daralomgomdé
Centre-Nord,Sanmatenga,Barsalogho,Darkoa
Centre-Nord,Sanmatenga,Barsalogho,Doaré
Centre-Nord,Sanmatenga,Barsalogho,Dobèrè
Centre-Nord,Sanmatenga,Barsalogho,Foubé
Centre-Nord,Sanmatenga,Barsalogho,Gabou
Centre-Nord,Sanmatenga,Barsalogho,Gagui
Centre-Nord,Sanmatenga,Barsalogho,Garka
Centre-Nord,Sanmatenga,Barsalogho,Gasamdamdé
Centre-Nord,Sanmatenga,Barsalogho,Goenega
Centre-Nord,Sanmatenga,Barsalogho,Goundoukay
Centre-Nord,Sanmatenga,Barsalogho,Guiendbila
Centre-Nord,Sanmatenga,Barsalogho,Illigué
Centre-Nord,Sanmatenga,Barsalogho,Kamsé
Centre-Nord,Sanmatenga,Barsalogho,Kamsé-Peulh
Centre-Nord,Sanmatenga,Barsalogho,Kassaye
Centre-Nord,Sanmatenga,Barsalogho,Kaïbila
Centre-Nord,Sanmatenga,Barsalogho,Kondibito-Peulh
Centre-Nord,Sanmatenga,Barsalogho,Korko
Centre-Nord,Sanmatenga,Barsalogho,Korko-Mossi
Centre-Nord,Sanmatenga,Barsalogho,Korko-Natenga
Centre-Nord,Sanmatenga,Barsalogho,Korko-Peulh
Centre-Nord,Sanmatenga,Barsalogho,Korombouli
Centre-Nord,Sanmatenga,Barsalogho,Kossoghin
Centre-Nord,Sanmatenga,Barsalogho,Kourésilogo
Centre-Nord,Sanmatenga,Barsalogho,Kégléssé
Centre-Nord,Sanmatenga,Barsalogho,Kékobo
Centre-Nord,Sanmatenga,Barsalogho,Lafi
Centre-Nord,Sanmatenga,Barsalogho,Ligomdé
Centre-Nord,Sanmatenga,Barsalogho,Loughary
Centre-Nord,Sanmatenga,Barsalogho,Madou
Centre-Nord,Sanmatenga,Barsalogho,Nagraogo
Centre-Nord,Sanmatenga,Barsalogho,Nagraogo-Foulcé
Centre-Nord,Sanmatenga,Barsalogho,Naisinango
Centre-Nord,Sanmatenga,Barsalogho,Nakombogo
Centre-Nord,Sanmatenga,Barsalogho,Ngongordé
Centre-Nord,Sanmatenga,Barsalogho,Nongo (yimboulsa)
Centre-Nord,Sanmatenga,Barsalogho,Nongo-Peulh
Centre-Nord,Sanmatenga,Barsalogho,Nyaguéré
Centre-Nord,Sanmatenga,Barsalogho,Papao
Centre-Nord,Sanmatenga,Barsalogho,Poéssin
Centre-Nord,Sanmatenga,Barsalogho,Ringuema
Centre-Nord,Sanmatenga,Barsalogho,Rokoutin
Centre-Nord,Sanmatenga,Barsalogho,Sagho
Centre-Nord,Sanmatenga,Barsalogho,Sagoèm
Centre-Nord,Sanmatenga,Barsalogho,Sakyèmbo
Centre-Nord,Sanmatenga,Barsalogho,Sanba
Centre-Nord,Sanmatenga,Barsalogho,Sanba-Peulh
Centre-Nord,Sanmatenga,Barsalogho,Sidiga
Centre-Nord,Sanmatenga,Barsalogho,Sidogo
Centre-Nord,Sanmatenga,Barsalogho,Siguinoguen
Centre-Nord,Sanmatenga,Barsalogho,Sintoèra
Centre-Nord,Sanmatenga,Barsalogho,Solanga
Centre-Nord,Sanmatenga,Barsalogho,Somyalka
Centre-Nord,Sanmatenga,Barsalogho,Soropèndé
Centre-Nord,Sanmatenga,Barsalogho,Soudougou
Centre-Nord,Sanmatenga,Barsalogho,Tamasssogo
Centre-Nord,Sanmatenga,Barsalogho,Tanghin
Centre-Nord,Sanmatenga,Barsalogho,Tanguiligui
Centre-Nord,Sanmatenga,Barsalogho,Tankienga
Centre-Nord,Sanmatenga,Barsalogho,Tansega
Centre-Nord,Sanmatenga,Barsalogho,Tansèra
Centre-Nord,Sanmatenga,Barsalogho,Tanséga
Centre-Nord,Sanmatenga,Barsalogho,Tatoukou
Centre-Nord,Sanmatenga,Barsalogho,Tengoro
Centre-Nord,Sanmatenga,Barsalogho,Toecé
Centre-Nord,Sanmatenga,Barsalogho,Toekedogo
Centre-Nord,Sanmatenga,Barsalogho,Toidyougou
Centre-Nord,Sanmatenga,Barsalogho,Toyendé
Centre-Nord,Sanmatenga,Barsalogho,Toékoundi
Centre-Nord,Sanmatenga,Barsalogho,Wanbsouya
Centre-Nord,Sanmatenga,Barsalogho,Woskossogo
Centre-Nord,Sanmatenga,Barsalogho,Yaka
Centre-Nord,Sanmatenga,Barsalogho,Yantega
Centre-Nord,Sanmatenga,Barsalogho,Yimboulsa
Centre-Nord,Sanmatenga,Barsalogho,Yirougou
Centre-Nord,Sanmatenga,Barsalogho,Zimsa
Centre-Nord,Sanmatenga,Barsalogho,Zongo
Centre-Nord,Sanmatenga,Barsalogho,Zontibé
Centre-Nord,Sanmatenga,Barsalogho,Zorbo
Centre-Nord,Sanmatenga,Barsalogho,Zoungô
Centre-Nord,Sanmatenga,Barsalogho,Zénzèba
Centre-Nord,Sanmatenga,Barsalogho,kogoyendé
Centre-Nord,Sanmatenga,Barsalogho,kondibito
Centre-Nord,Sanmatenga,Barsalogho,koulholé
Centre-Nord,Sanmatenga,Boussouma,Antoa
Centre-Nord,Sanmatenga,Boussouma,Balbo-Peulh
Centre-Nord,Sanmatenga,Boussouma,Bangkiemdé-Bangré
Centre-Nord,Sanmatenga,Boussouma,Bendogo
Centre-Nord,Sanmatenga,Boussouma,Bendogo-Peulh
Centre-Nord,Sanmatenga,Boussouma,Biguissi (Guirb-Loundogo)
Centre-Nord,Sanmatenga,Boussouma,Birgui
Centre-Nord,Sanmatenga,Boussouma,Bissinogo-peulh
Centre-Nord,Sanmatenga,Boussouma,Boalla
Centre-Nord,Sanmatenga,Boussouma,Booré
Centre-Nord,Sanmatenga,Boussouma,Boulsin
Centre-Nord,Sanmatenga,Boussouma,Boussouma
Centre-Nord,Sanmatenga,Boussouma,Damgagui
Centre-Nord,Sanmatenga,Boussouma,Damiougou
Centre-Nord,Sanmatenga,Boussouma,Delguin-Yarcé
Centre-Nord,Sanmatenga,Boussouma,Douré
Centre-Nord,Sanmatenga,Boussouma,Fatin
Centre-Nord,Sanmatenga,Boussouma,Forgui
Centre-Nord,Sanmatenga,Boussouma,Fouti
Centre-Nord,Sanmatenga,Boussouma,Foutrigui
Centre-Nord,Sanmatenga,Boussouma,Gangargui
Centre-Nord,Sanmatenga,Boussouma,Goaragui
Centre-Nord,Sanmatenga,Boussouma,Gofila
Centre-Nord,Sanmatenga,Boussouma,Goulli
Centre-Nord,Sanmatenga,Boussouma,Guilla
Centre-Nord,Sanmatenga,Boussouma,Guirb-Loundogo
Centre-Nord,Sanmatenga,Boussouma,Hanhui
Centre-Nord,Sanmatenga,Boussouma,Kaamdaogo-Goundrin
Centre-Nord,Sanmatenga,Boussouma,Kanretenga
Centre-Nord,Sanmatenga,Boussouma,Kassiri
Centre-Nord,Sanmatenga,Boussouma,Kiemtenga
Centre-Nord,Sanmatenga,Boussouma,Koloog-Samba
Centre-Nord,Sanmatenga,Boussouma,Koutoumtenga
Centre-Nord,Sanmatenga,Boussouma,Liligonndé
Centre-Nord,Sanmatenga,Boussouma,Linoré
Centre-Nord,Sanmatenga,Boussouma,"Louda (Boalla, Koloog-Samba, Nassoog-Tanghin)"
Centre-Nord,Sanmatenga,Boussouma,Louda-Peulh
Centre-Nord,Sanmatenga,Boussouma,Massa
Centre-Nord,Sanmatenga,Boussouma,Nakourtenga
Centre-Nord,Sanmatenga,Boussouma,Napamboumbou
Centre-Nord,Sanmatenga,Boussouma,Nasré
Centre-Nord,Sanmatenga,Boussouma,Nassoog-Tanghin
Centre-Nord,Sanmatenga,Boussouma,Nessemtenga
Centre-Nord,Sanmatenga,Boussouma,Niniongo
Centre-Nord,Sanmatenga,Boussouma,Oualogtenga-Peulh
Centre-Nord,Sanmatenga,Boussouma,Ouga-Yarcé
Centre-Nord,Sanmatenga,Boussouma,Pana
Centre-Nord,Sanmatenga,Boussouma,Pousgo
Centre-Nord,Sanmatenga,Boussouma,Riguin-Tanguin
Centre-Nord,Sanmatenga,Boussouma,Salaghin
Centre-Nord,Sanmatenga,Boussouma,Santéna
Centre-Nord,Sanmatenga,Boussouma,Senéguen
Centre-Nord,Sanmatenga,Boussouma,Sidogo
Centre-Nord,Sanmatenga,Boussouma,Signoguen
Centre-Nord,Sanmatenga,Boussouma,Siguinvousé
Centre-Nord,Sanmatenga,Boussouma,Singué
Centre-Nord,Sanmatenga,Boussouma,Sirgui
Centre-Nord,Sanmatenga,Boussouma,Sisè
Centre-Nord,Sanmatenga,Boussouma,Soaga
Centre-Nord,Sanmatenga,Boussouma,Soma-Peulh
Centre-Nord,Sanmatenga,Boussouma,Songodin
Centre-Nord,Sanmatenga,Boussouma,Sèra
Centre-Nord,Sanmatenga,Boussouma,Tafga
Centre-Nord,Sanmatenga,Boussouma,Tagalla
Centre-Nord,Sanmatenga,Boussouma,Tampèlga
Centre-Nord,Sanmatenga,Boussouma,Tangséga
Centre-Nord,Sanmatenga,Boussouma,Tanguin-Peulh
Centre-Nord,Sanmatenga,Boussouma,Tanhoko
Centre-Nord,Sanmatenga,Boussouma,Tanlouka
Centre-Nord,Sanmatenga,Boussouma,Tanmiga
Centre-Nord,Sanmatenga,Boussouma,Tansoba-Imiougou
Centre-Nord,Sanmatenga,Boussouma,Tansobo-Tanguin
Centre-Nord,Sanmatenga,Boussouma,Tarala
Centre-Nord,Sanmatenga,Boussouma,Wèda
Centre-Nord,Sanmatenga,Boussouma,Yalgouéogo
Centre-Nord,Sanmatenga,Boussouma,Yonbtenga
Centre-Nord,Sanmatenga,Boussouma,Zanzi
Centre-Nord,Sanmatenga,Boussouma,Zikièmé
Centre-Nord,Sanmatenga,Dablo,Bawenné
Centre-Nord,Sanmatenga,Dablo,Bini
Centre-Nord,Sanmatenga,Dablo,Bollaé
Centre-Nord,Sanmatenga,Dablo,Bollé
Centre-Nord,Sanmatenga,Dablo,Boudéré
Centre-Nord,Sanmatenga,Dablo,Dablo
Centre-Nord,Sanmatenga,Dablo,Daké
Centre-Nord,Sanmatenga,Dablo,Doffi
Centre-Nord,Sanmatenga,Dablo,Dou
Centre-Nord,Sanmatenga,Dablo,Gorasola
Centre-Nord,Sanmatenga,Dablo,Goroué
Centre-Nord,Sanmatenga,Dablo,Guelkoto
Centre-Nord,Sanmatenga,Dablo,Koupélà
Centre-Nord,Sanmatenga,Dablo,Loada
Centre-Nord,Sanmatenga,Dablo,Makataka
Centre-Nord,Sanmatenga,Dablo,Mamaifô
Centre-Nord,Sanmatenga,Dablo,Minguèl-Péta
Centre-Nord,Sanmatenga,Dablo,Perko
Centre-Nord,Sanmatenga,Dablo,Pitayré
Centre-Nord,Sanmatenga,Dablo,Soudouwilya
Centre-Nord,Sanmatenga,Dablo,Zambila
Centre-Nord,Sanmatenga,Dablo,samsaka
Centre-Nord,Sanmatenga,Kaya,Arouem
Centre-Nord,Sanmatenga,Kaya,Arouesma
Centre-Nord,Sanmatenga,Kaya,Bakouta
Centre-Nord,Sanmatenga,Kaya,Bandaga-Mossi
Centre-Nord,Sanmatenga,Kaya,Bandaga-Naba-Peulh
Centre-Nord,Sanmatenga,Kaya,Bandaga-Peulh
Centre-Nord,Sanmatenga,Kaya,Bangassé
Centre-Nord,Sanmatenga,Kaya,Baobokin
Centre-Nord,Sanmatenga,Kaya,Barlè
Centre-Nord,Sanmatenga,Kaya,Basbériké
Centre-Nord,Sanmatenga,Kaya,Basnéré
Centre-Nord,Sanmatenga,Kaya,Bendogo
Centre-Nord,Sanmatenga,Kaya,Biri
Centre-Nord,Sanmatenga,Kaya,Bissiga
Centre-Nord,Sanmatenga,Kaya,Bissiguin
Centre-Nord,Sanmatenga,Kaya,Chalro
Centre-Nord,Sanmatenga,Kaya,Dahisma
Centre-Nord,Sanmatenga,Kaya,Damané
Centre-Nord,Sanmatenga,Kaya,Dapologo
Centre-Nord,Sanmatenga,Kaya,Dasmesma
Centre-Nord,Sanmatenga,Kaya,Delga
Centre-Nord,Sanmatenga,Kaya,Dem
Centre-Nord,Sanmatenga,Kaya,Dembila-Mossi
Centre-Nord,Sanmatenga,Kaya,Dembila-Peulh
Centre-Nord,Sanmatenga,Kaya,Dimassa
Centre-Nord,Sanmatenga,Kaya,Dondollé
Centre-Nord,Sanmatenga,Kaya,Fanka
Centre-Nord,Sanmatenga,Kaya,Foulou-Yarcé
Centre-Nord,Sanmatenga,Kaya,Foura
Centre-Nord,Sanmatenga,Kaya,Gantodogo
Centre-Nord,Sanmatenga,Kaya,Gombré
Centre-Nord,Sanmatenga,Kaya,Gouguin
Centre-Nord,Sanmatenga,Kaya,Goulguin-Yarcé
Centre-Nord,Sanmatenga,Kaya,Gâh
Centre-Nord,Sanmatenga,Kaya,Ilyalla
Centre-Nord,Sanmatenga,Kaya,Iryastenga
Centre-Nord,Sanmatenga,Kaya,Kalambaogo
Centre-Nord,Sanmatenga,Kaya,Kamsaogo
Centre-Nord,Sanmatenga,Kaya,Kankandé
Centre-Nord,Sanmatenga,Kaya,Kaya
Centre-Nord,Sanmatenga,Kaya,Kirigtenga
Centre-Nord,Sanmatenga,Kaya,Komsilga
Centre-Nord,Sanmatenga,Kaya,Konkin
Centre-Nord,Sanmatenga,Kaya,Konéan
Centre-Nord,Sanmatenga,Kaya,Kougouri
Centre-Nord,Sanmatenga,Kaya,Koulogo
Centre-Nord,Sanmatenga,Kaya,Koumnoro
Centre-Nord,Sanmatenga,Kaya,Koutoula-Yarcé
Centre-Nord,Sanmatenga,Kaya,Linkilga
Centre-Nord,Sanmatenga,Kaya,Loundogo
Centre-Nord,Sanmatenga,Kaya,Légouré
Centre-Nord,Sanmatenga,Kaya,Lélèguéssé
Centre-Nord,Sanmatenga,Kaya,Nabamahogma
Centre-Nord,Sanmatenga,Kaya,Namsigui
Centre-Nord,Sanmatenga,Kaya,Napalgué
Centre-Nord,Sanmatenga,Kaya,Niangado
Centre-Nord,Sanmatenga,Kaya,Nongfaïré-Bangré
Centre-Nord,Sanmatenga,Kaya,Nongfaïré-Mossi
Centre-Nord,Sanmatenga,Kaya,Oualga
Centre-Nord,Sanmatenga,Kaya,Pampa
Centre-Nord,Sanmatenga,Kaya,Pasbaolé
Centre-Nord,Sanmatenga,Kaya,Paspanga
Centre-Nord,Sanmatenga,Kaya,Pisèn
Centre-Nord,Sanmatenga,Kaya,Pousdem
Centre-Nord,Sanmatenga,Kaya,Roaguin
Centre-Nord,Sanmatenga,Kaya,Roumtenga
Centre-Nord,Sanmatenga,Kaya,Sagwèm
Centre-Nord,Sanmatenga,Kaya,Sanrgo
Centre-Nord,Sanmatenga,Kaya,Sanrgo-Peulh
Centre-Nord,Sanmatenga,Kaya,Santakoudgo
Centre-Nord,Sanmatenga,Kaya,Sian
Centre-Nord,Sanmatenga,Kaya,Sidouré
Centre-Nord,Sanmatenga,Kaya,Silga
Centre-Nord,Sanmatenga,Kaya,Silmiougou
Centre-Nord,Sanmatenga,Kaya,Songodin
Centre-Nord,Sanmatenga,Kaya,Sorgo
Centre-Nord,Sanmatenga,Kaya,Sorogo
Centre-Nord,Sanmatenga,Kaya,Sébila
Centre-Nord,Sanmatenga,Kaya,Tampèlga-Yarcé
Centre-Nord,Sanmatenga,Kaya,Tangasgo
Centre-Nord,Sanmatenga,Kaya,Tanguiéma
Centre-Nord,Sanmatenga,Kaya,Tanpèlga
Centre-Nord,Sanmatenga,Kaya,Temmiga
Centre-Nord,Sanmatenga,Kaya,Tibtenga
Centre-Nord,Sanmatenga,Kaya,Tiffou
Centre-Nord,Sanmatenga,Kaya,Tiouéga
Centre-Nord,Sanmatenga,Kaya,Tiyo
Centre-Nord,Sanmatenga,Kaya,Tougouri
Centre-Nord,Sanmatenga,Kaya,Toécé
Centre-Nord,Sanmatenga,Kaya,Waftoèga
Centre-Nord,Sanmatenga,Kaya,Wasobè
Centre-Nord,Sanmatenga,Kaya,Wintobaka
Centre-Nord,Sanmatenga,Kaya,Wésèntenga
Centre-Nord,Sanmatenga,Kaya,Zablo
Centre-Nord,Sanmatenga,Kaya,Zandogo
Centre-Nord,Sanmatenga,Kaya,Zimidou
Centre-Nord,Sanmatenga,Kaya,Zingdnogo
Centre-Nord,Sanmatenga,Kaya,Zorkoum
Centre-Nord,Sanmatenga,Kaya,Zoura
Centre-Nord,Sanmatenga,Kaya,Zérédéguen
Centre-Nord,Sanmatenga,Korsimoro,Bagabin Noungou
Centre-Nord,Sanmatenga,Korsimoro,Baskoudré-Mossi
Centre-Nord,Sanmatenga,Korsimoro,Baskoudré-Peulh
Centre-Nord,Sanmatenga,Korsimoro,Boalen
Centre-Nord,Sanmatenga,Korsimoro,Dollé
Centre-Nord,Sanmatenga,Korsimoro,Foulla
Centre-Nord,Sanmatenga,Korsimoro,Ilartenga
Centre-Nord,Sanmatenga,Korsimoro,Imiougou-Natenga
Centre-Nord,Sanmatenga,Korsimoro,Ipalla
Centre-Nord,Sanmatenga,Korsimoro,Kiendpalogo
Centre-Nord,Sanmatenga,Korsimoro,Kirbaka
Centre-Nord,Sanmatenga,Korsimoro,Korsimoro
Centre-Nord,Sanmatenga,Korsimoro,Koutoubéré
Centre-Nord,Sanmatenga,Korsimoro,Mederin-Peulh
Centre-Nord,Sanmatenga,Korsimoro,Nigui
Centre-Nord,Sanmatenga,Korsimoro,Nimpoui
Centre-Nord,Sanmatenga,Korsimoro,Noungou
Centre-Nord,Sanmatenga,Korsimoro,Ouara
Centre-Nord,Sanmatenga,Korsimoro,Ouidin
Centre-Nord,Sanmatenga,Korsimoro,Ouitenga-Poecin
Centre-Nord,Sanmatenga,Korsimoro,Pissiga
Centre-Nord,Sanmatenga,Korsimoro,Pissin
Centre-Nord,Sanmatenga,Korsimoro,Pousguen
Centre-Nord,Sanmatenga,Korsimoro,Sabouri-Nakoara
Centre-Nord,Sanmatenga,Korsimoro,Sabouri-Natenga (Pissiga)
Centre-Nord,Sanmatenga,Korsimoro,Sabouri-Sonkin
Centre-Nord,Sanmatenga,Korsimoro,Silmtenga
Centre-Nord,Sanmatenga,Korsimoro,Soundogo
Centre-Nord,Sanmatenga,Korsimoro,Tamboko
Centre-Nord,Sanmatenga,Korsimoro,Tampélga
Centre-Nord,Sanmatenga,Korsimoro,Tansablogo
Centre-Nord,Sanmatenga,Korsimoro,Tansin
Centre-Nord,Sanmatenga,Korsimoro,Taonsgo
Centre-Nord,Sanmatenga,Korsimoro,Toulguéré-Peulh
Centre-Nord,Sanmatenga,Korsimoro,Yaoghin
Centre-Nord,Sanmatenga,Korsimoro,Zaibtenga
Centre-Nord,Sanmatenga,Korsimoro,Zourtenga
Centre-Nord,Sanmatenga,Mané,Abra
Centre-Nord,Sanmatenga,Mané,Arofo
Centre-Nord,Sanmatenga,Mané,Bangré
Centre-Nord,Sanmatenga,Mané,Banguessom
Centre-Nord,Sanmatenga,Mané,Baskouda
Centre-Nord,Sanmatenga,Mané,Basnéré
Centre-Nord,Sanmatenga,Mané,Beguentiga
Centre-Nord,Sanmatenga,Mané,Bokin
Centre-Nord,Sanmatenga,Mané,Boulli
Centre-Nord,Sanmatenga,Mané,Boulskom
Centre-Nord,Sanmatenga,Mané,Bouïdi
Centre-Nord,Sanmatenga,Mané,Bèndogo
Centre-Nord,Sanmatenga,Mané,Débéré
Centre-Nord,Sanmatenga,Mané,Enaba
Centre-Nord,Sanmatenga,Mané,Fouideboko
Centre-Nord,Sanmatenga,Mané,Galla
Centre-Nord,Sanmatenga,Mané,Gantolsougo
Centre-Nord,Sanmatenga,Mané,Goassa
Centre-Nord,Sanmatenga,Mané,Gorin
Centre-Nord,Sanmatenga,Mané,Gosbila
Centre-Nord,Sanmatenga,Mané,Goudrin
Centre-Nord,Sanmatenga,Mané,Guinda-Yarcé
Centre-Nord,Sanmatenga,Mané,Guinsa
Centre-Nord,Sanmatenga,Mané,Ignongo
Centre-Nord,Sanmatenga,Mané,Itaoré
Centre-Nord,Sanmatenga,Mané,Kissirgouem
Centre-Nord,Sanmatenga,Mané,Koankè
Centre-Nord,Sanmatenga,Mané,Kologoukom
Centre-Nord,Sanmatenga,Mané,Komestenga
Centre-Nord,Sanmatenga,Mané,Komsilga
Centre-Nord,Sanmatenga,Mané,Konlébsé
Centre-Nord,Sanmatenga,Mané,Koukouré
Centre-Nord,Sanmatenga,Mané,Koulogho
Centre-Nord,Sanmatenga,Mané,Kouïbanka
Centre-Nord,Sanmatenga,Mané,Lankwé
Centre-Nord,Sanmatenga,Mané,Lannti
Centre-Nord,Sanmatenga,Mané,Lessitenga
Centre-Nord,Sanmatenga,Mané,Liliga
Centre-Nord,Sanmatenga,Mané,Malou
Centre-Nord,Sanmatenga,Mané,Mané
Centre-Nord,Sanmatenga,Mané,Mané-Mossi
Centre-Nord,Sanmatenga,Mané,Mané-Peulh
Centre-Nord,Sanmatenga,Mané,Nakombogo
Centre-Nord,Sanmatenga,Mané,Namassa
Centre-Nord,Sanmatenga,Mané,Namtenga
Centre-Nord,Sanmatenga,Mané,Niongsin
Centre-Nord,Sanmatenga,Mané,Nonghin
Centre-Nord,Sanmatenga,Mané,Noungou de Komestenga
Centre-Nord,Sanmatenga,Mané,Noungou de Sanga
Centre-Nord,Sanmatenga,Mané,Ouattinoma
Centre-Nord,Sanmatenga,Mané,Ouénané
Centre-Nord,Sanmatenga,Mané,Rabélé
Centre-Nord,Sanmatenga,Mané,Riamsa
Centre-Nord,Sanmatenga,Mané,Sabouri
Centre-Nord,Sanmatenga,Mané,Samkoudougou
Centre-Nord,Sanmatenga,Mané,Sanba
Centre-Nord,Sanmatenga,Mané,Sanga
Centre-Nord,Sanmatenga,Mané,Saorzi
Centre-Nord,Sanmatenga,Mané,Saou
Centre-Nord,Sanmatenga,Mané,Silmidougou
Centre-Nord,Sanmatenga,Mané,Soubsi
Centre-Nord,Sanmatenga,Mané,Tambougou
Centre-Nord,Sanmatenga,Mané,Tanlalllé
Centre-Nord,Sanmatenga,Mané,Tanlargo
Centre-Nord,Sanmatenga,Mané,Tanloukoa
Centre-Nord,Sanmatenga,Mané,Tansega
Centre-Nord,Sanmatenga,Mané,Tanzéongo
Centre-Nord,Sanmatenga,Mané,Tiben
Centre-Nord,Sanmatenga,Mané,Tigsarbo
Centre-Nord,Sanmatenga,Mané,Togoma
Centre-Nord,Sanmatenga,Mané,Wabo
Centre-Nord,Sanmatenga,Mané,Yabo
Centre-Nord,Sanmatenga,Mané,Yargo
Centre-Nord,Sanmatenga,Mané,Yikoudgo
Centre-Nord,Sanmatenga,Mané,Zangwi
Centre-Nord,Sanmatenga,Mané,Zaouna
Centre-Nord,Sanmatenga,Mané,Zincko
Centre-Nord,Sanmatenga,Namissiguima,Balbou
Centre-Nord,Sanmatenga,Namissiguima,Baskondo
Centre-Nord,Sanmatenga,Namissiguima,Bikatawa
Centre-Nord,Sanmatenga,Namissiguima,Dahiri
Centre-Nord,Sanmatenga,Namissiguima,Galouenga
Centre-Nord,Sanmatenga,Namissiguima,Issao
Centre-Nord,Sanmatenga,Namissiguima,Koglobaraogo
Centre-Nord,Sanmatenga,Namissiguima,Koundibokin
Centre-Nord,Sanmatenga,Namissiguima,Namissiguima
Centre-Nord,Sanmatenga,Namissiguima,Nawoubkiba
Centre-Nord,Sanmatenga,Namissiguima,Nionranga
Centre-Nord,Sanmatenga,Namissiguima,Obikyibo
Centre-Nord,Sanmatenga,Namissiguima,Ouenaftenga
Centre-Nord,Sanmatenga,Namissiguima,Pickoutenga-peulh
Centre-Nord,Sanmatenga,Namissiguima,Ranga
Centre-Nord,Sanmatenga,Namissiguima,Somlamesma
Centre-Nord,Sanmatenga,Namissiguima,Tamsin
Centre-Nord,Sanmatenga,Namissiguima,Tansablougou
Centre-Nord,Sanmatenga,Pensa,Ankouna
Centre-Nord,Sanmatenga,Pensa,Badnongo
Centre-Nord,Sanmatenga,Pensa,Bangkiemdé-Bangré
Centre-Nord,Sanmatenga,Pensa,Bassia
Centre-Nord,Sanmatenga,Pensa,Bou
Centre-Nord,Sanmatenga,Pensa,Boulga
Centre-Nord,Sanmatenga,Pensa,Dioami
Centre-Nord,Sanmatenga,Pensa,Dopané
Centre-Nord,Sanmatenga,Pensa,Doro
Centre-Nord,Sanmatenga,Pensa,Faka Boulli
Centre-Nord,Sanmatenga,Pensa,Faramoura
Centre-Nord,Sanmatenga,Pensa,Ikouten
Centre-Nord,Sanmatenga,Pensa,Imsélé
Centre-Nord,Sanmatenga,Pensa,Kakambaogo
Centre-Nord,Sanmatenga,Pensa,Koula
Centre-Nord,Sanmatenga,Pensa,Mognaba
Centre-Nord,Sanmatenga,Pensa,Nahi-Peulh
Centre-Nord,Sanmatenga,Pensa,Nama
Centre-Nord,Sanmatenga,Pensa,Ouapaci
Centre-Nord,Sanmatenga,Pensa,Ouatinoma
Centre-Nord,Sanmatenga,Pensa,Pakodé
Centre-Nord,Sanmatenga,Pensa,Pensa-Natenga
Centre-Nord,Sanmatenga,Pensa,Raogo
Centre-Nord,Sanmatenga,Pensa,Sarbila
Centre-Nord,Sanmatenga,Pensa,Silébilé
Centre-Nord,Sanmatenga,Pensa,Soapa
Centre-Nord,Sanmatenga,Pensa,Tanzaka
Centre-Nord,Sanmatenga,Pensa,Yakoné
Centre-Nord,Sanmatenga,Pensa,Yalgo
Centre-Nord,Sanmatenga,Pensa,Yalogo
Centre-Nord,Sanmatenga,Pensa,Yarsé
Centre-Nord,Sanmatenga,Pensa,Zinibéogo (Imsélé)
Centre-Nord,Sanmatenga,Pensa,koutouboulli
Centre-Nord,Sanmatenga,Pibaoré,Bagadogo
Centre-Nord,Sanmatenga,Pibaoré,Bagbin
Centre-Nord,Sanmatenga,Pibaoré,Boalin
Centre-Nord,Sanmatenga,Pibaoré,Foulba
Centre-Nord,Sanmatenga,Pibaoré,Gandi
Centre-Nord,Sanmatenga,Pibaoré,Kankiongo
Centre-Nord,Sanmatenga,Pibaoré,Kaogo
Centre-Nord,Sanmatenga,Pibaoré,Kaonguin
Centre-Nord,Sanmatenga,Pibaoré,Kaonguin-Sanrgo
Centre-Nord,Sanmatenga,Pibaoré,Lado-Peulh
Centre-Nord,Sanmatenga,Pibaoré,Lahagui
Centre-Nord,Sanmatenga,Pibaoré,Mastenga
Centre-Nord,Sanmatenga,Pibaoré,Nabdogo
Centre-Nord,Sanmatenga,Pibaoré,Nabi-Sanrgo
Centre-Nord,Sanmatenga,Pibaoré,Nastenga
Centre-Nord,Sanmatenga,Pibaoré,Niangré-Tansoba
Centre-Nord,Sanmatenga,Pibaoré,Niniongo
Centre-Nord,Sanmatenga,Pibaoré,Ouala
Centre-Nord,Sanmatenga,Pibaoré,Oualogotenga
Centre-Nord,Sanmatenga,Pibaoré,Ouédéguin
Centre-Nord,Sanmatenga,Pibaoré,Pibaoré
Centre-Nord,Sanmatenga,Pibaoré,Péotenga
Centre-Nord,Sanmatenga,Pibaoré,Soudougou
Centre-Nord,Sanmatenga,Pibaoré,Soussé-Sanrgo
Centre-Nord,Sanmatenga,Pibaoré,Tanyoko-Mossi
Centre-Nord,Sanmatenga,Pibaoré,Tanyoko-Peulh
Centre-Nord,Sanmatenga,Pibaoré,Vowogdo (Kankiongo)
Centre-Nord,Sanmatenga,Pibaoré,Zoamba
Centre-Nord,Sanmatenga,Pissila,Banguissi
Centre-Nord,Sanmatenga,Pissila,Banguissom
Centre-Nord,Sanmatenga,Pissila,Barlé
Centre-Nord,Sanmatenga,Pissila,Bollé
Centre-Nord,Sanmatenga,Pissila,Dabourkou
Centre-Nord,Sanmatenga,Pissila,Dawaka
Centre-Nord,Sanmatenga,Pissila,Diassa
Centre-Nord,Sanmatenga,Pissila,Dibga
Centre-Nord,Sanmatenga,Pissila,Dibilou
Centre-Nord,Sanmatenga,Pissila,Douaga
Centre-Nord,Sanmatenga,Pissila,Doundougou
Centre-Nord,Sanmatenga,Pissila,Doungou-Nabitenga
Centre-Nord,Sanmatenga,Pissila,Firka
Centre-Nord,Sanmatenga,Pissila,Gomnaoré
Centre-Nord,Sanmatenga,Pissila,Goèma
Centre-Nord,Sanmatenga,Pissila,Goéya
Centre-Nord,Sanmatenga,Pissila,Guibga
Centre-Nord,Sanmatenga,Pissila,Ipala
Centre-Nord,Sanmatenga,Pissila,Issaogo
Centre-Nord,Sanmatenga,Pissila,Kamsé
Centre-Nord,Sanmatenga,Pissila,Karka
Centre-Nord,Sanmatenga,Pissila,Kenega
Centre-Nord,Sanmatenga,Pissila,Kiemna-Yarcé
Centre-Nord,Sanmatenga,Pissila,Koalma
Centre-Nord,Sanmatenga,Pissila,Kodogo
Centre-Nord,Sanmatenga,Pissila,Kogwedogo
Centre-Nord,Sanmatenga,Pissila,Komsilga
Centre-Nord,Sanmatenga,Pissila,Kossoghin
Centre-Nord,Sanmatenga,Pissila,Lamdoaga
Centre-Nord,Sanmatenga,Pissila,Lebda
Centre-Nord,Sanmatenga,Pissila,Lilbouré
Centre-Nord,Sanmatenga,Pissila,Nanga
Centre-Nord,Sanmatenga,Pissila,Niandin
Centre-Nord,Sanmatenga,Pissila,Nionko
Centre-Nord,Sanmatenga,Pissila,Noaka
Centre-Nord,Sanmatenga,Pissila,Nongtenga
Centre-Nord,Sanmatenga,Pissila,Ouanobian
Centre-Nord,Sanmatenga,Pissila,Ouazindi
Centre-Nord,Sanmatenga,Pissila,Ouidlao
Centre-Nord,Sanmatenga,Pissila,Ouintokoulga
Centre-Nord,Sanmatenga,Pissila,Ountokoulga
Centre-Nord,Sanmatenga,Pissila,Paira
Centre-Nord,Sanmatenga,Pissila,Palsegué
Centre-Nord,Sanmatenga,Pissila,Pilifou
Centre-Nord,Sanmatenga,Pissila,Pissila
Centre-Nord,Sanmatenga,Pissila,Poulallé
Centre-Nord,Sanmatenga,Pissila,Rimkilga
Centre-Nord,Sanmatenga,Pissila,Roffenega
Centre-Nord,Sanmatenga,Pissila,Roumba-Mossi
Centre-Nord,Sanmatenga,Pissila,Roumba-Yarcé
Centre-Nord,Sanmatenga,Pissila,Roungou
Centre-Nord,Sanmatenga,Pissila,Sanbin-Nabitenga
Centre-Nord,Sanmatenga,Pissila,Sirgou
Centre-Nord,Sanmatenga,Pissila,Solomnoré
Centre-Nord,Sanmatenga,Pissila,Sorboulgou
Centre-Nord,Sanmatenga,Pissila,Souli-Peulh
Centre-Nord,Sanmatenga,Pissila,Tallé-Mossi
Centre-Nord,Sanmatenga,Pissila,Tallé-Peulh
Centre-Nord,Sanmatenga,Pissila,Talwéoghin
Centre-Nord,Sanmatenga,Pissila,Tambdogo
Centre-Nord,Sanmatenga,Pissila,Terin-Mossi
Centre-Nord,Sanmatenga,Pissila,Terin-Peulh
Centre-Nord,Sanmatenga,Pissila,Tibi-Yarcé
Centre-Nord,Sanmatenga,Pissila,Tibtenga
Centre-Nord,Sanmatenga,Pissila,Tikato
Centre-Nord,Sanmatenga,Pissila,Tiou Sanben
Centre-Nord,Sanmatenga,Pissila,Tiou-Poécé
Centre-Nord,Sanmatenga,Pissila,Toeghin
Centre-Nord,Sanmatenga,Pissila,Touroum
Centre-Nord,Sanmatenga,Pissila,Tyamana
Centre-Nord,Sanmatenga,Pissila,Tébéré
Centre-Nord,Sanmatenga,Pissila,Téré
Centre-Nord,Sanmatenga,Pissila,Wapassi
Centre-Nord,Sanmatenga,Pissila,Wendboulgou
Centre-Nord,Sanmatenga,Pissila,Wèdga
Centre-Nord,Sanmatenga,Pissila,Zarin-Mossi
Centre-Nord,Sanmatenga,Pissila,Zarin-Peulh
Centre-Nord,Sanmatenga,Ziga,Bagandé
Centre-Nord,Sanmatenga,Ziga,Balinga
Centre-Nord,Sanmatenga,Ziga,Bissiga
Centre-Nord,Sanmatenga,Ziga,Boinkoubouga (Rahallé)
Centre-Nord,Sanmatenga,Ziga,Daffolé
Centre-Nord,Sanmatenga,Ziga,Gandin
Centre-Nord,Sanmatenga,Ziga,Guibtenga
Centre-Nord,Sanmatenga,Ziga,Guéré
Centre-Nord,Sanmatenga,Ziga,Kinkinrgo
Centre-Nord,Sanmatenga,Ziga,Koupénè
Centre-Nord,Sanmatenga,Ziga,Koura
Centre-Nord,Sanmatenga,Ziga,Lèba
Centre-Nord,Sanmatenga,Ziga,Niongtenga
Centre-Nord,Sanmatenga,Ziga,Ouagoulé
Centre-Nord,Sanmatenga,Ziga,Pissa
Centre-Nord,Sanmatenga,Ziga,Pissiga
Centre-Nord,Sanmatenga,Ziga,Poésin
Centre-Nord,Sanmatenga,Ziga,Radogo
Centre-Nord,Sanmatenga,Ziga,Rahallé
Centre-Nord,Sanmatenga,Ziga,Samboaga
Centre-Nord,Sanmatenga,Ziga,Sambtenga
Centre-Nord,Sanmatenga,Ziga,Sankoundougou
Centre-Nord,Sanmatenga,Ziga,Soubeira-Nakoara
Centre-Nord,Sanmatenga,Ziga,Souberira-Natenga
Centre-Nord,Sanmatenga,Ziga,Tansèga
Centre-Nord,Sanmatenga,Ziga,Tansèga-Bokin
Centre-Nord,Sanmatenga,Ziga,Tengsoba-Kièma-Silmiougou
Centre-Nord,Sanmatenga,Ziga,Tibin
Centre-Nord,Sanmatenga,Ziga,Ziga
Centre-Nord,Sanmatenga,Ziga,Zorgho
Centre-Ouest,Boulkiemdé,Bingo,Bingo
Centre-Ouest,Boulkiemdé,Bingo,Bisraaga
Centre-Ouest,Boulkiemdé,Bingo,Guillé
Centre-Ouest,Boulkiemdé,Bingo,Kaligri
Centre-Ouest,Boulkiemdé,Bingo,Koanga
Centre-Ouest,Boulkiemdé,Bingo,Koulgorin
Centre-Ouest,Boulkiemdé,Bingo,Koulpelsé
Centre-Ouest,Boulkiemdé,Bingo,Sapelo
Centre-Ouest,Boulkiemdé,Bingo,Silgo
Centre-Ouest,Boulkiemdé,Bingo,Sâ
Centre-Ouest,Boulkiemdé,Bingo,Tanghin
Centre-Ouest,Boulkiemdé,Bingo,Villa
Centre-Ouest,Boulkiemdé,Bingo,Zékèmzougou
Centre-Ouest,Boulkiemdé,Imasgho,Bissiguen
Centre-Ouest,Boulkiemdé,Imasgho,Danierma
Centre-Ouest,Boulkiemdé,Imasgho,Imasgho
Centre-Ouest,Boulkiemdé,Imasgho,Kanyalé
Centre-Ouest,Boulkiemdé,Imasgho,Kologwéogo
Centre-Ouest,Boulkiemdé,Imasgho,Lounga
Centre-Ouest,Boulkiemdé,Imasgho,Ouéra
Centre-Ouest,Boulkiemdé,Imasgho,Pinou
Centre-Ouest,Boulkiemdé,Imasgho,Rana
Centre-Ouest,Boulkiemdé,Imasgho,Tè
Centre-Ouest,Boulkiemdé,Imasgho,Tèbo
Centre-Ouest,Boulkiemdé,Kindi,Baribsi
Centre-Ouest,Boulkiemdé,Kindi,Kindi
Centre-Ouest,Boulkiemdé,Kindi,Koné
Centre-Ouest,Boulkiemdé,Kindi,Manéviré
Centre-Ouest,Boulkiemdé,Kindi,Masséré
Centre-Ouest,Boulkiemdé,Kindi,Nassoulou
Centre-Ouest,Boulkiemdé,Kindi,Piben
Centre-Ouest,Boulkiemdé,Kindi,Pouessé
Centre-Ouest,Boulkiemdé,Kindi,Sambyiri
Centre-Ouest,Boulkiemdé,Kindi,Silmissen
Centre-Ouest,Boulkiemdé,Kindi,Tansobingo
Centre-Ouest,Boulkiemdé,Kindi,Tanwaka
Centre-Ouest,Boulkiemdé,Kindi,Watogo
Centre-Ouest,Boulkiemdé,Kindi,Zerkoum
Centre-Ouest,Boulkiemdé,Kokologo,Basziri
Centre-Ouest,Boulkiemdé,Kokologo,Douré
Centre-Ouest,Boulkiemdé,Kokologo,Fayiri
Centre-Ouest,Boulkiemdé,Kokologo,Goulouré
Centre-Ouest,Boulkiemdé,Kokologo,Kalayiri
Centre-Ouest,Boulkiemdé,Kokologo,Kalsen
Centre-Ouest,Boulkiemdé,Kokologo,Kokologo (Monkin)
Centre-Ouest,Boulkiemdé,Kokologo,Koulnatenga
Centre-Ouest,Boulkiemdé,Kokologo,Manega
Centre-Ouest,Boulkiemdé,Kokologo,Monkin
Centre-Ouest,Boulkiemdé,Kokologo,Nidaga
Centre-Ouest,Boulkiemdé,Kokologo,Nomgomto
Centre-Ouest,Boulkiemdé,Kokologo,Pitmoaga
Centre-Ouest,Boulkiemdé,Kokologo,Sakoinsé
Centre-Ouest,Boulkiemdé,Kokologo,Sam
Centre-Ouest,Boulkiemdé,Kokologo,Tamnéré
Centre-Ouest,Boulkiemdé,Kokologo,Zerkom
Centre-Ouest,Boulkiemdé,Koudougou,Bonzougou
Centre-Ouest,Boulkiemdé,Koudougou,Boulsin
Centre-Ouest,Boulkiemdé,Koudougou,Doulou
Centre-Ouest,Boulkiemdé,Koudougou,Gninga
Centre-Ouest,Boulkiemdé,Koudougou,Godin-Oualogtinga
Centre-Ouest,Boulkiemdé,Koudougou,Kamedji
Centre-Ouest,Boulkiemdé,Koudougou,Kassou
Centre-Ouest,Boulkiemdé,Koudougou,Kikigogo
Centre-Ouest,Boulkiemdé,Koudougou,Kolgrogogo
Centre-Ouest,Boulkiemdé,Koudougou,Koudougou
Centre-Ouest,Boulkiemdé,Koudougou,Lattou
Centre-Ouest,Boulkiemdé,Koudougou,Lilbouré
Centre-Ouest,Boulkiemdé,Koudougou,Nayalgué
Centre-Ouest,Boulkiemdé,Koudougou,Nyandeguen
Centre-Ouest,Boulkiemdé,Koudougou,Oualogtenga
Centre-Ouest,Boulkiemdé,Koudougou,Palogo
Centre-Ouest,Boulkiemdé,Koudougou,Péyiri
Centre-Ouest,Boulkiemdé,Koudougou,Rabyiri
Centre-Ouest,Boulkiemdé,Koudougou,Rakolo
Centre-Ouest,Boulkiemdé,Koudougou,Ramibouli
Centre-Ouest,Boulkiemdé,Koudougou,Rana
Centre-Ouest,Boulkiemdé,Koudougou,Sandogo
Centre-Ouest,Boulkiemdé,Koudougou,Saria
Centre-Ouest,Boulkiemdé,Koudougou,Sigoghin
Centre-Ouest,Boulkiemdé,Koudougou,Sigoguin
Centre-Ouest,Boulkiemdé,Koudougou,Sisséna
Centre-Ouest,Boulkiemdé,Koudougou,Taoré
Centre-Ouest,Boulkiemdé,Koudougou,Tiogo Mossi
Centre-Ouest,Boulkiemdé,Koudougou,Toêga
Centre-Ouest,Boulkiemdé,Koudougou,Villy
Centre-Ouest,Boulkiemdé,Koudougou,Youlou
Centre-Ouest,Boulkiemdé,Koudougou,Zaken
Centre-Ouest,Boulkiemdé,Nandiala,Bonguen
Centre-Ouest,Boulkiemdé,Nandiala,Bonzougou
Centre-Ouest,Boulkiemdé,Nandiala,Goden
Centre-Ouest,Boulkiemdé,Nandiala,Godé
Centre-Ouest,Boulkiemdé,Nandiala,Gouim
Centre-Ouest,Boulkiemdé,Nandiala,Gourango
Centre-Ouest,Boulkiemdé,Nandiala,Gourcy
Centre-Ouest,Boulkiemdé,Nandiala,Itaoré
Centre-Ouest,Boulkiemdé,Nandiala,Kaoncé
Centre-Ouest,Boulkiemdé,Nandiala,Kougsen
Centre-Ouest,Boulkiemdé,Nandiala,Nandiala
Centre-Ouest,Boulkiemdé,Nandiala,Pouèdogo
Centre-Ouest,Boulkiemdé,Nandiala,Rihalo
Centre-Ouest,Boulkiemdé,Nandiala,Salimidougou
Centre-Ouest,Boulkiemdé,Nandiala,Silmissin
Centre-Ouest,Boulkiemdé,Nandiala,Somé
Centre-Ouest,Boulkiemdé,Nandiala,Tampoui
Centre-Ouest,Boulkiemdé,Nandiala,Tampélga
Centre-Ouest,Boulkiemdé,Nandiala,Tensobayiri
Centre-Ouest,Boulkiemdé,Nandiala,Tibrela
Centre-Ouest,Boulkiemdé,Nanoro,Basziri
Centre-Ouest,Boulkiemdé,Nanoro,Boulpon
Centre-Ouest,Boulkiemdé,Nanoro,Dacissé
Centre-Ouest,Boulkiemdé,Nanoro,Dagitenga
Centre-Ouest,Boulkiemdé,Nanoro,Godo
Centre-Ouest,Boulkiemdé,Nanoro,Goulouré
Centre-Ouest,Boulkiemdé,Nanoro,Gounda
Centre-Ouest,Boulkiemdé,Nanoro,Gouroumbila
Centre-Ouest,Boulkiemdé,Nanoro,Kokolo
Centre-Ouest,Boulkiemdé,Nanoro,Koronaba
Centre-Ouest,Boulkiemdé,Nanoro,Nanoro
Centre-Ouest,Boulkiemdé,Nanoro,Nazoanga
Centre-Ouest,Boulkiemdé,Nanoro,Poéssi
Centre-Ouest,Boulkiemdé,Nanoro,Sandebilé
Centre-Ouest,Boulkiemdé,Nanoro,Simidin
Centre-Ouest,Boulkiemdé,Nanoro,Sittaon
Centre-Ouest,Boulkiemdé,Nanoro,Soala
Centre-Ouest,Boulkiemdé,Nanoro,Soulou
Centre-Ouest,Boulkiemdé,Nanoro,Soum
Centre-Ouest,Boulkiemdé,Nanoro,Séguédin
Centre-Ouest,Boulkiemdé,Nanoro,Tiou
Centre-Ouest,Boulkiemdé,Nanoro,Tié
Centre-Ouest,Boulkiemdé,Nanoro,Wazilié
Centre-Ouest,Boulkiemdé,Nanoro,Zanton
Centre-Ouest,Boulkiemdé,Pella,Babouli
Centre-Ouest,Boulkiemdé,Pella,Daboala
Centre-Ouest,Boulkiemdé,Pella,Goala
Centre-Ouest,Boulkiemdé,Pella,Godo
Centre-Ouest,Boulkiemdé,Pella,Kandaga
Centre-Ouest,Boulkiemdé,Pella,Kirguilounga
Centre-Ouest,Boulkiemdé,Pella,Kirilonga
Centre-Ouest,Boulkiemdé,Pella,Nabziniguima
Centre-Ouest,Boulkiemdé,Pella,Pelbilin
Centre-Ouest,Boulkiemdé,Pella,Pella
Centre-Ouest,Boulkiemdé,Pella,Sarana
Centre-Ouest,Boulkiemdé,Pella,Somassi
Centre-Ouest,Boulkiemdé,Pella,Yili
Centre-Ouest,Boulkiemdé,Poa,Bazan
Centre-Ouest,Boulkiemdé,Poa,Goden
Centre-Ouest,Boulkiemdé,Poa,Gogo
Centre-Ouest,Boulkiemdé,Poa,Loaga
Centre-Ouest,Boulkiemdé,Poa,Moungounissi
Centre-Ouest,Boulkiemdé,Poa,Niangdo
Centre-Ouest,Boulkiemdé,Poa,Noéssin
Centre-Ouest,Boulkiemdé,Poa,Nyonko
Centre-Ouest,Boulkiemdé,Poa,Ouézélé
Centre-Ouest,Boulkiemdé,Poa,Poa
Centre-Ouest,Boulkiemdé,Poa,Ralo
Centre-Ouest,Boulkiemdé,Poa,Sabtenga
Centre-Ouest,Boulkiemdé,Poa,Sanyiri
Centre-Ouest,Boulkiemdé,Poa,Sogpelcé
Centre-Ouest,Boulkiemdé,Poa,Yaoguin
Centre-Ouest,Boulkiemdé,Poa,Yargo
Centre-Ouest,Boulkiemdé,Poa,Yargo-Yarcés
Centre-Ouest,Boulkiemdé,Poa,Yarsé
Centre-Ouest,Boulkiemdé,Poa,Zinguédéguen
Centre-Ouest,Boulkiemdé,Ramongo,Bayandi-Nabyiri
Centre-Ouest,Boulkiemdé,Ramongo,Bayandi-Palogo
Centre-Ouest,Boulkiemdé,Ramongo,Bayandi-Tanguin
Centre-Ouest,Boulkiemdé,Ramongo,Bouloum-Nabyiri
Centre-Ouest,Boulkiemdé,Ramongo,Dapoya
Centre-Ouest,Boulkiemdé,Ramongo,Kabinou
Centre-Ouest,Boulkiemdé,Ramongo,Kamsi
Centre-Ouest,Boulkiemdé,Ramongo,Kolonkandé
Centre-Ouest,Boulkiemdé,Ramongo,Koukinkuilga
Centre-Ouest,Boulkiemdé,Ramongo,Ramongo
Centre-Ouest,Boulkiemdé,Ramongo,Ramongo-Tanguin
Centre-Ouest,Boulkiemdé,Ramongo,Ramonkodogo
Centre-Ouest,Boulkiemdé,Ramongo,Salbisgo-Dapoya
Centre-Ouest,Boulkiemdé,Ramongo,Salgisgo-Itaoré
Centre-Ouest,Boulkiemdé,Ramongo,Tangakoulouga
Centre-Ouest,Boulkiemdé,Ramongo,Yagoam
Centre-Ouest,Boulkiemdé,Sabou,Bagané
Centre-Ouest,Boulkiemdé,Sabou,Batiyiri
Centre-Ouest,Boulkiemdé,Sabou,Bindogo
Centre-Ouest,Boulkiemdé,Sabou,Bissiga
Centre-Ouest,Boulkiemdé,Sabou,Bourou
Centre-Ouest,Boulkiemdé,Sabou,Dawanigomdé
Centre-Ouest,Boulkiemdé,Sabou,Douré
Centre-Ouest,Boulkiemdé,Sabou,Godé
Centre-Ouest,Boulkiemdé,Sabou,Goten
Centre-Ouest,Boulkiemdé,Sabou,Gounguen
Centre-Ouest,Boulkiemdé,Sabou,Ipendo
Centre-Ouest,Boulkiemdé,Sabou,Kalsolo
Centre-Ouest,Boulkiemdé,Sabou,Kansandé
Centre-Ouest,Boulkiemdé,Sabou,Kielma
Centre-Ouest,Boulkiemdé,Sabou,Konliguiri
Centre-Ouest,Boulkiemdé,Sabou,Kontienaba
Centre-Ouest,Boulkiemdé,Sabou,Koulogozougou
Centre-Ouest,Boulkiemdé,Sabou,Kouloungou  Yiri
Centre-Ouest,Boulkiemdé,Sabou,Koupéla
Centre-Ouest,Boulkiemdé,Sabou,Ladouré
Centre-Ouest,Boulkiemdé,Sabou,Mangoudougou
Centre-Ouest,Boulkiemdé,Sabou,Nabadogo
Centre-Ouest,Boulkiemdé,Sabou,Nabadogogo
Centre-Ouest,Boulkiemdé,Sabou,Nadiolo
Centre-Ouest,Boulkiemdé,Sabou,Namaneguema
Centre-Ouest,Boulkiemdé,Sabou,Namassa
Centre-Ouest,Boulkiemdé,Sabou,Nariou
Centre-Ouest,Boulkiemdé,Sabou,Nibagdo
Centre-Ouest,Boulkiemdé,Sabou,Nipoui
Centre-Ouest,Boulkiemdé,Sabou,Nyongouragou
Centre-Ouest,Boulkiemdé,Sabou,Ouéssam
Centre-Ouest,Boulkiemdé,Sabou,Ouézindougou
Centre-Ouest,Boulkiemdé,Sabou,Rouré
Centre-Ouest,Boulkiemdé,Sabou,Sabou
Centre-Ouest,Boulkiemdé,Sabou,Sarana
Centre-Ouest,Boulkiemdé,Sabou,Savili
Centre-Ouest,Boulkiemdé,Sabou,Sikomtenga
Centre-Ouest,Boulkiemdé,Sabou,Tanghin-Wobdo
Centre-Ouest,Boulkiemdé,Sabou,Woro
Centre-Ouest,Boulkiemdé,Siglé,Balogho
Centre-Ouest,Boulkiemdé,Siglé,Bologo
Centre-Ouest,Boulkiemdé,Siglé,Boukou
Centre-Ouest,Boulkiemdé,Siglé,Dacissé
Centre-Ouest,Boulkiemdé,Siglé,Daurnogomdé
Centre-Ouest,Boulkiemdé,Siglé,Kouria
Centre-Ouest,Boulkiemdé,Siglé,Lallé
Centre-Ouest,Boulkiemdé,Siglé,Makoula
Centre-Ouest,Boulkiemdé,Siglé,Nafougo
Centre-Ouest,Boulkiemdé,Siglé,Palagré
Centre-Ouest,Boulkiemdé,Siglé,Palilgogo
Centre-Ouest,Boulkiemdé,Siglé,Semtenga
Centre-Ouest,Boulkiemdé,Siglé,Siglé
Centre-Ouest,Boulkiemdé,Siglé,Séguédin
Centre-Ouest,Boulkiemdé,Siglé,Temnaoré
Centre-Ouest,Boulkiemdé,Siglé,Tia
Centre-Ouest,Boulkiemdé,Siglé,Tio
Centre-Ouest,Boulkiemdé,Siglé,Yargo
Centre-Ouest,Boulkiemdé,Soa,Bokin
Centre-Ouest,Boulkiemdé,Soa,Goguen
Centre-Ouest,Boulkiemdé,Soa,Ikyemden
Centre-Ouest,Boulkiemdé,Soa,Kalwaka
Centre-Ouest,Boulkiemdé,Soa,Kolokom
Centre-Ouest,Boulkiemdé,Soa,Mara
Centre-Ouest,Boulkiemdé,Soa,Mongdin
Centre-Ouest,Boulkiemdé,Soa,Poéssé
Centre-Ouest,Boulkiemdé,Soa,Soaw
Centre-Ouest,Boulkiemdé,Soa,Séguédin
Centre-Ouest,Boulkiemdé,Soa,Yakzougou
Centre-Ouest,Boulkiemdé,Soa,Zarayn
Centre-Ouest,Boulkiemdé,Soa,Zoétgomdé
Centre-Ouest,Boulkiemdé,Sourgou,Bougouaratanga
Centre-Ouest,Boulkiemdé,Sourgou,Bouyassé
Centre-Ouest,Boulkiemdé,Sourgou,Guirgo
Centre-Ouest,Boulkiemdé,Sourgou,Kombouédogo
Centre-Ouest,Boulkiemdé,Sourgou,Kougsin
Centre-Ouest,Boulkiemdé,Sourgou,Lâ
Centre-Ouest,Boulkiemdé,Sourgou,Nebiano
Centre-Ouest,Boulkiemdé,Sourgou,Ouoro
Centre-Ouest,Boulkiemdé,Sourgou,Ouétin
Centre-Ouest,Boulkiemdé,Sourgou,Pouédogo
Centre-Ouest,Boulkiemdé,Sourgou,Rogho
Centre-Ouest,Boulkiemdé,Sourgou,Ryalo
Centre-Ouest,Boulkiemdé,Sourgou,Sourgou
Centre-Ouest,Boulkiemdé,Thiou,Bangré
Centre-Ouest,Boulkiemdé,Thiou,Bonsomnoré
Centre-Ouest,Boulkiemdé,Thiou,Boutoko
Centre-Ouest,Boulkiemdé,Thiou,Garou
Centre-Ouest,Boulkiemdé,Thiou,Goumogo
Centre-Ouest,Boulkiemdé,Thiou,Kamsé
Centre-Ouest,Boulkiemdé,Thiou,Kolorouré
Centre-Ouest,Boulkiemdé,Thiou,Moukouan
Centre-Ouest,Boulkiemdé,Thiou,Ronsen
Centre-Ouest,Boulkiemdé,Thiou,Siguéden
Centre-Ouest,Boulkiemdé,Thiou,Sogpelcé
Centre-Ouest,Boulkiemdé,Thiou,Soula
Centre-Ouest,Boulkiemdé,Thiou,Tatiyiri
Centre-Ouest,Boulkiemdé,Thiou,Tatyou
Centre-Ouest,Boulkiemdé,Thiou,Thiou
Centre-Ouest,Boulkiemdé,Thiou,Toébaka
Centre-Ouest,Boulkiemdé,Thiou,Vella
Centre-Ouest,Boulkiemdé,Thiou,Vila
Centre-Ouest,Boulkiemdé,Thiou,Vélio
Centre-Ouest,Boulkiemdé,Thiou,Ziniguisé
Centre-Ouest,Sanguié,Dassa,Bachicorepoun
Centre-Ouest,Sanguié,Dassa,Dassa
Centre-Ouest,Sanguié,Dassa,Divolet
Centre-Ouest,Sanguié,Dassa,Doh
Centre-Ouest,Sanguié,Dassa,Farba
Centre-Ouest,Sanguié,Dassa,Madyir
Centre-Ouest,Sanguié,Dassa,Markio
Centre-Ouest,Sanguié,Dassa,Nebia
Centre-Ouest,Sanguié,Dassa,Yilawachio
Centre-Ouest,Sanguié,Dassa,Yéridion
Centre-Ouest,Sanguié,Dassa,Zyiliwèlè
Centre-Ouest,Sanguié,Didyr,Barla
Centre-Ouest,Sanguié,Didyr,Boho
Centre-Ouest,Sanguié,Didyr,Bouldié
Centre-Ouest,Sanguié,Didyr,Dakoué
Centre-Ouest,Sanguié,Didyr,Didyr
Centre-Ouest,Sanguié,Didyr,Dolo
Centre-Ouest,Sanguié,Didyr,Doudoulcy
Centre-Ouest,Sanguié,Didyr,Goko
Centre-Ouest,Sanguié,Didyr,Goumi
Centre-Ouest,Sanguié,Didyr,Imouga
Centre-Ouest,Sanguié,Didyr,Kolodiou
Centre-Ouest,Sanguié,Didyr,Kwen
Centre-Ouest,Sanguié,Didyr,Kya
Centre-Ouest,Sanguié,Didyr,Ladiana
Centre-Ouest,Sanguié,Didyr,Ladiou
Centre-Ouest,Sanguié,Didyr,Lapyo
Centre-Ouest,Sanguié,Didyr,Mogueya
Centre-Ouest,Sanguié,Didyr,Mousseo
Centre-Ouest,Sanguié,Didyr,Mouzoumou
Centre-Ouest,Sanguié,Didyr,Nidiolo
Centre-Ouest,Sanguié,Didyr,Négyo
Centre-Ouest,Sanguié,Didyr,Padyr
Centre-Ouest,Sanguié,Didyr,Pouni-Nord
Centre-Ouest,Sanguié,Didyr,Syabwo
Centre-Ouest,Sanguié,Didyr,Tohisènko
Centre-Ouest,Sanguié,Didyr,Tonton
Centre-Ouest,Sanguié,Didyr,Tounou
Centre-Ouest,Sanguié,Didyr,Yamadio
Centre-Ouest,Sanguié,Didyr,Youloupo
Centre-Ouest,Sanguié,Godyr,Bissou
Centre-Ouest,Sanguié,Godyr,Boho
Centre-Ouest,Sanguié,Godyr,Delba
Centre-Ouest,Sanguié,Godyr,Démapouin
Centre-Ouest,Sanguié,Godyr,Godyr
Centre-Ouest,Sanguié,Godyr,Gourou
Centre-Ouest,Sanguié,Godyr,Kandarzana
Centre-Ouest,Sanguié,Godyr,Kocore
Centre-Ouest,Sanguié,Godyr,Konega
Centre-Ouest,Sanguié,Godyr,Kontigue
Centre-Ouest,Sanguié,Godyr,Napouan
Centre-Ouest,Sanguié,Godyr,Semaga
Centre-Ouest,Sanguié,Godyr,Sienne
Centre-Ouest,Sanguié,Godyr,Tienlour
Centre-Ouest,Sanguié,Godyr,Zolo
Centre-Ouest,Sanguié,Kordié,Bantolé
Centre-Ouest,Sanguié,Kordié,Basinga
Centre-Ouest,Sanguié,Kordié,Biho
Centre-Ouest,Sanguié,Kordié,Danié
Centre-Ouest,Sanguié,Kordié,Diana
Centre-Ouest,Sanguié,Kordié,Diou
Centre-Ouest,Sanguié,Kordié,Kanono
Centre-Ouest,Sanguié,Kordié,Kiro
Centre-Ouest,Sanguié,Kordié,Kordié
Centre-Ouest,Sanguié,Kordié,Lapou
Centre-Ouest,Sanguié,Kordié,Latui
Centre-Ouest,Sanguié,Kordié,Ninion
Centre-Ouest,Sanguié,Kordié,Oualguirga
Centre-Ouest,Sanguié,Kordié,Pelcia
Centre-Ouest,Sanguié,Kordié,Pelé
Centre-Ouest,Sanguié,Kordié,Percoa
Centre-Ouest,Sanguié,Kordié,Poré
Centre-Ouest,Sanguié,Kordié,Vivio
Centre-Ouest,Sanguié,Kyon,Byépou
Centre-Ouest,Sanguié,Kyon,Essapoun
Centre-Ouest,Sanguié,Kyon,Kyon
Centre-Ouest,Sanguié,Kyon,Nagarpoulou
Centre-Ouest,Sanguié,Kyon,Poa
Centre-Ouest,Sanguié,Kyon,Pô
Centre-Ouest,Sanguié,Kyon,Zilivelé
Centre-Ouest,Sanguié,Pouni,Baganapoun
Centre-Ouest,Sanguié,Pouni,Bandéo
Centre-Ouest,Sanguié,Pouni,Bandéo-Naponé
Centre-Ouest,Sanguié,Pouni,Edié
Centre-Ouest,Sanguié,Pouni,Elinga
Centre-Ouest,Sanguié,Pouni,Gado
Centre-Ouest,Sanguié,Pouni,Giblow
Centre-Ouest,Sanguié,Pouni,Goguen
Centre-Ouest,Sanguié,Pouni,Gounndi
Centre-Ouest,Sanguié,Pouni,Idon
Centre-Ouest,Sanguié,Pouni,Karbolé
Centre-Ouest,Sanguié,Pouni,Lilbouré
Centre-Ouest,Sanguié,Pouni,Mokoin
Centre-Ouest,Sanguié,Pouni,Naboua
Centre-Ouest,Sanguié,Pouni,Nadoulou
Centre-Ouest,Sanguié,Pouni,Naton
Centre-Ouest,Sanguié,Pouni,Nébéhé
Centre-Ouest,Sanguié,Pouni,Nézo
Centre-Ouest,Sanguié,Pouni,Pouni
Centre-Ouest,Sanguié,Pouni,Pousma
Centre-Ouest,Sanguié,Pouni,Tambouassa
Centre-Ouest,Sanguié,Pouni,Tita
Centre-Ouest,Sanguié,Pouni,Tita Naponé
Centre-Ouest,Sanguié,Pouni,Tiyellé
Centre-Ouest,Sanguié,Pouni,Tiékouyou
Centre-Ouest,Sanguié,Pouni,Valiou
Centre-Ouest,Sanguié,Pouni,Villy
Centre-Ouest,Sanguié,Pouni,Villy-Bongo
Centre-Ouest,Sanguié,Réo,Benanso
Centre-Ouest,Sanguié,Réo,Bepoidyr
Centre-Ouest,Sanguié,Réo,Bonyolo
Centre-Ouest,Sanguié,Réo,Cité minière de Perkouan
Centre-Ouest,Sanguié,Réo,Dioro
Centre-Ouest,Sanguié,Réo,Ekoulkoala
Centre-Ouest,Sanguié,Réo,Goundi
Centre-Ouest,Sanguié,Réo,Guido
Centre-Ouest,Sanguié,Réo,Kilsio
Centre-Ouest,Sanguié,Réo,Kopapinzi
Centre-Ouest,Sanguié,Réo,Nadielpoun
Centre-Ouest,Sanguié,Réo,Perkouan
Centre-Ouest,Sanguié,Réo,Réo
Centre-Ouest,Sanguié,Réo,Sandié
Centre-Ouest,Sanguié,Réo,Semapoun
Centre-Ouest,Sanguié,Réo,Séboun
Centre-Ouest,Sanguié,Réo,Tèyga
Centre-Ouest,Sanguié,Réo,Vour
Centre-Ouest,Sanguié,Réo,Zoula
Centre-Ouest,Sanguié,Ténado,Baguiomo
Centre-Ouest,Sanguié,Ténado,Balélédo
Centre-Ouest,Sanguié,Ténado,Batakiolo
Centre-Ouest,Sanguié,Ténado,Batondo
Centre-Ouest,Sanguié,Ténado,Bavila
Centre-Ouest,Sanguié,Ténado,Bylyonvalsè
Centre-Ouest,Sanguié,Ténado,Doudou
Centre-Ouest,Sanguié,Ténado,Dyapya
Centre-Ouest,Sanguié,Ténado,Kaboro
Centre-Ouest,Sanguié,Ténado,Koualio
Centre-Ouest,Sanguié,Ténado,Koukouldi
Centre-Ouest,Sanguié,Ténado,Lati
Centre-Ouest,Sanguié,Ténado,Mandolo
Centre-Ouest,Sanguié,Ténado,Petétolo
Centre-Ouest,Sanguié,Ténado,Poun
Centre-Ouest,Sanguié,Ténado,Sassia
Centre-Ouest,Sanguié,Ténado,Soboundou
Centre-Ouest,Sanguié,Ténado,Tialgo
Centre-Ouest,Sanguié,Ténado,Tio
Centre-Ouest,Sanguié,Ténado,Tiogo
Centre-Ouest,Sanguié,Ténado,Tiogo-Mouhoun
Centre-Ouest,Sanguié,Ténado,Tiébo
Centre-Ouest,Sanguié,Ténado,Ténado
Centre-Ouest,Sanguié,Ténado,Zado
Centre-Ouest,Sanguié,Ténado,Zindin
Centre-Ouest,Sanguié,Zamo,Bekaporé
Centre-Ouest,Sanguié,Zamo,Bounga
Centre-Ouest,Sanguié,Zamo,Bow
Centre-Ouest,Sanguié,Zamo,Guigui
Centre-Ouest,Sanguié,Zamo,Koualio
Centre-Ouest,Sanguié,Zamo,Lia(Siyoro)
Centre-Ouest,Sanguié,Zamo,Naton
Centre-Ouest,Sanguié,Zamo,Sadouan
Centre-Ouest,Sanguié,Zamo,Siyoro
Centre-Ouest,Sanguié,Zamo,Zamo
Centre-Ouest,Sanguié,Zamo,Ziné
Centre-Ouest,Sanguié,Zawara,Baporo
Centre-Ouest,Sanguié,Zawara,Benega
Centre-Ouest,Sanguié,Zawara,Bourou
Centre-Ouest,Sanguié,Zawara,Carrefour
Centre-Ouest,Sanguié,Zawara,Gabou
Centre-Ouest,Sanguié,Zawara,Iridié
Centre-Ouest,Sanguié,Zawara,Ividié
Centre-Ouest,Sanguié,Zawara,Kodara
Centre-Ouest,Sanguié,Zawara,Kotoua
Centre-Ouest,Sanguié,Zawara,Laba
Centre-Ouest,Sanguié,Zawara,Lorou
Centre-Ouest,Sanguié,Zawara,Nongbamba
Centre-Ouest,Sanguié,Zawara,Némélaye
Centre-Ouest,Sanguié,Zawara,Poé
Centre-Ouest,Sanguié,Zawara,Tiodié
Centre-Ouest,Sanguié,Zawara,Watinoma
Centre-Ouest,Sanguié,Zawara,Zawara
Centre-Ouest,Sissili,Bieha,Bieha
Centre-Ouest,Sissili,Bieha,Biniou
Centre-Ouest,Sissili,Bieha,Boala
Centre-Ouest,Sissili,Bieha,Bori
Centre-Ouest,Sissili,Bieha,Danfina
Centre-Ouest,Sissili,Bieha,Gotchio
Centre-Ouest,Sissili,Bieha,Konzio
Centre-Ouest,Sissili,Bieha,Koumbo
Centre-Ouest,Sissili,Bieha,Koumbogoro
Centre-Ouest,Sissili,Bieha,Kounou
Centre-Ouest,Sissili,Bieha,Livara
Centre-Ouest,Sissili,Bieha,Naboré
Centre-Ouest,Sissili,Bieha,Nakoayaro
Centre-Ouest,Sissili,Bieha,Nissibi
Centre-Ouest,Sissili,Bieha,Néboun
Centre-Ouest,Sissili,Bieha,Oukouna
Centre-Ouest,Sissili,Bieha,Pien
Centre-Ouest,Sissili,Bieha,Pissai
Centre-Ouest,Sissili,Bieha,Pra
Centre-Ouest,Sissili,Bieha,Prata
Centre-Ouest,Sissili,Bieha,Saboué
Centre-Ouest,Sissili,Bieha,Tacien
Centre-Ouest,Sissili,Bieha,Vrou
Centre-Ouest,Sissili,Bieha,Yallé
Centre-Ouest,Sissili,Bieha,Yelbouga
Centre-Ouest,Sissili,Boura,Bassinsa
Centre-Ouest,Sissili,Boura,Bayagra
Centre-Ouest,Sissili,Boura,Bofian
Centre-Ouest,Sissili,Boura,Bouara
Centre-Ouest,Sissili,Boura,Boura
Centre-Ouest,Sissili,Boura,Bouroukomo
Centre-Ouest,Sissili,Boura,Bouyague
Centre-Ouest,Sissili,Boura,Bozo
Centre-Ouest,Sissili,Boura,Béguétion
Centre-Ouest,Sissili,Boura,Dangue
Centre-Ouest,Sissili,Boura,Dianvor
Centre-Ouest,Sissili,Boura,Foni
Centre-Ouest,Sissili,Boura,Goumou
Centre-Ouest,Sissili,Boura,Hiela
Centre-Ouest,Sissili,Boura,Kala
Centre-Ouest,Sissili,Boura,Kia
Centre-Ouest,Sissili,Boura,Kiétou
Centre-Ouest,Sissili,Boura,Konsori
Centre-Ouest,Sissili,Boura,Kélindou
Centre-Ouest,Sissili,Boura,Longa
Centre-Ouest,Sissili,Boura,Loum
Centre-Ouest,Sissili,Boura,Opouyi
Centre-Ouest,Sissili,Boura,Pensiaka
Centre-Ouest,Sissili,Boura,Pina
Centre-Ouest,Sissili,Boura,Poudiéné
Centre-Ouest,Sissili,Boura,Sati
Centre-Ouest,Sissili,Boura,Sossoré
Centre-Ouest,Sissili,Boura,Ty
Centre-Ouest,Sissili,Boura,Vapo
Centre-Ouest,Sissili,Boura,Wilé
Centre-Ouest,Sissili,Boura,Worou
Centre-Ouest,Sissili,Boura,Yakouratin
Centre-Ouest,Sissili,Boura,Yoro
Centre-Ouest,Sissili,Boura,Zamouna
Centre-Ouest,Sissili,Léo,Bakanonsam
Centre-Ouest,Sissili,Léo,Bawala
Centre-Ouest,Sissili,Léo,Betiessan
Centre-Ouest,Sissili,Léo,Boutiourou
Centre-Ouest,Sissili,Léo,Bénavéro
Centre-Ouest,Sissili,Léo,Dabiou
Centre-Ouest,Sissili,Léo,Djansia
Centre-Ouest,Sissili,Léo,Djantiogo
Centre-Ouest,Sissili,Léo,Don
Centre-Ouest,Sissili,Léo,Fido
Centre-Ouest,Sissili,Léo,Fien
Centre-Ouest,Sissili,Léo,Hélé
Centre-Ouest,Sissili,Léo,Kayero-bo
Centre-Ouest,Sissili,Léo,Kayero-tio
Centre-Ouest,Sissili,Léo,Kayéko
Centre-Ouest,Sissili,Léo,Koalga
Centre-Ouest,Sissili,Léo,Lan
Centre-Ouest,Sissili,Léo,Léo
Centre-Ouest,Sissili,Léo,Mouna
Centre-Ouest,Sissili,Léo,Nabliliessan
Centre-Ouest,Sissili,Léo,Nadion
Centre-Ouest,Sissili,Léo,Onliassan
Centre-Ouest,Sissili,Léo,Outoulou
Centre-Ouest,Sissili,Léo,Sanga
Centre-Ouest,Sissili,Léo,Sissily
Centre-Ouest,Sissili,Léo,Taga
Centre-Ouest,Sissili,Léo,Tiné
Centre-Ouest,Sissili,Léo,Tiékoura
Centre-Ouest,Sissili,Léo,Wan
Centre-Ouest,Sissili,Léo,Zoro
Centre-Ouest,Sissili,Niabouri,Bakuo
Centre-Ouest,Sissili,Niabouri,Bazena
Centre-Ouest,Sissili,Niabouri,Bon
Centre-Ouest,Sissili,Niabouri,Bondané
Centre-Ouest,Sissili,Niabouri,Danfi-dagara
Centre-Ouest,Sissili,Niabouri,Danfi-nuni
Centre-Ouest,Sissili,Niabouri,Dima
Centre-Ouest,Sissili,Niabouri,Diyou
Centre-Ouest,Sissili,Niabouri,Kabaro
Centre-Ouest,Sissili,Niabouri,Kasso
Centre-Ouest,Sissili,Niabouri,Lantiaro
Centre-Ouest,Sissili,Niabouri,Laponé
Centre-Ouest,Sissili,Niabouri,Lassane
Centre-Ouest,Sissili,Niabouri,Linsé
Centre-Ouest,Sissili,Niabouri,Niabouri
Centre-Ouest,Sissili,Niabouri,Payalo
Centre-Ouest,Sissili,Niabouri,Pourou
Centre-Ouest,Sissili,Niabouri,Sadon
Centre-Ouest,Sissili,Niabouri,Samon
Centre-Ouest,Sissili,Niabouri,Tégo
Centre-Ouest,Sissili,Nébiélianayou,Adjoan
Centre-Ouest,Sissili,Nébiélianayou,Aziga
Centre-Ouest,Sissili,Nébiélianayou,Béto
Centre-Ouest,Sissili,Nébiélianayou,Ekilèwèrè
Centre-Ouest,Sissili,Nébiélianayou,Logo
Centre-Ouest,Sissili,Nébiélianayou,Loro
Centre-Ouest,Sissili,Nébiélianayou,Nago
Centre-Ouest,Sissili,Nébiélianayou,Nébiélianayou
Centre-Ouest,Sissili,Nébiélianayou,Pala
Centre-Ouest,Sissili,Nébiélianayou,Piningai
Centre-Ouest,Sissili,Nébiélianayou,Pinou
Centre-Ouest,Sissili,Nébiélianayou,Sintiou
Centre-Ouest,Sissili,Nébiélianayou,Zanlimou
Centre-Ouest,Sissili,Nébiélianayou,Zinou
Centre-Ouest,Sissili,Silly,Bona
Centre-Ouest,Sissili,Silly,Bouri
Centre-Ouest,Sissili,Silly,Bredié
Centre-Ouest,Sissili,Silly,Diara
Centre-Ouest,Sissili,Silly,Dio
Centre-Ouest,Sissili,Silly,Goun
Centre-Ouest,Sissili,Silly,Guia
Centre-Ouest,Sissili,Silly,Kalo
Centre-Ouest,Sissili,Silly,Karbolé
Centre-Ouest,Sissili,Silly,Kiedie
Centre-Ouest,Sissili,Silly,Kielie
Centre-Ouest,Sissili,Silly,Kiere
Centre-Ouest,Sissili,Silly,Konabié
Centre-Ouest,Sissili,Silly,Konamo
Centre-Ouest,Sissili,Silly,Koubon
Centre-Ouest,Sissili,Silly,Koubounga
Centre-Ouest,Sissili,Silly,Kouli
Centre-Ouest,Sissili,Silly,Kovry
Centre-Ouest,Sissili,Silly,Ladio
Centre-Ouest,Sissili,Silly,Lama
Centre-Ouest,Sissili,Silly,Meno-Diantio
Centre-Ouest,Sissili,Silly,Naparo
Centre-Ouest,Sissili,Silly,Nevry
Centre-Ouest,Sissili,Silly,Pano
Centre-Ouest,Sissili,Silly,Pobié
Centre-Ouest,Sissili,Silly,Poupourou
Centre-Ouest,Sissili,Silly,Sadouan
Centre-Ouest,Sissili,Silly,Sadouin
Centre-Ouest,Sissili,Silly,Sao
Centre-Ouest,Sissili,Silly,Silly
Centre-Ouest,Sissili,Silly,Tonon
Centre-Ouest,Sissili,Silly,Ya
Centre-Ouest,Sissili,Silly,Yayou
Centre-Ouest,Sissili,Silly,Zinion
Centre-Ouest,Sissili,To,Bagounsia
Centre-Ouest,Sissili,To,Beune
Centre-Ouest,Sissili,To,Boun
Centre-Ouest,Sissili,To,Diona
Centre-Ouest,Sissili,To,Gagoun
Centre-Ouest,Sissili,To,Go
Centre-Ouest,Sissili,To,Gogobiè
Centre-Ouest,Sissili,To,Gori
Centre-Ouest,Sissili,To,Kabou Liassan
Centre-Ouest,Sissili,To,Kadakouna
Centre-Ouest,Sissili,To,Kanduyo
Centre-Ouest,Sissili,To,Kombouna
Centre-Ouest,Sissili,To,Korabou
Centre-Ouest,Sissili,To,Kouri
Centre-Ouest,Sissili,To,Ly
Centre-Ouest,Sissili,To,Metio
Centre-Ouest,Sissili,To,Nabon
Centre-Ouest,Sissili,To,Namandala
Centre-Ouest,Sissili,To,Poin
Centre-Ouest,Sissili,To,Sagalo
Centre-Ouest,Sissili,To,Sapo
Centre-Ouest,Sissili,To,Sio
Centre-Ouest,Sissili,To,Tabou
Centre-Ouest,Sissili,To,Tiano
Centre-Ouest,Sissili,To,Tiao
Centre-Ouest,Sissili,To,Tiessourou
Centre-Ouest,Sissili,To,Tuai
Centre-Ouest,Sissili,To,Tô
Centre-Ouest,Sissili,To,Vara
Centre-Ouest,Sissili,To,Vatao
Centre-Ouest,Sissili,To,Vourou
Centre-Ouest,Ziro,Bakata,Bakata
Centre-Ouest,Ziro,Bakata,Basnéré
Centre-Ouest,Ziro,Bakata,Biyéné
Centre-Ouest,Ziro,Bakata,Bouli
Centre-Ouest,Ziro,Bakata,Boulé-Daboré
Centre-Ouest,Ziro,Bakata,Boulé-Gala
Centre-Ouest,Ziro,Bakata,Bouyoua
Centre-Ouest,Ziro,Bakata,Diao
Centre-Ouest,Ziro,Bakata,Kinkirsgogo
Centre-Ouest,Ziro,Bakata,Kou
Centre-Ouest,Ziro,Bakata,Kouboulou
Centre-Ouest,Ziro,Bakata,Lorou
Centre-Ouest,Ziro,Bakata,Payiri
Centre-Ouest,Ziro,Bakata,Poa
Centre-Ouest,Ziro,Bakata,Tayalo
Centre-Ouest,Ziro,Bakata,Zinloua
Centre-Ouest,Ziro,Bougnounou,Bablanayou
Centre-Ouest,Ziro,Bougnounou,Bolo
Centre-Ouest,Ziro,Bougnounou,Bougnounou
Centre-Ouest,Ziro,Bougnounou,Bélinayou
Centre-Ouest,Ziro,Bougnounou,Dana
Centre-Ouest,Ziro,Bougnounou,Danialo
Centre-Ouest,Ziro,Bougnounou,Ginsenayou
Centre-Ouest,Ziro,Bougnounou,Guelou
Centre-Ouest,Ziro,Bougnounou,Keulou
Centre-Ouest,Ziro,Bougnounou,Lao
Centre-Ouest,Ziro,Bougnounou,Laré
Centre-Ouest,Ziro,Bougnounou,Nessaguerou
Centre-Ouest,Ziro,Bougnounou,Netiao
Centre-Ouest,Ziro,Bougnounou,Pebiou
Centre-Ouest,Ziro,Bougnounou,Sala
Centre-Ouest,Ziro,Bougnounou,Salo
Centre-Ouest,Ziro,Bougnounou,Sapo
Centre-Ouest,Ziro,Bougnounou,Soulo
Centre-Ouest,Ziro,Bougnounou,Suné
Centre-Ouest,Ziro,Bougnounou,Tempouré
Centre-Ouest,Ziro,Bougnounou,Tiamien
Centre-Ouest,Ziro,Bougnounou,Yalanayou
Centre-Ouest,Ziro,Bougnounou,Zao
Centre-Ouest,Ziro,Dalô,Bazilakoa
Centre-Ouest,Ziro,Dalô,Dalo
Centre-Ouest,Ziro,Dalô,Dianthou
Centre-Ouest,Ziro,Dalô,Guénien
Centre-Ouest,Ziro,Dalô,Niou
Centre-Ouest,Ziro,Dalô,Néssagarou
Centre-Ouest,Ziro,Dalô,Patindkoum
Centre-Ouest,Ziro,Dalô,Tiaré
Centre-Ouest,Ziro,Gaô,Dao
Centre-Ouest,Ziro,Gaô,Fikiéri
Centre-Ouest,Ziro,Gaô,Gao
Centre-Ouest,Ziro,Gaô,Lérou
Centre-Ouest,Ziro,Gaô,Mao-Nessira
Centre-Ouest,Ziro,Gaô,Pani
Centre-Ouest,Ziro,Gaô,Passin
Centre-Ouest,Ziro,Gaô,Tékrou
Centre-Ouest,Ziro,Gaô,Yinga
Centre-Ouest,Ziro,Gaô,Zoro
Centre-Ouest,Ziro,Kassou,Bazawara
Centre-Ouest,Ziro,Kassou,Bonapio
Centre-Ouest,Ziro,Kassou,Botto
Centre-Ouest,Ziro,Kassou,Bouro
Centre-Ouest,Ziro,Kassou,Bro-Silapoa
Centre-Ouest,Ziro,Kassou,Cassou
Centre-Ouest,Ziro,Kassou,Gnansou
Centre-Ouest,Ziro,Kassou,Guillan
Centre-Ouest,Ziro,Kassou,Kadapra
Centre-Ouest,Ziro,Kassou,Kassolo-tiabona
Centre-Ouest,Ziro,Kassou,Kondui
Centre-Ouest,Ziro,Kassou,Lenon
Centre-Ouest,Ziro,Kassou,Lon
Centre-Ouest,Ziro,Kassou,Lué
Centre-Ouest,Ziro,Kassou,Niessan
Centre-Ouest,Ziro,Kassou,Néssanon
Centre-Ouest,Ziro,Kassou,Névry
Centre-Ouest,Ziro,Kassou,Ouayou
Centre-Ouest,Ziro,Kassou,Oupon
Centre-Ouest,Ziro,Kassou,Oupounou
Centre-Ouest,Ziro,Kassou,Pagoalé
Centre-Ouest,Ziro,Kassou,Panassin
Centre-Ouest,Ziro,Kassou,Pien
Centre-Ouest,Ziro,Kassou,Pindao
Centre-Ouest,Ziro,Kassou,Pouré
Centre-Ouest,Ziro,Kassou,Prô
Centre-Ouest,Ziro,Kassou,Sanyou-poé
Centre-Ouest,Ziro,Kassou,Sourou
Centre-Ouest,Ziro,Kassou,Tagnan
Centre-Ouest,Ziro,Kassou,Taré
Centre-Ouest,Ziro,Kassou,Thiao
Centre-Ouest,Ziro,Kassou,Thiossan-Koporo
Centre-Ouest,Ziro,Kassou,Tina
Centre-Ouest,Ziro,Kassou,Vrassan
Centre-Ouest,Ziro,Sapouy,Balogo
Centre-Ouest,Ziro,Sapouy,Bangbangré
Centre-Ouest,Ziro,Sapouy,Baouiga
Centre-Ouest,Ziro,Sapouy,Baouiga-Yorgo
Centre-Ouest,Ziro,Sapouy,Bassawarga
Centre-Ouest,Ziro,Sapouy,Bassem-Yam
Centre-Ouest,Ziro,Sapouy,Boom
Centre-Ouest,Ziro,Sapouy,Boro
Centre-Ouest,Ziro,Sapouy,Bouem
Centre-Ouest,Ziro,Sapouy,Bougagnonon
Centre-Ouest,Ziro,Sapouy,Boulou
Centre-Ouest,Ziro,Sapouy,Boyoro
Centre-Ouest,Ziro,Sapouy,Diallo
Centre-Ouest,Ziro,Sapouy,Dianzoé
Centre-Ouest,Ziro,Sapouy,Diaré
Centre-Ouest,Ziro,Sapouy,Faro
Centre-Ouest,Ziro,Sapouy,Gallo
Centre-Ouest,Ziro,Sapouy,Guirsé
Centre-Ouest,Ziro,Sapouy,Idiou
Centre-Ouest,Ziro,Sapouy,Kada
Centre-Ouest,Ziro,Sapouy,Kation
Centre-Ouest,Ziro,Sapouy,Konon
Centre-Ouest,Ziro,Sapouy,Kouli
Centre-Ouest,Ziro,Sapouy,Koutéra
Centre-Ouest,Ziro,Sapouy,Ladiga
Centre-Ouest,Ziro,Sapouy,Latian
Centre-Ouest,Ziro,Sapouy,Lou
Centre-Ouest,Ziro,Sapouy,Nabilpaga-Yorga
Centre-Ouest,Ziro,Sapouy,Nadonon
Centre-Ouest,Ziro,Sapouy,Napo-Nabilpaga
Centre-Ouest,Ziro,Sapouy,Nébrou
Centre-Ouest,Ziro,Sapouy,Nékrou
Centre-Ouest,Ziro,Sapouy,Néliri
Centre-Ouest,Ziro,Sapouy,Obonon
Centre-Ouest,Ziro,Sapouy,Ouayalguin
Centre-Ouest,Ziro,Sapouy,Poun
Centre-Ouest,Ziro,Sapouy,Santio
Centre-Ouest,Ziro,Sapouy,Sapouy
Centre-Ouest,Ziro,Sapouy,Sayaro
Centre-Ouest,Ziro,Sapouy,Sia
Centre-Ouest,Ziro,Sapouy,Sobaka
Centre-Ouest,Ziro,Sapouy,Souboré
Centre-Ouest,Ziro,Sapouy,Souli
Centre-Ouest,Ziro,Sapouy,Tiabien
Centre-Ouest,Ziro,Sapouy,Tiabien-Kasso
Centre-Ouest,Ziro,Sapouy,Tiaburo
Centre-Ouest,Ziro,Sapouy,Tiagao
Centre-Ouest,Ziro,Sapouy,Tiakouré
Centre-Ouest,Ziro,Sapouy,Tiana
Centre-Ouest,Ziro,Sapouy,Tiaré
Centre-Ouest,Ziro,Sapouy,Tigaintiélé
Centre-Ouest,Ziro,Sapouy,Yilou
Centre-Ouest,Ziro,Sapouy,Zavara
Centre-Sud,Bazèga,Doulougou,Bangbile
Centre-Sud,Bazèga,Doulougou,Bangléongo
Centre-Sud,Bazèga,Doulougou,Bebtenga
Centre-Sud,Bazèga,Doulougou,Bingla
Centre-Sud,Bazèga,Doulougou,Borogo
Centre-Sud,Bazèga,Doulougou,Bélégré
Centre-Sud,Bazèga,Doulougou,Dabogtinga
Centre-Sud,Bazèga,Doulougou,Doulougou
Centre-Sud,Bazèga,Doulougou,Douré
Centre-Sud,Bazèga,Doulougou,Gana
Centre-Sud,Bazèga,Doulougou,Gaonghin
Centre-Sud,Bazèga,Doulougou,Godin
Centre-Sud,Bazèga,Doulougou,Guidgrétinga
Centre-Sud,Bazèga,Doulougou,Guidissi
Centre-Sud,Bazèga,Doulougou,Kagamzincé
Centre-Sud,Bazèga,Doulougou,Kalpongo
Centre-Sud,Bazèga,Doulougou,Kombous-Youngo
Centre-Sud,Bazèga,Doulougou,Lamzoudo
Centre-Sud,Bazèga,Doulougou,Linogwé
Centre-Sud,Bazèga,Doulougou,Nabdogo
Centre-Sud,Bazèga,Doulougou,Nabinskiema
Centre-Sud,Bazèga,Doulougou,Pibsé
Centre-Sud,Bazèga,Doulougou,Poédogo
Centre-Sud,Bazèga,Doulougou,Rakaye-Mossi
Centre-Sud,Bazèga,Doulougou,Rakaye-Yarcé
Centre-Sud,Bazèga,Doulougou,Sampogrétinga
Centre-Sud,Bazèga,Doulougou,Samsaongo
Centre-Sud,Bazèga,Doulougou,Sarana
Centre-Sud,Bazèga,Doulougou,Seloghin
Centre-Sud,Bazèga,Doulougou,Silemba
Centre-Sud,Bazèga,Doulougou,Silmissi
Centre-Sud,Bazèga,Doulougou,Sincéné
Centre-Sud,Bazèga,Doulougou,Sokimtenga
Centre-Sud,Bazèga,Doulougou,Soulli
Centre-Sud,Bazèga,Doulougou,Tampouri
Centre-Sud,Bazèga,Doulougou,Taonsogo
Centre-Sud,Bazèga,Doulougou,Toghin
Centre-Sud,Bazèga,Doulougou,Toébanéga
Centre-Sud,Bazèga,Doulougou,Wanféré
Centre-Sud,Bazèga,Doulougou,Wattinoma
Centre-Sud,Bazèga,Doulougou,Widi
Centre-Sud,Bazèga,Doulougou,Yanga
Centre-Sud,Bazèga,Doulougou,Yougritenga
Centre-Sud,Bazèga,Gaongo,Dassamkandé
Centre-Sud,Bazèga,Gaongo,Douaba
Centre-Sud,Bazèga,Gaongo,Gaongo
Centre-Sud,Bazèga,Gaongo,Gomasgo
Centre-Sud,Bazèga,Gaongo,Kombougo
Centre-Sud,Bazèga,Gaongo,Nafbanga
Centre-Sud,Bazèga,Gaongo,Nakomestinga
Centre-Sud,Bazèga,Gaongo,Neblaboumbou
Centre-Sud,Bazèga,Gaongo,Somassi
Centre-Sud,Bazèga,Gaongo,Tambili
Centre-Sud,Bazèga,Gaongo,Tanwoko
Centre-Sud,Bazèga,Gaongo,Vossé
Centre-Sud,Bazèga,Gaongo,Wardogo
Centre-Sud,Bazèga,Ipelsé,Babdo
Centre-Sud,Bazèga,Ipelsé,Bandéla
Centre-Sud,Bazèga,Ipelsé,Banghingo
Centre-Sud,Bazèga,Ipelsé,Boutougou
Centre-Sud,Bazèga,Ipelsé,Guisma
Centre-Sud,Bazèga,Ipelsé,Ipelsé
Centre-Sud,Bazèga,Ipelsé,Kactinga
Centre-Sud,Bazèga,Ipelsé,Kakin
Centre-Sud,Bazèga,Ipelsé,Nacombogo
Centre-Sud,Bazèga,Ipelsé,Narogtinga
Centre-Sud,Bazèga,Ipelsé,Pouédogo
Centre-Sud,Bazèga,Ipelsé,Sagabtinga-Yarcé
Centre-Sud,Bazèga,Ipelsé,Sambin
Centre-Sud,Bazèga,Ipelsé,Sandeba
Centre-Sud,Bazèga,Ipelsé,Siltougdo
Centre-Sud,Bazèga,Ipelsé,Zinguedeghin
Centre-Sud,Bazèga,Kayao,Bareyiri
Centre-Sud,Bazèga,Kayao,Dapoury
Centre-Sud,Bazèga,Kayao,Doundouni
Centre-Sud,Bazèga,Kayao,Gomogho
Centre-Sud,Bazèga,Kayao,Goughin
Centre-Sud,Bazèga,Kayao,Goumsa
Centre-Sud,Bazèga,Kayao,Goumsin
Centre-Sud,Bazèga,Kayao,Ilyalla
Centre-Sud,Bazèga,Kayao,Kayao
Centre-Sud,Bazèga,Kayao,Kilou
Centre-Sud,Bazèga,Kayao,Kinkirou
Centre-Sud,Bazèga,Kayao,Komesnédogo
Centre-Sud,Bazèga,Kayao,Kossilci
Centre-Sud,Bazèga,Kayao,Kossoghin
Centre-Sud,Bazèga,Kayao,Koukoulou
Centre-Sud,Bazèga,Kayao,Koumkoulré
Centre-Sud,Bazèga,Kayao,Lado
Centre-Sud,Bazèga,Kayao,Pinghin
Centre-Sud,Bazèga,Kayao,Poa
Centre-Sud,Bazèga,Kayao,Raboden
Centre-Sud,Bazèga,Kayao,Rellou
Centre-Sud,Bazèga,Kayao,Sancé
Centre-Sud,Bazèga,Kayao,Singdin
Centre-Sud,Bazèga,Kayao,Sondré
Centre-Sud,Bazèga,Kayao,Tim-Tim
Centre-Sud,Bazèga,Kayao,Yada
Centre-Sud,Bazèga,Kayao,Yallo-Gouroungou
Centre-Sud,Bazèga,Kayao,Yellou
Centre-Sud,Bazèga,Kayao,Yipalin
Centre-Sud,Bazèga,Kayao,Yéaoanga
Centre-Sud,Bazèga,Kayao,Yézoanga
Centre-Sud,Bazèga,Kombissiri,Badnogo
Centre-Sud,Bazèga,Kombissiri,Bagadogo
Centre-Sud,Bazèga,Kombissiri,Batinga
Centre-Sud,Bazèga,Kombissiri,Bilbalogo
Centre-Sud,Bazèga,Kombissiri,Bissiga
Centre-Sud,Bazèga,Kombissiri,Bissiri
Centre-Sud,Bazèga,Kombissiri,Boussougou
Centre-Sud,Bazèga,Kombissiri,Bédogo-Nabiga
Centre-Sud,Bazèga,Kombissiri,Bédogo-Silmissi
Centre-Sud,Bazèga,Kombissiri,Fourgo
Centre-Sud,Bazèga,Kombissiri,Goghin
Centre-Sud,Bazèga,Kombissiri,Goncé
Centre-Sud,Bazèga,Kombissiri,Goudri
Centre-Sud,Bazèga,Kombissiri,Guirgo
Centre-Sud,Bazèga,Kombissiri,Kalwiga
Centre-Sud,Bazèga,Kombissiri,Kamsando
Centre-Sud,Bazèga,Kombissiri,Kiendbingré
Centre-Sud,Bazèga,Kombissiri,Kierma
Centre-Sud,Bazèga,Kombissiri,Koakin
Centre-Sud,Bazèga,Kombissiri,Koassa
Centre-Sud,Bazèga,Kombissiri,Kombissiri
Centre-Sud,Bazèga,Kombissiri,Komtigré
Centre-Sud,Bazèga,Kombissiri,Kond-Koikin
Centre-Sud,Bazèga,Kombissiri,Konioudou
Centre-Sud,Bazèga,Kombissiri,Konkossé
Centre-Sud,Bazèga,Kombissiri,Konkuissé
Centre-Sud,Bazèga,Kombissiri,Konlobwamdé
Centre-Sud,Bazèga,Kombissiri,Koudiougou
Centre-Sud,Bazèga,Kombissiri,Kougpéla
Centre-Sud,Bazèga,Kombissiri,Kouigou
Centre-Sud,Bazèga,Kombissiri,Koulpèlga
Centre-Sud,Bazèga,Kombissiri,Koupel-Yargo
Centre-Sud,Bazèga,Kombissiri,Lallé
Centre-Sud,Bazèga,Kombissiri,Logdin
Centre-Sud,Bazèga,Kombissiri,Manafian
Centre-Sud,Bazèga,Kombissiri,Manegsombo
Centre-Sud,Bazèga,Kombissiri,Monomtenga
Centre-Sud,Bazèga,Kombissiri,Mortenga
Centre-Sud,Bazèga,Kombissiri,Nabmassa
Centre-Sud,Bazèga,Kombissiri,Nam Yimi
Centre-Sud,Bazèga,Kombissiri,Nangouma
Centre-Sud,Bazèga,Kombissiri,Ouidin
Centre-Sud,Bazèga,Kombissiri,Pissi
Centre-Sud,Bazèga,Kombissiri,Poédogo
Centre-Sud,Bazèga,Kombissiri,Sabraogo
Centre-Sud,Bazèga,Kombissiri,Saré de Guirgo
Centre-Sud,Bazèga,Kombissiri,Saré de Tuili
Centre-Sud,Bazèga,Kombissiri,Seloghin
Centre-Sud,Bazèga,Kombissiri,Soula
Centre-Sud,Bazèga,Kombissiri,Tamtinga
Centre-Sud,Bazèga,Kombissiri,Tandaga
Centre-Sud,Bazèga,Kombissiri,Tangué
Centre-Sud,Bazèga,Kombissiri,Tansin
Centre-Sud,Bazèga,Kombissiri,Tingandogo
Centre-Sud,Bazèga,Kombissiri,Toanga
Centre-Sud,Bazèga,Kombissiri,Toéghin
Centre-Sud,Bazèga,Kombissiri,Toémiga
Centre-Sud,Bazèga,Kombissiri,Tuili
Centre-Sud,Bazèga,Kombissiri,Wemtinga
Centre-Sud,Bazèga,Kombissiri,Wonrobogo
Centre-Sud,Bazèga,Kombissiri,Yargo
Centre-Sud,Bazèga,Kombissiri,Yissouken
Centre-Sud,Bazèga,Kombissiri,Zarsen
Centre-Sud,Bazèga,Kombissiri,Zingdéghin
Centre-Sud,Bazèga,Kombissiri,Zinikoui
Centre-Sud,Bazèga,Saponé,Baguemnini
Centre-Sud,Bazèga,Saponé,Balonghin
Centre-Sud,Bazèga,Saponé,Banébanto
Centre-Sud,Bazèga,Saponé,Barana
Centre-Sud,Bazèga,Saponé,Bissiga
Centre-Sud,Bazèga,Saponé,Bonatenga
Centre-Sud,Bazèga,Saponé,Bonkoré
Centre-Sud,Bazèga,Saponé,Bonogo
Centre-Sud,Bazèga,Saponé,Bougrala
Centre-Sud,Bazèga,Saponé,Boulougou
Centre-Sud,Bazèga,Saponé,Boulsin
Centre-Sud,Bazèga,Saponé,Damkiéta
Centre-Sud,Bazèga,Saponé,Damzoussi
Centre-Sud,Bazèga,Saponé,Dawelgué
Centre-Sud,Bazèga,Saponé,Dawidma
Centre-Sud,Bazèga,Saponé,Diepo
Centre-Sud,Bazèga,Saponé,Douré
Centre-Sud,Bazèga,Saponé,Doutinga
Centre-Sud,Bazèga,Saponé,Godin
Centre-Sud,Bazèga,Saponé,Gourouré
Centre-Sud,Bazèga,Saponé,Ibogo
Centre-Sud,Bazèga,Saponé,Karangtanghin
Centre-Sud,Bazèga,Saponé,Karkuidghin
Centre-Sud,Bazèga,Saponé,Kiéden
Centre-Sud,Bazèga,Saponé,Koagma
Centre-Sud,Bazèga,Saponé,Koakin
Centre-Sud,Bazèga,Saponé,Koankin
Centre-Sud,Bazèga,Saponé,Kongtinga
Centre-Sud,Bazèga,Saponé,Korbogdo
Centre-Sud,Bazèga,Saponé,Kougpaka
Centre-Sud,Bazèga,Saponé,Koukin
Centre-Sud,Bazèga,Saponé,Koumsaga
Centre-Sud,Bazèga,Saponé,Kounda
Centre-Sud,Bazèga,Saponé,Kouri
Centre-Sud,Bazèga,Saponé,Koussoudougou
Centre-Sud,Bazèga,Saponé,Kuizili
Centre-Sud,Bazèga,Saponé,Lilbouré
Centre-Sud,Bazèga,Saponé,Nabakiesma
Centre-Sud,Bazèga,Saponé,Nabdogo
Centre-Sud,Bazèga,Saponé,Nabitenga
Centre-Sud,Bazèga,Saponé,Nionsna
Centre-Sud,Bazèga,Saponé,Ouarmini
Centre-Sud,Bazèga,Saponé,Ouidi
Centre-Sud,Bazèga,Saponé,Ouidi-Wafé
Centre-Sud,Bazèga,Saponé,Pazouétfom
Centre-Sud,Bazèga,Saponé,Pinaptenga
Centre-Sud,Bazèga,Saponé,Pissi
Centre-Sud,Bazèga,Saponé,Pousghin
Centre-Sud,Bazèga,Saponé,Poédogo
Centre-Sud,Bazèga,Saponé,Sambi
Centre-Sud,Bazèga,Saponé,Saponé
Centre-Sud,Bazèga,Saponé,Saponé Marché
Centre-Sud,Bazèga,Saponé,Sologo
Centre-Sud,Bazèga,Saponé,Tanghin
Centre-Sud,Bazèga,Saponé,Tanghin (Kongtinga)
Centre-Sud,Bazèga,Saponé,Targho
Centre-Sud,Bazèga,Saponé,Tennonghin
Centre-Sud,Bazèga,Saponé,Timaneboin
Centre-Sud,Bazèga,Saponé,Tinguindamen
Centre-Sud,Bazèga,Saponé,Tintenga
Centre-Sud,Bazèga,Saponé,Toundou
Centre-Sud,Bazèga,Saponé,Watinga
Centre-Sud,Bazèga,Saponé,Widi
Centre-Sud,Bazèga,Saponé,Yansaré
Centre-Sud,Bazèga,Saponé,Yimlogodo
Centre-Sud,Bazèga,Saponé,Yissouka
Centre-Sud,Bazèga,Saponé,Yougpélé
Centre-Sud,Bazèga,Saponé,Zio
Centre-Sud,Bazèga,Toécé,Binsboumbou
Centre-Sud,Bazèga,Toécé,Binstigré
Centre-Sud,Bazèga,Toécé,Bonsrima
Centre-Sud,Bazèga,Toécé,Boromtinga
Centre-Sud,Bazèga,Toécé,Dagouma
Centre-Sud,Bazèga,Toécé,Damzoussi
Centre-Sud,Bazèga,Toécé,Dayasmnoré
Centre-Sud,Bazèga,Toécé,Goubla
Centre-Sud,Bazèga,Toécé,Goudou
Centre-Sud,Bazèga,Toécé,Goumsé
Centre-Sud,Bazèga,Toécé,Kaongho
Centre-Sud,Bazèga,Toécé,Kosmassom
Centre-Sud,Bazèga,Toécé,Koulpellé
Centre-Sud,Bazèga,Toécé,Koumasgho
Centre-Sud,Bazèga,Toécé,Koumnéré
Centre-Sud,Bazèga,Toécé,Koussala
Centre-Sud,Bazèga,Toécé,Lanogo
Centre-Sud,Bazèga,Toécé,Lilbouré
Centre-Sud,Bazèga,Toécé,Loussa
Centre-Sud,Bazèga,Toécé,Masgo
Centre-Sud,Bazèga,Toécé,Mosko
Centre-Sud,Bazèga,Toécé,Nacombogo
Centre-Sud,Bazèga,Toécé,Nagnesna
Centre-Sud,Bazèga,Toécé,Nayalgué
Centre-Sud,Bazèga,Toécé,Niongho
Centre-Sud,Bazèga,Toécé,Pawamtoré
Centre-Sud,Bazèga,Toécé,Sankouissi
Centre-Sud,Bazèga,Toécé,Silkouka
Centre-Sud,Bazèga,Toécé,Sincéné
Centre-Sud,Bazèga,Toécé,Tambouè
Centre-Sud,Bazèga,Toécé,Tamsé
Centre-Sud,Bazèga,Toécé,Tanghin
Centre-Sud,Bazèga,Toécé,Tinsobtinga
Centre-Sud,Bazèga,Toécé,Tioko
Centre-Sud,Bazèga,Toécé,Toudou
Centre-Sud,Bazèga,Toécé,Toécé
Centre-Sud,Bazèga,Toécé,Wilga
Centre-Sud,Bazèga,Toécé,Yargo
Centre-Sud,Bazèga,Toécé,Yougoudri
Centre-Sud,Bazèga,Toécé,Zangogho
Centre-Sud,Bazèga,Toécé,Zarahougo
Centre-Sud,Bazèga,Toécé,Zemtoéga
Centre-Sud,Bazèga,Toécé,Zorgho
Centre-Sud,Nahouri,Guiaro,Boala
Centre-Sud,Nahouri,Guiaro,Boassan
Centre-Sud,Nahouri,Guiaro,Boli
Centre-Sud,Nahouri,Guiaro,Bouya
Centre-Sud,Nahouri,Guiaro,Bétaré
Centre-Sud,Nahouri,Guiaro,Guiaro
Centre-Sud,Nahouri,Guiaro,Kana
Centre-Sud,Nahouri,Guiaro,Kollo
Centre-Sud,Nahouri,Guiaro,Koro
Centre-Sud,Nahouri,Guiaro,Koumbili
Centre-Sud,Nahouri,Guiaro,Kountioro
Centre-Sud,Nahouri,Guiaro,Nakola
Centre-Sud,Nahouri,Guiaro,Natiédougou
Centre-Sud,Nahouri,Guiaro,Nikouem
Centre-Sud,Nahouri,Guiaro,Nissaré
Centre-Sud,Nahouri,Guiaro,Nitiana
Centre-Sud,Nahouri,Guiaro,Oualem
Centre-Sud,Nahouri,Guiaro,Poré
Centre-Sud,Nahouri,Guiaro,Sarro
Centre-Sud,Nahouri,Guiaro,Sia
Centre-Sud,Nahouri,Po,Adongo
Centre-Sud,Nahouri,Po,Avogonia
Centre-Sud,Nahouri,Po,Badongo
Centre-Sud,Nahouri,Po,Banon
Centre-Sud,Nahouri,Po,Bourou
Centre-Sud,Nahouri,Po,Dakola
Centre-Sud,Nahouri,Po,Dongo
Centre-Sud,Nahouri,Po,Fanian
Centre-Sud,Nahouri,Po,Gho
Centre-Sud,Nahouri,Po,Gougogo
Centre-Sud,Nahouri,Po,Kapori
Centre-Sud,Nahouri,Po,Langouèrou
Centre-Sud,Nahouri,Po,Mantiongo
Centre-Sud,Nahouri,Po,Nahouri
Centre-Sud,Nahouri,Po,Nakou
Centre-Sud,Nahouri,Po,Nakoum
Centre-Sud,Nahouri,Po,Pighyiri
Centre-Sud,Nahouri,Po,Po
Centre-Sud,Nahouri,Po,Pounkouyan
Centre-Sud,Nahouri,Po,Sapina
Centre-Sud,Nahouri,Po,Sia
Centre-Sud,Nahouri,Po,Songo 1
Centre-Sud,Nahouri,Po,Songo 2
Centre-Sud,Nahouri,Po,Tambolo
Centre-Sud,Nahouri,Po,Tamoana
Centre-Sud,Nahouri,Po,Tiakane
Centre-Sud,Nahouri,Po,Torem
Centre-Sud,Nahouri,Po,Yago
Centre-Sud,Nahouri,Po,Yaro
Centre-Sud,Nahouri,Tiébélé,Babougounia
Centre-Sud,Nahouri,Tiébélé,Badabié
Centre-Sud,Nahouri,Tiébélé,Badiembé
Centre-Sud,Nahouri,Tiébélé,Ballérebié 1
Centre-Sud,Nahouri,Tiébélé,Ballérebié 2
Centre-Sud,Nahouri,Tiébélé,Banga-Corabié
Centre-Sud,Nahouri,Tiébélé,Banga-Tangassogo
Centre-Sud,Nahouri,Tiébélé,Bapania
Centre-Sud,Nahouri,Tiébélé,Bloc-AVV-V1
Centre-Sud,Nahouri,Tiébélé,Bloc-AVV-V2
Centre-Sud,Nahouri,Tiébélé,Bloc-AVV-V3
Centre-Sud,Nahouri,Tiébélé,Bloc-AVV-V4
Centre-Sud,Nahouri,Tiébélé,Boulnoma
Centre-Sud,Nahouri,Tiébélé,Brébié
Centre-Sud,Nahouri,Tiébélé,Cora-Lô
Centre-Sud,Nahouri,Tiébélé,Corabié
Centre-Sud,Nahouri,Tiébélé,Coumpougoubié
Centre-Sud,Nahouri,Tiébélé,Dollo-Tangassogo
Centre-Sud,Nahouri,Tiébélé,Douabié
Centre-Sud,Nahouri,Tiébélé,Doumpoabié-Tangassogo
Centre-Sud,Nahouri,Tiébélé,Goribié
Centre-Sud,Nahouri,Tiébélé,Gounia
Centre-Sud,Nahouri,Tiébélé,Idénia-Kora
Centre-Sud,Nahouri,Tiébélé,Idénia-Moa
Centre-Sud,Nahouri,Tiébélé,Idénia-Tanga
Centre-Sud,Nahouri,Tiébélé,Kabrikogagogo
Centre-Sud,Nahouri,Tiébélé,Kahonia
Centre-Sud,Nahouri,Tiébélé,Kassiré
Centre-Sud,Nahouri,Tiébélé,Kassola
Centre-Sud,Nahouri,Tiébélé,Kassongbié
Centre-Sud,Nahouri,Tiébélé,Kaya-Fabolo
Centre-Sud,Nahouri,Tiébélé,Kaya-Kaforo
Centre-Sud,Nahouri,Tiébélé,Kaya-Kantiolo
Centre-Sud,Nahouri,Tiébélé,Kaya-Korso
Centre-Sud,Nahouri,Tiébélé,Kaya-Navio
Centre-Sud,Nahouri,Tiébélé,Kaya-Poungou
Centre-Sud,Nahouri,Tiébélé,Kollo
Centre-Sud,Nahouri,Tiébélé,Kolonia-Tangassogo
Centre-Sud,Nahouri,Tiébélé,Koubongo
Centre-Sud,Nahouri,Tiébélé,Kuyou
Centre-Sud,Nahouri,Tiébélé,Lagonia
Centre-Sud,Nahouri,Tiébélé,Lira-Tangassogo
Centre-Sud,Nahouri,Tiébélé,Lô-Caloa
Centre-Sud,Nahouri,Tiébélé,Lô-Longo
Centre-Sud,Nahouri,Tiébélé,Lô-Moulnia
Centre-Sud,Nahouri,Tiébélé,Lô-Polobiéssan
Centre-Sud,Nahouri,Tiébélé,Lô-Pouri
Centre-Sud,Nahouri,Tiébélé,Lô-Sinon
Centre-Sud,Nahouri,Tiébélé,Mankanon
Centre-Sud,Nahouri,Tiébélé,Mankilinia Tangassogo
Centre-Sud,Nahouri,Tiébélé,Mantiogonia Tangassogo
Centre-Sud,Nahouri,Tiébélé,Mantiongogo
Centre-Sud,Nahouri,Tiébélé,Moabié-Boungou
Centre-Sud,Nahouri,Tiébélé,Nabénia
Centre-Sud,Nahouri,Tiébélé,Namaguinia
Centre-Sud,Nahouri,Tiébélé,Nioua
Centre-Sud,Nahouri,Tiébélé,Ouorobié-Tangassogo
Centre-Sud,Nahouri,Tiébélé,Ouédiabié-Tangassogo
Centre-Sud,Nahouri,Tiébélé,Pioukouri-Tangassogo
Centre-Sud,Nahouri,Tiébélé,Sangbabié
Centre-Sud,Nahouri,Tiébélé,Sissoro
Centre-Sud,Nahouri,Tiébélé,Tagnania
Centre-Sud,Nahouri,Tiébélé,Tindanogo
Centre-Sud,Nahouri,Tiébélé,Tiponi
Centre-Sud,Nahouri,Tiébélé,Tiyalo
Centre-Sud,Nahouri,Tiébélé,Tiébélé
Centre-Sud,Nahouri,Tiébélé,Yéléania
Centre-Sud,Nahouri,Tiébélé,Zeguessiga
Centre-Sud,Nahouri,Zecco,Arroumbissi
Centre-Sud,Nahouri,Zecco,Barré
Centre-Sud,Nahouri,Zecco,Bourouma
Centre-Sud,Nahouri,Zecco,Garwendé
Centre-Sud,Nahouri,Zecco,Gonré
Centre-Sud,Nahouri,Zecco,Guian
Centre-Sud,Nahouri,Zecco,Konkoa
Centre-Sud,Nahouri,Zecco,Niouabié
Centre-Sud,Nahouri,Zecco,Songo
Centre-Sud,Nahouri,Zecco,Zecco
Centre-Sud,Nahouri,Zecco,Zecco-yarcé
Centre-Sud,Nahouri,Zecco,Zélégo
Centre-Sud,Nahouri,Ziou,Allowiga
Centre-Sud,Nahouri,Ziou,Bonga
Centre-Sud,Nahouri,Ziou,Bossia
Centre-Sud,Nahouri,Ziou,Dindirgou
Centre-Sud,Nahouri,Ziou,Doné
Centre-Sud,Nahouri,Ziou,Goû
Centre-Sud,Nahouri,Ziou,Guelwongo 1
Centre-Sud,Nahouri,Ziou,Guelwongo 2
Centre-Sud,Nahouri,Ziou,Idénia-Tanga
Centre-Sud,Nahouri,Ziou,Kanabissi-Sanga
Centre-Sud,Nahouri,Ziou,Mouma
Centre-Sud,Nahouri,Ziou,Narguia
Centre-Sud,Nahouri,Ziou,Nimbrongo
Centre-Sud,Nahouri,Ziou,Pingou
Centre-Sud,Nahouri,Ziou,Poussi
Centre-Sud,Nahouri,Ziou,Tamissougou
Centre-Sud,Nahouri,Ziou,Tampelga
Centre-Sud,Nahouri,Ziou,Tamsabliga
Centre-Sud,Nahouri,Ziou,Tintéka
Centre-Sud,Nahouri,Ziou,Tomabissi
Centre-Sud,Nahouri,Ziou,Tounkini
Centre-Sud,Nahouri,Ziou,Yelbissi
Centre-Sud,Nahouri,Ziou,Yorgo
Centre-Sud,Nahouri,Ziou,Youka
Centre-Sud,Nahouri,Ziou,Zanci
Centre-Sud,Nahouri,Ziou,Zancé
Centre-Sud,Nahouri,Ziou,Ziou
Centre-Sud,Zoundwéogo,Bindé,Bana
Centre-Sud,Zoundwéogo,Bindé,Bangamsin
Centre-Sud,Zoundwéogo,Bindé,Bindé
Centre-Sud,Zoundwéogo,Bindé,Dapélgo
Centre-Sud,Zoundwéogo,Bindé,Dayasmnoré
Centre-Sud,Zoundwéogo,Bindé,Guénin
Centre-Sud,Zoundwéogo,Bindé,Kazanga
Centre-Sud,Zoundwéogo,Bindé,Kaïbo-Nord V1
Centre-Sud,Zoundwéogo,Bindé,Kaïbo-Nord V2
Centre-Sud,Zoundwéogo,Bindé,Kaïbo-Nord V3
Centre-Sud,Zoundwéogo,Bindé,Kaïbo-Nord V4
Centre-Sud,Zoundwéogo,Bindé,Kaïbo-Sud V1
Centre-Sud,Zoundwéogo,Bindé,Kaïbo-Sud V2
Centre-Sud,Zoundwéogo,Bindé,Kaïbo-Sud V3
Centre-Sud,Zoundwéogo,Bindé,Kaïbo-Sud V4
Centre-Sud,Zoundwéogo,Bindé,Kaïbo-Sud V5
Centre-Sud,Zoundwéogo,Bindé,Kaïbo-Sud V6
Centre-Sud,Zoundwéogo,Bindé,Kaïbo-Sud V7
Centre-Sud,Zoundwéogo,Bindé,Kaïbo-centre
Centre-Sud,Zoundwéogo,Bindé,Koankin
Centre-Sud,Zoundwéogo,Bindé,Konnékongo
Centre-Sud,Zoundwéogo,Bindé,Kôm-pinga
Centre-Sud,Zoundwéogo,Bindé,Lilgomdé
Centre-Sud,Zoundwéogo,Bindé,Nonghin
Centre-Sud,Zoundwéogo,Bindé,Ouda
Centre-Sud,Zoundwéogo,Bindé,Pougoudou
Centre-Sud,Zoundwéogo,Bindé,Simbri
Centre-Sud,Zoundwéogo,Bindé,Sinikiéré
Centre-Sud,Zoundwéogo,Bindé,Sondré-Est
Centre-Sud,Zoundwéogo,Bindé,Tanghin
Centre-Sud,Zoundwéogo,Bindé,Tigré
Centre-Sud,Zoundwéogo,Bindé,Toéyoko
Centre-Sud,Zoundwéogo,Béré,Bougoumbarga
Centre-Sud,Zoundwéogo,Béré,Boularé
Centre-Sud,Zoundwéogo,Béré,Boulghin
Centre-Sud,Zoundwéogo,Béré,Bounomtoré
Centre-Sud,Zoundwéogo,Béré,Béré
Centre-Sud,Zoundwéogo,Béré,Douré
Centre-Sud,Zoundwéogo,Béré,Garguen
Centre-Sud,Zoundwéogo,Béré,Goghin
Centre-Sud,Zoundwéogo,Béré,Gonsé
Centre-Sud,Zoundwéogo,Béré,Kondrin
Centre-Sud,Zoundwéogo,Béré,Koulwoko
Centre-Sud,Zoundwéogo,Béré,Lidikouka
Centre-Sud,Zoundwéogo,Béré,Luilli-Nobéré
Centre-Sud,Zoundwéogo,Béré,Mandié
Centre-Sud,Zoundwéogo,Béré,Mazoara
Centre-Sud,Zoundwéogo,Béré,Nacombogo
Centre-Sud,Zoundwéogo,Béré,Roambanka
Centre-Sud,Zoundwéogo,Béré,Sidtenga
Centre-Sud,Zoundwéogo,Béré,Signonghin
Centre-Sud,Zoundwéogo,Béré,Siguivoussé
Centre-Sud,Zoundwéogo,Béré,Sondré
Centre-Sud,Zoundwéogo,Béré,Yackin
Centre-Sud,Zoundwéogo,Béré,Yaken
Centre-Sud,Zoundwéogo,Béré,Yorgo
Centre-Sud,Zoundwéogo,Gogo,Basbédo
Centre-Sud,Zoundwéogo,Gogo,Boulguin
Centre-Sud,Zoundwéogo,Gogo,Dougou
Centre-Sud,Zoundwéogo,Gogo,Gogo
Centre-Sud,Zoundwéogo,Gogo,Ipala
Centre-Sud,Zoundwéogo,Gogo,Kiendpalogo
Centre-Sud,Zoundwéogo,Gogo,Kondré
Centre-Sud,Zoundwéogo,Gogo,Kopèlin
Centre-Sud,Zoundwéogo,Gogo,Manga-Est V1
Centre-Sud,Zoundwéogo,Gogo,Manga-Est V2
Centre-Sud,Zoundwéogo,Gogo,Manga-Est V3
Centre-Sud,Zoundwéogo,Gogo,Manga-Est V4
Centre-Sud,Zoundwéogo,Gogo,Mouzi
Centre-Sud,Zoundwéogo,Gogo,Nagrigré
Centre-Sud,Zoundwéogo,Gogo,Norghin
Centre-Sud,Zoundwéogo,Gogo,Pagomtoécé
Centre-Sud,Zoundwéogo,Gogo,Parkiri
Centre-Sud,Zoundwéogo,Gogo,Pissi
Centre-Sud,Zoundwéogo,Gogo,Rabinsma
Centre-Sud,Zoundwéogo,Gogo,Safoula
Centre-Sud,Zoundwéogo,Gogo,Samtenga
Centre-Sud,Zoundwéogo,Gogo,Tiougou
Centre-Sud,Zoundwéogo,Gogo,Yambassé
Centre-Sud,Zoundwéogo,Gogo,Zaptenga 2
Centre-Sud,Zoundwéogo,Gogo,Zimtenga
Centre-Sud,Zoundwéogo,Gogo,Zirbaré
Centre-Sud,Zoundwéogo,Gogo,Zoundwéogo
Centre-Sud,Zoundwéogo,Gogo,Zoungou
Centre-Sud,Zoundwéogo,Gomboussougou,Bougoure
Centre-Sud,Zoundwéogo,Gomboussougou,Bourzem
Centre-Sud,Zoundwéogo,Gomboussougou,Boébango
Centre-Sud,Zoundwéogo,Gomboussougou,Dassanga
Centre-Sud,Zoundwéogo,Gomboussougou,Dindéogo
Centre-Sud,Zoundwéogo,Gomboussougou,Dirze
Centre-Sud,Zoundwéogo,Gomboussougou,Foungou
Centre-Sud,Zoundwéogo,Gomboussougou,Gnimintenga
Centre-Sud,Zoundwéogo,Gomboussougou,Gnétaya
Centre-Sud,Zoundwéogo,Gomboussougou,Gombo Bourfou
Centre-Sud,Zoundwéogo,Gomboussougou,Gomboussougou
Centre-Sud,Zoundwéogo,Gomboussougou,Goulagon
Centre-Sud,Zoundwéogo,Gomboussougou,Goyenga
Centre-Sud,Zoundwéogo,Gomboussougou,Kipala de Dassanga
Centre-Sud,Zoundwéogo,Gomboussougou,Kipala de Gnétaya
Centre-Sud,Zoundwéogo,Gomboussougou,Korgueréya
Centre-Sud,Zoundwéogo,Gomboussougou,Leoupo
Centre-Sud,Zoundwéogo,Gomboussougou,Mounibaogo
Centre-Sud,Zoundwéogo,Gomboussougou,Médiga
Centre-Sud,Zoundwéogo,Gomboussougou,Nognan
Centre-Sud,Zoundwéogo,Gomboussougou,Nombira
Centre-Sud,Zoundwéogo,Gomboussougou,Nomboya
Centre-Sud,Zoundwéogo,Gomboussougou,Saré Peulh
Centre-Sud,Zoundwéogo,Gomboussougou,Taya
Centre-Sud,Zoundwéogo,Gomboussougou,Tiere
Centre-Sud,Zoundwéogo,Gomboussougou,Tinguemnoré
Centre-Sud,Zoundwéogo,Gomboussougou,Yalga
Centre-Sud,Zoundwéogo,Gomboussougou,Yarsipiga
Centre-Sud,Zoundwéogo,Gomboussougou,Zourma-Kita
Centre-Sud,Zoundwéogo,Guiba,Banguéssom
Centre-Sud,Zoundwéogo,Guiba,Bilbalogo
Centre-Sud,Zoundwéogo,Guiba,Boura
Centre-Sud,Zoundwéogo,Guiba,Dissomey
Centre-Sud,Zoundwéogo,Guiba,Garancé
Centre-Sud,Zoundwéogo,Guiba,Guiba
Centre-Sud,Zoundwéogo,Guiba,Guéré
Centre-Sud,Zoundwéogo,Guiba,Guéré-Goghin
Centre-Sud,Zoundwéogo,Guiba,Imasgo
Centre-Sud,Zoundwéogo,Guiba,Kaleinga
Centre-Sud,Zoundwéogo,Guiba,Koakin
Centre-Sud,Zoundwéogo,Guiba,Kougbaga
Centre-Sud,Zoundwéogo,Guiba,Kougoubaga
Centre-Sud,Zoundwéogo,Guiba,Ouètinga
Centre-Sud,Zoundwéogo,Guiba,Parougri
Centre-Sud,Zoundwéogo,Guiba,Passebtinga
Centre-Sud,Zoundwéogo,Guiba,Sagnamen
Centre-Sud,Zoundwéogo,Guiba,Saonghin
Centre-Sud,Zoundwéogo,Guiba,Sougou
Centre-Sud,Zoundwéogo,Guiba,Tanghin
Centre-Sud,Zoundwéogo,Guiba,Tinrtinga
Centre-Sud,Zoundwéogo,Guiba,Tiédin
Centre-Sud,Zoundwéogo,Guiba,Toémissi
Centre-Sud,Zoundwéogo,Guiba,Témissi
Centre-Sud,Zoundwéogo,Guiba,Yakin
Centre-Sud,Zoundwéogo,Manga,Basgana
Centre-Sud,Zoundwéogo,Manga,Gago
Centre-Sud,Zoundwéogo,Manga,Ganwoko
Centre-Sud,Zoundwéogo,Manga,Gastoèga
Centre-Sud,Zoundwéogo,Manga,Goguin
Centre-Sud,Zoundwéogo,Manga,Kassougou
Centre-Sud,Zoundwéogo,Manga,Kira
Centre-Sud,Zoundwéogo,Manga,Larga
Centre-Sud,Zoundwéogo,Manga,Léongo
Centre-Sud,Zoundwéogo,Manga,Manga
Centre-Sud,Zoundwéogo,Manga,Mokin
Centre-Sud,Zoundwéogo,Manga,Nassamba
Centre-Sud,Zoundwéogo,Manga,Pouswoko
Centre-Sud,Zoundwéogo,Manga,Saben
Centre-Sud,Zoundwéogo,Manga,Sakuilga
Centre-Sud,Zoundwéogo,Manga,Séna
Centre-Sud,Zoundwéogo,Manga,Toula
Centre-Sud,Zoundwéogo,Manga,Zamcé
Centre-Sud,Zoundwéogo,Manga,Zaptenga 1
Centre-Sud,Zoundwéogo,Manga,Ziglila
Centre-Sud,Zoundwéogo,Nobéré,Bakaogo
Centre-Sud,Zoundwéogo,Nobéré,Barse
Centre-Sud,Zoundwéogo,Nobéré,Bion
Centre-Sud,Zoundwéogo,Nobéré,Bisboumbou
Centre-Sud,Zoundwéogo,Nobéré,Dakiecma
Centre-Sud,Zoundwéogo,Nobéré,Doncin
Centre-Sud,Zoundwéogo,Nobéré,Kambo
Centre-Sud,Zoundwéogo,Nobéré,Kataga
Centre-Sud,Zoundwéogo,Nobéré,Koakin
Centre-Sud,Zoundwéogo,Nobéré,Kougrissince
Centre-Sud,Zoundwéogo,Nobéré,Lamzoussi
Centre-Sud,Zoundwéogo,Nobéré,Linoghin
Centre-Sud,Zoundwéogo,Nobéré,Nioryida
Centre-Sud,Zoundwéogo,Nobéré,Nioungou
Centre-Sud,Zoundwéogo,Nobéré,Nobili
Centre-Sud,Zoundwéogo,Nobéré,Nobéré
Centre-Sud,Zoundwéogo,Nobéré,Passintinga
Centre-Sud,Zoundwéogo,Nobéré,Pegdwendé
Centre-Sud,Zoundwéogo,Nobéré,Pissi
Centre-Sud,Zoundwéogo,Nobéré,Pougnerkougri
Centre-Sud,Zoundwéogo,Nobéré,Sarogo
Centre-Sud,Zoundwéogo,Nobéré,Seloghin
Centre-Sud,Zoundwéogo,Nobéré,Sompissi
Centre-Sud,Zoundwéogo,Nobéré,Soulougre
Centre-Sud,Zoundwéogo,Nobéré,Tampouy
Centre-Sud,Zoundwéogo,Nobéré,Tamsé
Centre-Sud,Zoundwéogo,Nobéré,Teomighin
Centre-Sud,Zoundwéogo,Nobéré,Tewaka
Centre-Sud,Zoundwéogo,Nobéré,Togse
Centre-Sud,Zoundwéogo,Nobéré,Zagable
Est,Gnagna,Bilanga,Balamanou
Est,Gnagna,Bilanga,Banga
Est,Gnagna,Bilanga,Bartiboagou
Est,Gnagna,Bilanga,Benhourgou
Est,Gnagna,Bilanga,Bilamperga
Est,Gnagna,Bilanga,Bilamperga-Peulh
Est,Gnagna,Bilanga,Bilanga
Est,Gnagna,Bilanga,Bilanga-Peulh
Est,Gnagna,Bilanga,Bilanga-Yanga
Est,Gnagna,Bilanga,Bilanga-Yanga Peulh
Est,Gnagna,Bilanga,Bilina
Est,Gnagna,Bilanga,Bossongri
Est,Gnagna,Bilanga,Botou
Est,Gnagna,Bilanga,Boungou
Est,Gnagna,Bilanga,Bourpangou
Est,Gnagna,Bilanga,Boutwanou
Est,Gnagna,Bilanga,Cissa
Est,Gnagna,Bilanga,Diamdiara
Est,Gnagna,Bilanga,Diamdoari
Est,Gnagna,Bilanga,Diankoudougou
Est,Gnagna,Bilanga,Diapoadougou
Est,Gnagna,Bilanga,Diela (Boutouanou)
Est,Gnagna,Bilanga,Dipienga
Est,Gnagna,Bilanga,Dipienga Centre
Est,Gnagna,Bilanga,Dola
Est,Gnagna,Bilanga,Doundougou
Est,Gnagna,Bilanga,Dyanga
Est,Gnagna,Bilanga,Dyéla
Est,Gnagna,Bilanga,Fadji
Est,Gnagna,Bilanga,Fétary
Est,Gnagna,Bilanga,Garpieni
Est,Gnagna,Bilanga,Gninsonguin
Est,Gnagna,Bilanga,Gnoilibonga
Est,Gnagna,Bilanga,Gomonsgou
Est,Gnagna,Bilanga,Gora
Est,Gnagna,Bilanga,Gouilibila
Est,Gnagna,Bilanga,Guinoama
Est,Gnagna,Bilanga,Harboungou
Est,Gnagna,Bilanga,Hartery
Est,Gnagna,Bilanga,Kabaré
Est,Gnagna,Bilanga,Karbani
Est,Gnagna,Bilanga,Kiryomdéni
Est,Gnagna,Bilanga,Kogodou
Est,Gnagna,Bilanga,Koguina
Est,Gnagna,Bilanga,Kolonkomi
Est,Gnagna,Bilanga,Koulmasga
Est,Gnagna,Bilanga,Moadéga
Est,Gnagna,Bilanga,Moaka (Silguin)
Est,Gnagna,Bilanga,Nagniangou
Est,Gnagna,Bilanga,Ougarou
Est,Gnagna,Bilanga,Pantaloana
Est,Gnagna,Bilanga,Paparcé
Est,Gnagna,Bilanga,Papayenga/Diambanga
Est,Gnagna,Bilanga,Piaga
Est,Gnagna,Bilanga,Pissi
Est,Gnagna,Bilanga,Pognankanré
Est,Gnagna,Bilanga,Sabra
Est,Gnagna,Bilanga,Sagadou
Est,Gnagna,Bilanga,Saougou
Est,Gnagna,Bilanga,Sebga
Est,Gnagna,Bilanga,Silguin
Est,Gnagna,Bilanga,Soultenga
Est,Gnagna,Bilanga,Sékouantou
Est,Gnagna,Bilanga,Tamoanka
Est,Gnagna,Bilanga,Tampiokin
Est,Gnagna,Bilanga,Tampédou
Est,Gnagna,Bilanga,Tanibiaga
Est,Gnagna,Bilanga,Thimborgou
Est,Gnagna,Bilanga,Tiapaga
Est,Gnagna,Bilanga,Tiguili
Est,Gnagna,Bilanga,Tindané
Est,Gnagna,Bilanga,Tindané de Bilanga
Est,Gnagna,Bilanga,Tinkpampari
Est,Gnagna,Bilanga,Tobou
Est,Gnagna,Bilanga,Tobou-Peulh
Est,Gnagna,Bilanga,Tohogodou
Est,Gnagna,Bilanga,Touola
Est,Gnagna,Bilanga,Tyapafwanou
Est,Gnagna,Bilanga,Yacabé
Est,Gnagna,Bilanga,Yassoumbaga
Est,Gnagna,Bilanga,Yougpangou
Est,Gnagna,Bilanga,Yougpankoudougou
Est,Gnagna,Bogandé,Almandé
Est,Gnagna,Bogandé,Babri
Est,Gnagna,Bogandé,Banikidi
Est,Gnagna,Bogandé,Benfoaka
Est,Gnagna,Bogandé,Bogandé
Est,Gnagna,Bogandé,Boukoin
Est,Gnagna,Bogandé,Dapili
Est,Gnagna,Bogandé,Dionfirga
Est,Gnagna,Bogandé,Domaré
Est,Gnagna,Bogandé,Dyamwandé
Est,Gnagna,Bogandé,Dyéréden
Est,Gnagna,Bogandé,Gnimpiendi
Est,Gnagna,Bogandé,Gorgouin
Est,Gnagna,Bogandé,Guitanga
Est,Gnagna,Bogandé,Hinga
Est,Gnagna,Bogandé,Kankalsi
Est,Gnagna,Bogandé,Kierguin
Est,Gnagna,Bogandé,Kodjoani-kankalsi
Est,Gnagna,Bogandé,Kodjoani-léoura
Est,Gnagna,Bogandé,Kohoura
Est,Gnagna,Bogandé,Komboassi
Est,Gnagna,Bogandé,Komoassi
Est,Gnagna,Bogandé,Komonga
Est,Gnagna,Bogandé,Kossougoudou
Est,Gnagna,Bogandé,Kottia
Est,Gnagna,Bogandé,Kouikourkodya
Est,Gnagna,Bogandé,Léoura
Est,Gnagna,Bogandé,Léoura-Corga
Est,Gnagna,Bogandé,Mopyénga
Est,Gnagna,Bogandé,Nagaré
Est,Gnagna,Bogandé,Namountergou
Est,Gnagna,Bogandé,Nindangou
Est,Gnagna,Bogandé,Ognoadéni
Est,Gnagna,Bogandé,Ouadangou
Est,Gnagna,Bogandé,Ouapassi
Est,Gnagna,Bogandé,Samou
Est,Gnagna,Bogandé,Samou-Folga
Est,Gnagna,Bogandé,Samou-Gabondi
Est,Gnagna,Bogandé,Samou-Mama
Est,Gnagna,Bogandé,Sorgha
Est,Gnagna,Bogandé,Tanlomo
Est,Gnagna,Bogandé,Thiargou
Est,Gnagna,Bogandé,Thiéry
Est,Gnagna,Bogandé,Tuyndi
Est,Gnagna,Bogandé,Yèntyaori
Est,Gnagna,Koala,Antia
Est,Gnagna,Koala,Baka
Est,Gnagna,Koala,Balé
Est,Gnagna,Koala,Bamasgou
Est,Gnagna,Koala,Bambrigoani
Est,Gnagna,Koala,Bampouringa
Est,Gnagna,Koala,Bani
Est,Gnagna,Koala,Banidjoari
Est,Gnagna,Koala,Bombontiangou
Est,Gnagna,Koala,Bonsiéga
Est,Gnagna,Koala,Boudabga
Est,Gnagna,Koala,Boukargou
Est,Gnagna,Koala,Boula
Est,Gnagna,Koala,Coalla
Est,Gnagna,Koala,Daouanguèlé
Est,Gnagna,Koala,Darsalam
Est,Gnagna,Koala,Diagourou
Est,Gnagna,Koala,Diankongou
Est,Gnagna,Koala,Didiemba
Est,Gnagna,Koala,Dielkou
Est,Gnagna,Koala,Doyana
Est,Gnagna,Koala,Fantiangou
Est,Gnagna,Koala,Fayéré
Est,Gnagna,Koala,Ganta
Est,Gnagna,Koala,Gnimpiema
Est,Gnagna,Koala,Goulmodjo
Est,Gnagna,Koala,Goundou
Est,Gnagna,Koala,Kierga
Est,Gnagna,Koala,Kohda
Est,Gnagna,Koala,Kontiandi
Est,Gnagna,Koala,Kouroukida
Est,Gnagna,Koala,Lamoana
Est,Gnagna,Koala,Lougué
Est,Gnagna,Koala,Mossadéni
Est,Gnagna,Koala,Neiba
Est,Gnagna,Koala,Ouro Bèdé
Est,Gnagna,Koala,Ouro Gaobè
Est,Gnagna,Koala,Ouro Tongogo
Est,Gnagna,Koala,Ouro Tyârima
Est,Gnagna,Koala,Poka
Est,Gnagna,Koala,Samboandi (Ballé)
Est,Gnagna,Koala,Santyari
Est,Gnagna,Koala,Saérou
Est,Gnagna,Koala,Song Naba
Est,Gnagna,Koala,Soula
Est,Gnagna,Koala,Tadani
Est,Gnagna,Koala,Takou
Est,Gnagna,Koala,Tanaden
Est,Gnagna,Koala,Tankori
Est,Gnagna,Koala,Tanpanga
Est,Gnagna,Koala,Thiongori
Est,Gnagna,Koala,Thiouré
Est,Gnagna,Koala,Tihandéni
Est,Gnagna,Koala,Tindangou
Est,Gnagna,Koala,Tougdou
Est,Gnagna,Koala,Tyouré
Est,Gnagna,Koala,Yassougou
Est,Gnagna,Liptougou,Bada
Est,Gnagna,Liptougou,Bambilaré
Est,Gnagna,Liptougou,Bantienima
Est,Gnagna,Liptougou,Bilougou
Est,Gnagna,Liptougou,Bodya
Est,Gnagna,Liptougou,Bonsiega
Est,Gnagna,Liptougou,Dabéré
Est,Gnagna,Liptougou,Dadounga
Est,Gnagna,Liptougou,Dinalaye
Est,Gnagna,Liptougou,Djibali
Est,Gnagna,Liptougou,Djoari
Est,Gnagna,Liptougou,Fouga
Est,Gnagna,Liptougou,Gabondi
Est,Gnagna,Liptougou,Goulouba
Est,Gnagna,Liptougou,Kodjéna
Est,Gnagna,Liptougou,Kokou
Est,Gnagna,Liptougou,Landenkonou
Est,Gnagna,Liptougou,Liptougou
Est,Gnagna,Liptougou,Lontakoani
Est,Gnagna,Liptougou,Nadouonou
Est,Gnagna,Liptougou,Nadyari
Est,Gnagna,Liptougou,Nagnoagou
Est,Gnagna,Liptougou,Nalenga
Est,Gnagna,Liptougou,Nassourgou
Est,Gnagna,Liptougou,Ouaboidi
Est,Gnagna,Liptougou,Ouro Gamou
Est,Gnagna,Liptougou,Ouro Guèngri
Est,Gnagna,Liptougou,Pintiagou
Est,Gnagna,Liptougou,Souloungou
Est,Gnagna,Liptougou,Tafé
Est,Gnagna,Liptougou,Tambiga
Est,Gnagna,Liptougou,Tanfouagou
Est,Gnagna,Liptougou,Tanfwogou
Est,Gnagna,Liptougou,Tantiaka
Est,Gnagna,Liptougou,Tolépsi
Est,Gnagna,Liptougou,Toulfwanou
Est,Gnagna,Liptougou,Touolongou
Est,Gnagna,Liptougou,Tyor Angué
Est,Gnagna,Mani,Balemba
Est,Gnagna,Mani,Bangaye
Est,Gnagna,Mani,Bannho
Est,Gnagna,Mani,Bantouankpéba
Est,Gnagna,Mani,Barhiaga
Est,Gnagna,Mani,Batiboh
Est,Gnagna,Mani,Bolomona
Est,Gnagna,Mani,Bomboyenga
Est,Gnagna,Mani,Boudangou
Est,Gnagna,Mani,Boulyendé
Est,Gnagna,Mani,Boungou Folgou
Est,Gnagna,Mani,Boungou Natimsa
Est,Gnagna,Mani,Bourgou
Est,Gnagna,Mani,Bèfassi
Est,Gnagna,Mani,Dabesma
Est,Gnagna,Mani,Dabougou
Est,Gnagna,Mani,Dakiri
Est,Gnagna,Mani,Dassari
Est,Gnagna,Mani,Dayédé
Est,Gnagna,Mani,Fouadé
Est,Gnagna,Mani,Garga
Est,Gnagna,Mani,Gongorgou
Est,Gnagna,Mani,Gori
Est,Gnagna,Mani,Hamamoré
Est,Gnagna,Mani,Kamissi
Est,Gnagna,Mani,Kankantchiaga
Est,Gnagna,Mani,Karamama
Est,Gnagna,Mani,Koadaba
Est,Gnagna,Mani,Kobori
Est,Gnagna,Mani,Komboassi
Est,Gnagna,Mani,Komona
Est,Gnagna,Mani,Konbobsi
Est,Gnagna,Mani,Koulfo
Est,Gnagna,Mani,Kouriga
Est,Gnagna,Mani,Lahama
Est,Gnagna,Mani,Lampiadi
Est,Gnagna,Mani,Lanyabidi
Est,Gnagna,Mani,Layavri
Est,Gnagna,Mani,Liougou
Est,Gnagna,Mani,Lipaka
Est,Gnagna,Mani,Loagré
Est,Gnagna,Mani,Madori
Est,Gnagna,Mani,Malioma
Est,Gnagna,Mani,Manni
Est,Gnagna,Mani,Margou
Est,Gnagna,Mani,Mopienga
Est,Gnagna,Mani,Nagbingou
Est,Gnagna,Mani,Nakouri
Est,Gnagna,Mani,Nayéla
Est,Gnagna,Mani,Obadé
Est,Gnagna,Mani,Obdaga
Est,Gnagna,Mani,Penfwogo
Est,Gnagna,Mani,Pognamadéni
Est,Gnagna,Mani,Pougdiari
Est,Gnagna,Mani,Pènfwogo
Est,Gnagna,Mani,Samboandi
Est,Gnagna,Mani,Siédougou
Est,Gnagna,Mani,Tambidi
Est,Gnagna,Mani,Tambifoagou
Est,Gnagna,Mani,Tambiri
Est,Gnagna,Mani,Tamboana
Est,Gnagna,Mani,Tana
Est,Gnagna,Mani,Tanbwana
Est,Gnagna,Mani,Tanfouri
Est,Gnagna,Mani,Toabré
Est,Gnagna,Mani,Tomonga (Hamamoré)
Est,Gnagna,Mani,Tougnabou
Est,Gnagna,Mani,Turmaye
Est,Gnagna,Mani,Yaka
Est,Gnagna,Mani,Yarba
Est,Gnagna,Mani,Yarba-Lampiadi
Est,Gnagna,Piéla,Badalgou
Est,Gnagna,Piéla,Banoassi
Est,Gnagna,Piéla,Bouskomi
Est,Gnagna,Piéla,Dabesma
Est,Gnagna,Piéla,Dabilgou
Est,Gnagna,Piéla,Diabatou
Est,Gnagna,Piéla,Djoari
Est,Gnagna,Piéla,Dorongou
Est,Gnagna,Piéla,Doyana
Est,Gnagna,Piéla,Gaboassi
Est,Gnagna,Piéla,Gori
Est,Gnagna,Piéla,Guimboari
Est,Gnagna,Piéla,Kalari
Est,Gnagna,Piéla,Kalembaogo
Est,Gnagna,Piéla,Kankalsi
Est,Gnagna,Piéla,Karimama
Est,Gnagna,Piéla,Kongaye
Est,Gnagna,Piéla,Korindiaka
Est,Gnagna,Piéla,Korongou
Est,Gnagna,Piéla,Kotouri
Est,Gnagna,Piéla,Kouri
Est,Gnagna,Piéla,Langnoassi
Est,Gnagna,Piéla,Margou
Est,Gnagna,Piéla,Marmiga
Est,Gnagna,Piéla,Nakodou
Est,Gnagna,Piéla,Nalongou
Est,Gnagna,Piéla,Namagdou
Est,Gnagna,Piéla,Namoungou
Est,Gnagna,Piéla,Noali
Est,Gnagna,Piéla,Piéla
Est,Gnagna,Piéla,Sorgou
Est,Gnagna,Piéla,Souroungou
Est,Gnagna,Piéla,Tangaye
Est,Gnagna,Piéla,Tiabdou
Est,Gnagna,Piéla,Tiongo-Lampiadi
Est,Gnagna,Piéla,Tiongo-Pani
Est,Gnagna,Piéla,Tiongo-Pori
Est,Gnagna,Piéla,Tougoudadou
Est,Gnagna,Thion,Balamba
Est,Gnagna,Thion,Bangaye
Est,Gnagna,Thion,Bangayéni
Est,Gnagna,Thion,Banogo
Est,Gnagna,Thion,Bogoumissi
Est,Gnagna,Thion,Bossongri
Est,Gnagna,Thion,Diaka
Est,Gnagna,Thion,Dimkoura
Est,Gnagna,Thion,Dioro
Est,Gnagna,Thion,Dioro-Folgou
Est,Gnagna,Thion,Doyana
Est,Gnagna,Thion,Folbombouga
Est,Gnagna,Thion,Folbongou
Est,Gnagna,Thion,Folgou
Est,Gnagna,Thion,Gnindi
Est,Gnagna,Thion,Harga
Est,Gnagna,Thion,Koulbila
Est,Gnagna,Thion,Lalguin
Est,Gnagna,Thion,Laranga
Est,Gnagna,Thion,Lelcom
Est,Gnagna,Thion,Monlori
Est,Gnagna,Thion,Morèm
Est,Gnagna,Thion,Nawèga
Est,Gnagna,Thion,Siéssin
Est,Gnagna,Thion,Sékoussi
Est,Gnagna,Thion,Tamièla
Est,Gnagna,Thion,Thion
Est,Gnagna,Thion,Tipoli
Est,Gourma,Diabo,Bagatenga
Est,Gourma,Diabo,Belentinbin
Est,Gourma,Diabo,Benkoko
Est,Gourma,Diabo,Boudierghin
Est,Gourma,Diabo,Boulgatenga
Est,Gourma,Diabo,Bouloumbougdi
Est,Gourma,Diabo,Boulyoghin
Est,Gourma,Diabo,Bouri
Est,Gourma,Diabo,Combemgogo
Est,Gourma,Diabo,Daboadin
Est,Gourma,Diabo,Dazouri
Est,Gourma,Diabo,Diabo
Est,Gourma,Diabo,Dianga
Est,Gourma,Diabo,Diapangou-Peulh
Est,Gourma,Diabo,Gninboadin-Diabo
Est,Gourma,Diabo,Guilgin
Est,Gourma,Diabo,Kabga
Est,Gourma,Diabo,Kalbekin
Est,Gourma,Diabo,Kamona
Est,Gourma,Diabo,Kandaga
Est,Gourma,Diabo,Kanhomé
Est,Gourma,Diabo,Koandouré
Est,Gourma,Diabo,Koulbikiensin
Est,Gourma,Diabo,Koulpissi
Est,Gourma,Diabo,Koulwoko Diabo
Est,Gourma,Diabo,Kouriogin
Est,Gourma,Diabo,Lantaogo
Est,Gourma,Diabo,Lantaogo Tamassogo
Est,Gourma,Diabo,Lanti
Est,Gourma,Diabo,Lorgho
Est,Gourma,Diabo,Louloubtenga
Est,Gourma,Diabo,Maouda
Est,Gourma,Diabo,Mocomtore
Est,Gourma,Diabo,Nabi Raogo
Est,Gourma,Diabo,Nintenga
Est,Gourma,Diabo,Ouavoussé
Est,Gourma,Diabo,Piga
Est,Gourma,Diabo,Pikoinsé
Est,Gourma,Diabo,Pissalboré
Est,Gourma,Diabo,Pisséguéden
Est,Gourma,Diabo,Pitenga
Est,Gourma,Diabo,Pizonguin
Est,Gourma,Diabo,Pizongué
Est,Gourma,Diabo,Pohemtenga
Est,Gourma,Diabo,Sabioken
Est,Gourma,Diabo,Sabtenga
Est,Gourma,Diabo,Samdoten
Est,Gourma,Diabo,Sanéouabo
Est,Gourma,Diabo,Sanéwabo
Est,Gourma,Diabo,Sanéwabo--yarcé
Est,Gourma,Diabo,Seiga
Est,Gourma,Diabo,Silmitenga
Est,Gourma,Diabo,Tamkoursi
Est,Gourma,Diabo,Tampanga
Est,Gourma,Diabo,Tangandé
Est,Gourma,Diabo,Tangaye
Est,Gourma,Diabo,Tangpiekin
Est,Gourma,Diabo,Tanlallé
Est,Gourma,Diabo,Tansouka
Est,Gourma,Diabo,Tanziéga
Est,Gourma,Diabo,Tiabga
Est,Gourma,Diabo,Tiabtamassogo
Est,Gourma,Diabo,Yantenga
Est,Gourma,Diabo,Yanwéga
Est,Gourma,Diabo,Yarcétenga
Est,Gourma,Diabo,Zamsé
Est,Gourma,Diabo,Zanré
Est,Gourma,Diabo,Zecca
Est,Gourma,Diabo,Zinknabbin
Est,Gourma,Diabo,Ziéla
Est,Gourma,Diabo,Zonatenga
Est,Gourma,Diapangou,Balga
Est,Gourma,Diapangou,Bandiabgou
Est,Gourma,Diapangou,Bardiadeni
Est,Gourma,Diapangou,Bassabliga
Est,Gourma,Diapangou,Bianargou
Est,Gourma,Diapangou,Bossongri
Est,Gourma,Diapangou,Comboari
Est,Gourma,Diapangou,Diangaïe
Est,Gourma,Diapangou,Diapangou
Est,Gourma,Diapangou,Doaligou
Est,Gourma,Diapangou,Fonghin
Est,Gourma,Diapangou,Kolonkogo
Est,Gourma,Diapangou,Komanpergou
Est,Gourma,Diapangou,Kouloungou
Est,Gourma,Diapangou,Lantargou
Est,Gourma,Diapangou,Litiayenli
Est,Gourma,Diapangou,Louargou
Est,Gourma,Diapangou,Nahambouga
Est,Gourma,Diapangou,Okargouni
Est,Gourma,Diapangou,Otiabragouni
Est,Gourma,Diapangou,Ountandéni
Est,Gourma,Diapangou,Pampangou
Est,Gourma,Diapangou,Pendori
Est,Gourma,Diapangou,Sikidéni
Est,Gourma,Diapangou,Takpoagou
Est,Gourma,Diapangou,Tchomboado
Est,Gourma,Diapangou,Tielba
Est,Gourma,Diapangou,Tilonti
Est,Gourma,Diapangou,Toboani
Est,Gourma,Diapangou,Tokouna
Est,Gourma,Diapangou,Wakou
Est,Gourma,Diapangou,Yensemdéni
Est,Gourma,Diapangou,Yimtana
Est,Gourma,Fada-Ngourma,Ankouna
Est,Gourma,Fada-Ngourma,Banbouala
Est,Gourma,Fada-Ngourma,Bandingui
Est,Gourma,Fada-Ngourma,Barwidi
Est,Gourma,Fada-Ngourma,Binadéni
Est,Gourma,Fada-Ngourma,Bonkioali
Est,Gourma,Fada-Ngourma,Bouandouori
Est,Gourma,Fada-Ngourma,Boudangou
Est,Gourma,Fada-Ngourma,Bougui
Est,Gourma,Fada-Ngourma,Boulba
Est,Gourma,Fada-Ngourma,Boumoana
Est,Gourma,Fada-Ngourma,Boumpoa
Est,Gourma,Fada-Ngourma,Boungou
Est,Gourma,Fada-Ngourma,Fada N'gourma
Est,Gourma,Fada-Ngourma,Ganyéla
Est,Gourma,Fada-Ngourma,Gbédisaaga
Est,Gourma,Fada-Ngourma,Kalamana
Est,Gourma,Fada-Ngourma,Kanliinou
Est,Gourma,Fada-Ngourma,Kantambari
Est,Gourma,Fada-Ngourma,Kidpalogo
Est,Gourma,Fada-Ngourma,Kikidéni
Est,Gourma,Fada-Ngourma,Kodjonti
Est,Gourma,Fada-Ngourma,Kogodou
Est,Gourma,Fada-Ngourma,Komandougou
Est,Gourma,Fada-Ngourma,Komangou
Est,Gourma,Fada-Ngourma,Kouaré
Est,Gourma,Fada-Ngourma,Kpenchangou
Est,Gourma,Fada-Ngourma,Kpenchangou Peulh
Est,Gourma,Fada-Ngourma,Lalimanga
Est,Gourma,Fada-Ngourma,Madéni
Est,Gourma,Fada-Ngourma,Mangoudéni
Est,Gourma,Fada-Ngourma,Momba
Est,Gourma,Fada-Ngourma,Momba liangou
Est,Gourma,Fada-Ngourma,Moridin
Est,Gourma,Fada-Ngourma,Mourdéni
Est,Gourma,Fada-Ngourma,Naboudi
Est,Gourma,Fada-Ngourma,Nadonou
Est,Gourma,Fada-Ngourma,Nagaré
Est,Gourma,Fada-Ngourma,Namoungou
Est,Gourma,Fada-Ngourma,Napalniangou
Est,Gourma,Fada-Ngourma,Natiaboani
Est,Gourma,Fada-Ngourma,Natiaoma
Est,Gourma,Fada-Ngourma,Niamanga
Est,Gourma,Fada-Ngourma,Niendouga
Est,Gourma,Fada-Ngourma,Niendouri
Est,Gourma,Fada-Ngourma,Nouarangou
Est,Gourma,Fada-Ngourma,Olouargou
Est,Gourma,Fada-Ngourma,Pandridéni
Est,Gourma,Fada-Ngourma,Payégou
Est,Gourma,Fada-Ngourma,Pentouangou
Est,Gourma,Fada-Ngourma,Pokiamanga
Est,Gourma,Fada-Ngourma,Sanipenga
Est,Gourma,Fada-Ngourma,Sétougou
Est,Gourma,Fada-Ngourma,Tagou
Est,Gourma,Fada-Ngourma,Tambiga Peulh
Est,Gourma,Fada-Ngourma,Tanga
Est,Gourma,Fada-Ngourma,Tanwalbougou
Est,Gourma,Fada-Ngourma,Tiandiaga
Est,Gourma,Fada-Ngourma,Tiango
Est,Gourma,Fada-Ngourma,Tinatanboua
Est,Gourma,Matiakoali,Bankartougou
Est,Gourma,Matiakoali,Boadeni
Est,Gourma,Matiakoali,Boaligou
Est,Gourma,Matiakoali,Boargou
Est,Gourma,Matiakoali,Bobodjoari
Est,Gourma,Matiakoali,Bondimoani
Est,Gourma,Matiakoali,Boulgou
Est,Gourma,Matiakoali,Boulgou Peulh
Est,Gourma,Matiakoali,Boulmoangou
Est,Gourma,Matiakoali,Boutouanou
Est,Gourma,Matiakoali,Bouyanli
Est,Gourma,Matiakoali,Bouèdéni
Est,Gourma,Matiakoali,Dagou
Est,Gourma,Matiakoali,Datougou
Est,Gourma,Matiakoali,Doufouanou
Est,Gourma,Matiakoali,Dyagnona
Est,Gourma,Matiakoali,Fouamboani
Est,Gourma,Matiakoali,Gaboali
Est,Gourma,Matiakoali,Gargandi
Est,Gourma,Matiakoali,Gninfoagma
Est,Gourma,Matiakoali,Gnoali
Est,Gourma,Matiakoali,Goungou
Est,Gourma,Matiakoali,Haougou
Est,Gourma,Matiakoali,Hitkiégou
Est,Gourma,Matiakoali,Igori
Est,Gourma,Matiakoali,Kankantiana
Est,Gourma,Matiakoali,Kanmba
Est,Gourma,Matiakoali,Kiankonli
Est,Gourma,Matiakoali,Kirboanga
Est,Gourma,Matiakoali,Komoana
Est,Gourma,Matiakoali,Kouaro
Est,Gourma,Matiakoali,Kouyargou
Est,Gourma,Matiakoali,Malimou
Est,Gourma,Matiakoali,Mantiabdjoaga Peulh
Est,Gourma,Matiakoali,Mantiabdjoaga-Gourmantché
Est,Gourma,Matiakoali,Matiacoali
Est,Gourma,Matiakoali,N'pingiali
Est,Gourma,Matiakoali,Nabantiali
Est,Gourma,Matiakoali,Naboandaga
Est,Gourma,Matiakoali,Nagnoundougou
Est,Gourma,Matiakoali,Nakortougou
Est,Gourma,Matiakoali,Nanéni
Est,Gourma,Matiakoali,Nassougou
Est,Gourma,Matiakoali,Niapani
Est,Gourma,Matiakoali,Nyapani
Est,Gourma,Matiakoali,Nyipétouaga
Est,Gourma,Matiakoali,Oubrinou
Est,Gourma,Matiakoali,Ougarou
Est,Gourma,Matiakoali,Ourkouagou
Est,Gourma,Matiakoali,Ouro-Aou
Est,Gourma,Matiakoali,Ouro-Séni
Est,Gourma,Matiakoali,Piega-Gourt
Est,Gourma,Matiakoali,Piega-Peulh
Est,Gourma,Matiakoali,Piribouli
Est,Gourma,Matiakoali,Pogninkouli
Est,Gourma,Matiakoali,Sangbanou
Est,Gourma,Matiakoali,Sankoali
Est,Gourma,Matiakoali,Site de Ougarou
Est,Gourma,Matiakoali,Soam
Est,Gourma,Matiakoali,Soualigou
Est,Gourma,Matiakoali,Tadanondempo
Est,Gourma,Matiakoali,Tankimbo
Est,Gourma,Matiakoali,Tankpétou
Est,Gourma,Matiakoali,Tanmbouana
Est,Gourma,Matiakoali,Tebar
Est,Gourma,Matiakoali,Tiassiery
Est,Gourma,Matiakoali,Tibari
Est,Gourma,Matiakoali,Titiadi
Est,Gourma,Matiakoali,Tousyégou
Est,Gourma,Matiakoali,Tyatyawabo
Est,Gourma,Matiakoali,Tyébadi
Est,Gourma,Matiakoali,Yendjoaga-Gourmantché
Est,Gourma,Matiakoali,Yéritagui
Est,Gourma,Tibga,Bandaokanré
Est,Gourma,Tibga,Bangou
Est,Gourma,Tibga,Banliboara
Est,Gourma,Tibga,Bassambily
Est,Gourma,Tibga,Belemgnoubli
Est,Gourma,Tibga,Biliguimtenga
Est,Gourma,Tibga,Bogré
Est,Gourma,Tibga,Bokou
Est,Gourma,Tibga,Bolontou
Est,Gourma,Tibga,Bondioguin
Est,Gourma,Tibga,Dasamlagfo
Est,Gourma,Tibga,Dianga
Est,Gourma,Tibga,Djingfoaga
Est,Gourma,Tibga,Dékouda
Est,Gourma,Tibga,Dékoura
Est,Gourma,Tibga,Gandemtenga
Est,Gourma,Tibga,Gohin
Est,Gourma,Tibga,Guilyendé
Est,Gourma,Tibga,Hamtiouri
Est,Gourma,Tibga,Kaldiouani
Est,Gourma,Tibga,Kalkomé
Est,Gourma,Tibga,Kalkouri
Est,Gourma,Tibga,Kogossi
Est,Gourma,Tibga,Kontaga
Est,Gourma,Tibga,Kontaga-Peulh
Est,Gourma,Tibga,Liguiditenga
Est,Gourma,Tibga,Louké
Est,Gourma,Tibga,Modré
Est,Gourma,Tibga,Mossitenga
Est,Gourma,Tibga,Nagbangou
Est,Gourma,Tibga,Nassobdo
Est,Gourma,Tibga,Nassoboré
Est,Gourma,Tibga,Ouanga
Est,Gourma,Tibga,Poringuin
Est,Gourma,Tibga,Soadobila
Est,Gourma,Tibga,Soatou
Est,Gourma,Tibga,Tambourbangou
Est,Gourma,Tibga,Tampour-kolkomé
Est,Gourma,Tibga,Tiantiaka
Est,Gourma,Tibga,Tibga
Est,Gourma,Tibga,Tiongo
Est,Gourma,Tibga,Yaryomé
Est,Gourma,Tibga,Youkin
Est,Gourma,Tibga,Youmlenga
Est,Gourma,Tibga,Yéga
Est,Gourma,Yamba,Birgou
Est,Gourma,Yamba,Bogolé
Est,Gourma,Yamba,Bonga
Est,Gourma,Yamba,Diangou
Est,Gourma,Yamba,Diankongou
Est,Gourma,Yamba,Didcomba
Est,Gourma,Yamba,Doaligou
Est,Gourma,Yamba,Ibouréni
Est,Gourma,Yamba,Kiamou
Est,Gourma,Yamba,Kondouagou
Est,Gourma,Yamba,Kondridoaga
Est,Gourma,Yamba,Kouadigou-Yamba
Est,Gourma,Yamba,Koulga
Est,Gourma,Yamba,Kwadifagou
Est,Gourma,Yamba,Nacouendougou-Dinyala
Est,Gourma,Yamba,Nayouri
Est,Gourma,Yamba,Oboungouni
Est,Gourma,Yamba,Onadiagouni
Est,Gourma,Yamba,Pempidou
Est,Gourma,Yamba,Pendianga
Est,Gourma,Yamba,Sambialgou
Est,Gourma,Yamba,Sougoudou
Est,Gourma,Yamba,Tagou
Est,Gourma,Yamba,Tamboangou
Est,Gourma,Yamba,Tandyari
Est,Gourma,Yamba,Tangayiri
Est,Gourma,Yamba,Tantiaka-Kouadigou
Est,Gourma,Yamba,Tantiaka-Yamba
Est,Gourma,Yamba,Tembou
Est,Gourma,Yamba,Tinacondiboudi
Est,Gourma,Yamba,Tomoaga
Est,Gourma,Yamba,Yagou
Est,Gourma,Yamba,Yamba
Est,Komandjari,Bartiébougou,Balgabé
Est,Komandjari,Bartiébougou,Bangou
Est,Komandjari,Bartiébougou,Bartibougou Peulh
Est,Komandjari,Bartiébougou,Bartiébougou
Est,Komandjari,Bartiébougou,Bomoaga
Est,Komandjari,Bartiébougou,Bomoanga
Est,Komandjari,Bartiébougou,Bontegou
Est,Komandjari,Bartiébougou,Bonyanri
Est,Komandjari,Bartiébougou,Bossoangri
Est,Komandjari,Bartiébougou,Dabala
Est,Komandjari,Bartiébougou,Dankiéna
Est,Komandjari,Bartiébougou,Diamoandou
Est,Komandjari,Bartiébougou,Djora
Est,Komandjari,Bartiébougou,Gambaga
Est,Komandjari,Bartiébougou,Ghoafouabouga
Est,Komandjari,Bartiébougou,Goabri
Est,Komandjari,Bartiébougou,Gourel-Niebe
Est,Komandjari,Bartiébougou,Haaba
Est,Komandjari,Bartiébougou,Haba
Est,Komandjari,Bartiébougou,Hagou
Est,Komandjari,Bartiébougou,Kienkienga
Est,Komandjari,Bartiébougou,Kilouga
Est,Komandjari,Bartiébougou,Kofougou
Est,Komandjari,Bartiébougou,Moualigou
Est,Komandjari,Bartiébougou,Nabadjoari
Est,Komandjari,Bartiébougou,Pagou
Est,Komandjari,Bartiébougou,Pagou-Peulh
Est,Komandjari,Bartiébougou,Pate Pate
Est,Komandjari,Bartiébougou,Penkatougou
Est,Komandjari,Bartiébougou,Tambibourma
Est,Komandjari,Bartiébougou,Tambiga
Est,Komandjari,Bartiébougou,Tambissouguima
Est,Komandjari,Bartiébougou,Tasya
Est,Komandjari,Bartiébougou,Tepa
Est,Komandjari,Bartiébougou,Yempira
Est,Komandjari,Foutouri,Bongori
Est,Komandjari,Foutouri,Dambemiré
Est,Komandjari,Foutouri,Dankongou
Est,Komandjari,Foutouri,Dianmoandi
Est,Komandjari,Foutouri,Foutouri
Est,Komandjari,Foutouri,Foutouri Peulh
Est,Komandjari,Foutouri,Golmamasigi
Est,Komandjari,Foutouri,Hantoukoura
Est,Komandjari,Foutouri,Karyégou
Est,Komandjari,Foutouri,Kiaguel
Est,Komandjari,Foutouri,Kirgou
Est,Komandjari,Foutouri,Kirgou Peulh
Est,Komandjari,Foutouri,Kirikiri
Est,Komandjari,Foutouri,Kodyèl
Est,Komandjari,Foutouri,Lougou
Est,Komandjari,Foutouri,Nassourou
Est,Komandjari,Foutouri,Ouro Sawabé
Est,Komandjari,Foutouri,Souhonkobou
Est,Komandjari,Foutouri,Tambebanli
Est,Komandjari,Foutouri,Tankoualou
Est,Komandjari,Gayéri,Badi
Est,Komandjari,Gayéri,Bandikidini
Est,Komandjari,Gayéri,Bassiéri
Est,Komandjari,Gayéri,Boala
Est,Komandjari,Gayéri,Bontambima
Est,Komandjari,Gayéri,Bouban
Est,Komandjari,Gayéri,Boulmongou
Est,Komandjari,Gayéri,Bouogou
Est,Komandjari,Gayéri,Dapoula
Est,Komandjari,Gayéri,Diabatou
Est,Komandjari,Gayéri,Djona
Est,Komandjari,Gayéri,Djongou
Est,Komandjari,Gayéri,Djora
Est,Komandjari,Gayéri,Douènda
Est,Komandjari,Gayéri,Dyamona
Est,Komandjari,Gayéri,Folmongou
Est,Komandjari,Gayéri,Gabidou
Est,Komandjari,Gayéri,Gamboudeni Peulh
Est,Komandjari,Gayéri,Gamboudéni
Est,Komandjari,Gayéri,Gayéri
Est,Komandjari,Gayéri,Gnifoagma
Est,Komandjari,Gayéri,Guihora
Est,Komandjari,Gayéri,Kalimama
Est,Komandjari,Gayéri,Karimama
Est,Komandjari,Gayéri,Kiabila
Est,Komandjari,Gayéri,Kiani
Est,Komandjari,Gayéri,Kielli
Est,Komandjari,Gayéri,Kodjongou
Est,Komandjari,Gayéri,Komompouma
Est,Komandjari,Gayéri,Komonpouma Peulh
Est,Komandjari,Gayéri,Kopialga
Est,Komandjari,Gayéri,Kotougou
Est,Komandjari,Gayéri,Kouokouogou
Est,Komandjari,Gayéri,Kourgou
Est,Komandjari,Gayéri,Lafya
Est,Komandjari,Gayéri,Lonadéni
Est,Komandjari,Gayéri,Louanga
Est,Komandjari,Gayéri,Maldiabari
Est,Komandjari,Gayéri,Maldianga
Est,Komandjari,Gayéri,Mianlo
Est,Komandjari,Gayéri,Moassadéni
Est,Komandjari,Gayéri,N'Bina
Est,Komandjari,Gayéri,Nahaga
Est,Komandjari,Gayéri,Naki
Est,Komandjari,Gayéri,Nalidougou
Est,Komandjari,Gayéri,Noagadeni
Est,Komandjari,Gayéri,Oué
Est,Komandjari,Gayéri,Pougsa
Est,Komandjari,Gayéri,Pékwèndi
Est,Komandjari,Gayéri,Sasa
Est,Komandjari,Gayéri,Siyi
Est,Komandjari,Gayéri,Soualimou
Est,Komandjari,Gayéri,Tampangou
Est,Komandjari,Gayéri,Tana
Est,Komandjari,Gayéri,Tantiaguignoalima
Est,Komandjari,Gayéri,Tchabo
Est,Komandjari,Gayéri,Tchabo Peulh
Est,Komandjari,Gayéri,Tiargou
Est,Komandjari,Gayéri,Tiboudi
Est,Komandjari,Gayéri,Toumbenga
Est,Komandjari,Gayéri,Yadogo
Est,Kompienga,Kompienga,Bossoari
Est,Kompienga,Kompienga,Bounou
Est,Kompienga,Kompienga,Diabiga
Est,Kompienga,Kompienga,Diabiga Gourma
Est,Kompienga,Kompienga,Diamanga
Est,Kompienga,Kompienga,Fanwargou
Est,Kompienga,Kompienga,Gbagbandi
Est,Kompienga,Kompienga,Kompienga
Est,Kompienga,Kompienga,Kpankpaga
Est,Kompienga,Kompienga,Kpinkankanti
Est,Kompienga,Kompienga,Lamboudi
Est,Kompienga,Kompienga,Mardéni
Est,Kompienga,Kompienga,Nabamboula
Est,Kompienga,Kompienga,Nabantiougou
Est,Kompienga,Kompienga,Nakiantanga
Est,Kompienga,Kompienga,Obogou
Est,Kompienga,Kompienga,Ogagou
Est,Kompienga,Kompienga,Penponbougou
Est,Kompienga,Kompienga,Pimpebougou
Est,Kompienga,Kompienga,Pognoa-Sankoado
Est,Kompienga,Kompienga,Pognoa-Tikonti
Est,Kompienga,Kompienga,Pokienlouaga
Est,Kompienga,Kompienga,Sankoado
Est,Kompienga,Kompienga,Tambibangou
Est,Kompienga,Kompienga,Tanbina
Est,Kompienga,Kompienga,Tanliagou
Est,Kompienga,Kompienga,Toukouda Dori
Est,Kompienga,Kompienga,Toukoudouga
Est,Kompienga,Kompienga,Toutourgou
Est,Kompienga,Madjoari,Gnobtenkoagou
Est,Kompienga,Madjoari,Kodjaari
Est,Kompienga,Madjoari,Madjoari
Est,Kompienga,Madjoari,Matambima
Est,Kompienga,Madjoari,Momba
Est,Kompienga,Madjoari,Namounyouri
Est,Kompienga,Madjoari,Niamanga
Est,Kompienga,Madjoari,Singou (Tapiéni)
Est,Kompienga,Madjoari,Tambarga
Est,Kompienga,Madjoari,Tanli
Est,Kompienga,Madjoari,Tougou
Est,Kompienga,Pama,Bombontangou
Est,Kompienga,Pama,Folpodi
Est,Kompienga,Pama,Ile de Tagou
Est,Kompienga,Pama,Kabonga 1
Est,Kompienga,Pama,Kabonga 2
Est,Kompienga,Pama,Kalmanma
Est,Kompienga,Pama,Koalou
Est,Kompienga,Pama,Kompiembiga
Est,Kompienga,Pama,Kpadiari
Est,Kompienga,Pama,Maimba
Est,Kompienga,Pama,Nadiagou
Est,Kompienga,Pama,Oumpougdéni
Est,Kompienga,Pama,Pama
Est,Kompienga,Pama,Tagou 2
Est,Kompienga,Pama,Tibadi
Est,Kompienga,Pama,Tindangou
Est,Tapoa,Botou,Affini
Est,Tapoa,Botou,Bamini
Est,Tapoa,Botou,Boguèl
Est,Tapoa,Botou,Bossoangri
Est,Tapoa,Botou,Bottou
Est,Tapoa,Botou,Boulel
Est,Tapoa,Botou,Diagargou
Est,Tapoa,Botou,Doubiti
Est,Tapoa,Botou,Fantou
Est,Tapoa,Botou,Fobri
Est,Tapoa,Botou,Fovéli
Est,Tapoa,Botou,Gangana
Est,Tapoa,Botou,Garbongou
Est,Tapoa,Botou,Kahel
Est,Tapoa,Botou,Kalayenou
Est,Tapoa,Botou,Kankangou
Est,Tapoa,Botou,Kankwari
Est,Tapoa,Botou,Kinyanga
Est,Tapoa,Botou,Kogori
Est,Tapoa,Botou,Koguini
Est,Tapoa,Botou,Komonli
Est,Tapoa,Botou,"Koyenga (Ougarou, Tantiana)"
Est,Tapoa,Botou,Kpengnoanfouangou
Est,Tapoa,Botou,Kyèndyaga
Est,Tapoa,Botou,Mandiari
Est,Tapoa,Botou,Nabaga
Est,Tapoa,Botou,Natabouanga
Est,Tapoa,Botou,Nombiti
Est,Tapoa,Botou,Noumkori
Est,Tapoa,Botou,Ougarou
Est,Tapoa,Botou,Oukoulourou
Est,Tapoa,Botou,Partiaga
Est,Tapoa,Botou,Pempindyoa
Est,Tapoa,Botou,Pendyaga
Est,Tapoa,Botou,Pori
Est,Tapoa,Botou,Sénéguélé
Est,Tapoa,Botou,Tantiana
Est,Tapoa,Botou,Tapoa-Diagbagbi
Est,Tapoa,Botou,Tchelol Boulez
Est,Tapoa,Botou,Tiantiabouli
Est,Tapoa,Botou,Tongogodèn
Est,Tapoa,Botou,Tyanbouli
Est,Tapoa,Botou,Tyandanti
Est,Tapoa,Botou,Tyongol
Est,Tapoa,Botou,Tyènkilibi
Est,Tapoa,Botou,Yèndiboré
Est,Tapoa,Diapaga,Bagahanba
Est,Tapoa,Diapaga,Bagali
Est,Tapoa,Diapaga,Barpoa
Est,Tapoa,Diapaga,Byati
Est,Tapoa,Diapaga,Diapaga
Est,Tapoa,Diapaga,Fouamboanli
Est,Tapoa,Diapaga,Gama
Est,Tapoa,Diapaga,Gounda
Est,Tapoa,Diapaga,Kanda
Est,Tapoa,Diapaga,Kankandyaga
Est,Tapoa,Diapaga,Kogdangou
Est,Tapoa,Diapaga,Koryombo
Est,Tapoa,Diapaga,Koutchagou
Est,Tapoa,Diapaga,Koutyagou
Est,Tapoa,Diapaga,Mamangou
Est,Tapoa,Diapaga,Mangou
Est,Tapoa,Diapaga,Nayouari
Est,Tapoa,Diapaga,Olaro
Est,Tapoa,Diapaga,Pampani
Est,Tapoa,Diapaga,Papala
Est,Tapoa,Diapaga,Pembiga
Est,Tapoa,Diapaga,Pemboanga de Namounou
Est,Tapoa,Diapaga,Pemboanga de Partiaga
Est,Tapoa,Diapaga,Tangali
Est,Tapoa,Diapaga,Tapoa Barrage
Est,Tapoa,Diapaga,Tapoa-Djerma
Est,Tapoa,Diapaga,Tontolbouli
Est,Tapoa,Diapaga,Toubouandi
Est,Tapoa,Diapaga,Tounga
Est,Tapoa,Diapaga,Tyaga
Est,Tapoa,Kantchari,Badèdsi
Est,Tapoa,Kantchari,Bamguil
Est,Tapoa,Kantchari,Bantoini
Est,Tapoa,Kantchari,Barimagou
Est,Tapoa,Kantchari,Bartiaga
Est,Tapoa,Kantchari,Bartyaga
Est,Tapoa,Kantchari,Batagné
Est,Tapoa,Kantchari,Boayaba
Est,Tapoa,Kantchari,Bouandyaga
Est,Tapoa,Kantchari,Boudiéri
Est,Tapoa,Kantchari,Boulmontchangou
Est,Tapoa,Kantchari,Boulmontougou
Est,Tapoa,Kantchari,Boundyani
Est,Tapoa,Kantchari,Boupiena
Est,Tapoa,Kantchari,Boupiengou
Est,Tapoa,Kantchari,Brimonga
Est,Tapoa,Kantchari,Bwenbwangou
Est,Tapoa,Kantchari,Bèlèl
Est,Tapoa,Kantchari,Comonli
Est,Tapoa,Kantchari,Degma
Est,Tapoa,Kantchari,Dentougou
Est,Tapoa,Kantchari,Diankonli
Est,Tapoa,Kantchari,Dyatondi
Est,Tapoa,Kantchari,Foltyangou ou Dyaya
Est,Tapoa,Kantchari,Fottyango
Est,Tapoa,Kantchari,Gangankoudyaga
Est,Tapoa,Kantchari,Garbougou
Est,Tapoa,Kantchari,Gondyori
Est,Tapoa,Kantchari,Kambardebi
Est,Tapoa,Kantchari,Kampyagui
Est,Tapoa,Kantchari,Kandoré
Est,Tapoa,Kantchari,Kangana
Est,Tapoa,Kantchari,Kankani
Est,Tapoa,Kantchari,Kantari
Est,Tapoa,Kantchari,Kantchari
Est,Tapoa,Kantchari,Kirta
Est,Tapoa,Kantchari,Kobanbou
Est,Tapoa,Kantchari,Kodagou
Est,Tapoa,Kantchari,Koena
Est,Tapoa,Kantchari,Kopèndi
Est,Tapoa,Kantchari,Kotyanboubagou
Est,Tapoa,Kantchari,Koyati
Est,Tapoa,Kantchari,Kwotougou
Est,Tapoa,Kantchari,Latti
Est,Tapoa,Kantchari,Mambouri
Est,Tapoa,Kantchari,Mantchangou
Est,Tapoa,Kantchari,Mantougou
Est,Tapoa,Kantchari,Mohadagou
Est,Tapoa,Kantchari,Monpabi
Est,Tapoa,Kantchari,Moumougou
Est,Tapoa,Kantchari,Naboamou
Est,Tapoa,Kantchari,Nalyèmbouti
Est,Tapoa,Kantchari,Namagri
Est,Tapoa,Kantchari,Namoumoanga
Est,Tapoa,Kantchari,Nando
Est,Tapoa,Kantchari,Natougou
Est,Tapoa,Kantchari,Natèrgou
Est,Tapoa,Kantchari,Potyèrtougou
Est,Tapoa,Kantchari,Sakoani
Est,Tapoa,Kantchari,Sambalgou
Est,Tapoa,Kantchari,Sampieri
Est,Tapoa,Kantchari,Sangoudyérgouré
Est,Tapoa,Kantchari,Tabgou
Est,Tapoa,Kantchari,Takoutou
Est,Tapoa,Kantchari,Tambipèrga
Est,Tapoa,Kantchari,Tandri
Est,Tapoa,Kantchari,Teppe
Est,Tapoa,Kantchari,Tialboanga
Est,Tapoa,Kantchari,Toubouandi
Est,Tapoa,Kantchari,Toubouri
Est,Tapoa,Kantchari,Toulonga
Est,Tapoa,Kantchari,Toumouali
Est,Tapoa,Kantchari,Toundi
Est,Tapoa,Kantchari,Tyabougou
Est,Tapoa,Kantchari,Tyéna
Est,Tapoa,Kantchari,Yaogo
Est,Tapoa,Kantchari,Yérimbou
Est,Tapoa,Lôgbou,Diabonli
Est,Tapoa,Lôgbou,Fangou
Est,Tapoa,Lôgbou,Houaré
Est,Tapoa,Lôgbou,Kalimama
Est,Tapoa,Lôgbou,Kindi-Kombou
Est,Tapoa,Lôgbou,Logobou
Est,Tapoa,Lôgbou,Mahadaga
Est,Tapoa,Lôgbou,Mamangou
Est,Tapoa,Lôgbou,Momba
Est,Tapoa,Lôgbou,Moridéni
Est,Tapoa,Lôgbou,Mouabou
Est,Tapoa,Lôgbou,Nadiéringa
Est,Tapoa,Lôgbou,Nagaré
Est,Tapoa,Lôgbou,Namponkoré
Est,Tapoa,Lôgbou,Namponsiga
Est,Tapoa,Lôgbou,Palboa
Est,Tapoa,Lôgbou,Siaga
Est,Tapoa,Namouno,Boantana
Est,Tapoa,Namouno,Diamoanyouli
Est,Tapoa,Namouno,Goangoana
Est,Tapoa,Namouno,Kogodi
Est,Tapoa,Namouno,Nagbangou
Est,Tapoa,Namouno,Namounou
Est,Tapoa,Namouno,Palboa
Est,Tapoa,Namouno,Tantankilé
Est,Tapoa,Namouno,Tikonti
Est,Tapoa,Namouno,Timambari
Est,Tapoa,Partiaga,Bambambou
Est,Tapoa,Partiaga,Barbagou
Est,Tapoa,Partiaga,Bomonti
Est,Tapoa,Partiaga,Bossoari
Est,Tapoa,Partiaga,Bouabou
Est,Tapoa,Partiaga,Boungou
Est,Tapoa,Partiaga,Dahangou
Est,Tapoa,Partiaga,Diela
Est,Tapoa,Partiaga,Doubtchari
Est,Tapoa,Partiaga,Dyadyoana
Est,Tapoa,Partiaga,Dyamanga
Est,Tapoa,Partiaga,Faobonga
Est,Tapoa,Partiaga,Fatouti
Est,Tapoa,Partiaga,Gangalindi
Est,Tapoa,Partiaga,Gangalinti
Est,Tapoa,Partiaga,Hanloli
Est,Tapoa,Partiaga,Kalbouli
Est,Tapoa,Partiaga,Kankandi
Est,Tapoa,Partiaga,Kodjini
Est,Tapoa,Partiaga,Kouakouli
Est,Tapoa,Partiaga,Lopadi
Est,Tapoa,Partiaga,Loubalganga
Est,Tapoa,Partiaga,Mardaga
Est,Tapoa,Partiaga,Nadiabonli
Est,Tapoa,Partiaga,Natoungou
Est,Tapoa,Partiaga,Niamanga
Est,Tapoa,Partiaga,Pabanbou
Est,Tapoa,Partiaga,Pabouga
Est,Tapoa,Partiaga,Partiaga
Est,Tapoa,Partiaga,Penbiti
Est,Tapoa,Partiaga,Popomou
Est,Tapoa,Partiaga,Samtangou
Est,Tapoa,Partiaga,Sebouga
Est,Tapoa,Partiaga,Tatiangou
Est,Tapoa,Partiaga,Tawori
Est,Tapoa,Tambaga,Adjouana
Est,Tapoa,Tambaga,Agbana
Est,Tapoa,Tambaga,Baaka
Est,Tapoa,Tambaga,Bayentori
Est,Tapoa,Tambaga,Boalbigou
Est,Tapoa,Tambaga,Boupiena
Est,Tapoa,Tambaga,Diadori
Est,Tapoa,Tambaga,Diandiandi
Est,Tapoa,Tambaga,Diegbala
Est,Tapoa,Tambaga,Djatouonkoagou
Est,Tapoa,Tambaga,Djimagli
Est,Tapoa,Tambaga,Fanfangou
Est,Tapoa,Tambaga,Gnouambouli
Est,Tapoa,Tambaga,Kogoli
Est,Tapoa,Tambaga,Konli 1
Est,Tapoa,Tambaga,Konli 2
Est,Tapoa,Tambaga,Kpadanfoani
Est,Tapoa,Tambaga,Magou
Est,Tapoa,Tambaga,Momba-Peulh
Est,Tapoa,Tambaga,Naboué
Est,Tapoa,Tambaga,Nambari
Est,Tapoa,Tambaga,Nanissoangui
Est,Tapoa,Tambaga,Palboa
Est,Tapoa,Tambaga,Palissoangui
Est,Tapoa,Tambaga,Panma
Est,Tapoa,Tambaga,Parkanli
Est,Tapoa,Tambaga,Pentinga-Gourmantché
Est,Tapoa,Tambaga,Pentinga-Peulh
Est,Tapoa,Tambaga,Piéni
Est,Tapoa,Tambaga,Popéri
Est,Tapoa,Tambaga,Saborga-Kori
Est,Tapoa,Tambaga,Saborga-Péra
Est,Tapoa,Tambaga,Sansanga
Est,Tapoa,Tambaga,Tambaga
Est,Tapoa,Tambaga,Thioula
Est,Tapoa,Tambaga,Tiakoagli
Est,Tapoa,Tambaga,Tikonti
Est,Tapoa,Tambaga,Tindangou
Est,Tapoa,Tambaga,Yirini
Est,Tapoa,Tambaga,Yobri
Est,Tapoa,Tansarga,Banduo
Est,Tapoa,Tansarga,Bantoana de Kabougou
Est,Tapoa,Tansarga,Bantoana de Kotchari
Est,Tapoa,Tansarga,Bobomondi
Est,Tapoa,Tansarga,Bodiaga
Est,Tapoa,Tansarga,Boupiena
Est,Tapoa,Tansarga,Diafouanou
Est,Tapoa,Tansarga,Diamanga
Est,Tapoa,Tansarga,Fouambiga
Est,Tapoa,Tansarga,Gnimboama
Est,Tapoa,Tansarga,Kabougou
Est,Tapoa,Tansarga,Katela
Est,Tapoa,Tansarga,Kobana
Est,Tapoa,Tansarga,Kobdari
Est,Tapoa,Tansarga,Kombongou
Est,Tapoa,Tansarga,Kotchari
Est,Tapoa,Tansarga,Koukongou
Est,Tapoa,Tansarga,Kpenkouandi
Est,Tapoa,Tansarga,Lada
Est,Tapoa,Tansarga,Liantandi
Est,Tapoa,Tansarga,Malpoa
Est,Tapoa,Tansarga,Nagbanli
Est,Tapoa,Tansarga,Namboantidi
Est,Tapoa,Tansarga,Natongou
Est,Tapoa,Tansarga,Piélgou
Est,Tapoa,Tansarga,Tambouli
Est,Tapoa,Tansarga,Tansarga
Est,Tapoa,Tansarga,Tchontchonga
Est,Tapoa,Tansarga,Toptiagou
Hauts-Bassins,Houet,Bama,Badara
Hauts-Bassins,Houet,Bama,Bama
Hauts-Bassins,Houet,Bama,Banakélédaga
Hauts-Bassins,Houet,Bama,Banaorodougou
Hauts-Bassins,Houet,Bama,Desso
Hauts-Bassins,Houet,Bama,Diarradougou
Hauts-Bassins,Houet,Bama,Kouroukan
Hauts-Bassins,Houet,Bama,Lanfièra
Hauts-Bassins,Houet,Bama,Natèma
Hauts-Bassins,Houet,Bama,Niéguéma
Hauts-Bassins,Houet,Bama,Safarlaye
Hauts-Bassins,Houet,Bama,Samandéni
Hauts-Bassins,Houet,Bama,Sandimisso
Hauts-Bassins,Houet,Bama,Sangouléma
Hauts-Bassins,Houet,Bama,Saouléni
Hauts-Bassins,Houet,Bama,Soungalodaga
Hauts-Bassins,Houet,Bama,Sourkoudougou
Hauts-Bassins,Houet,Bama,Séguéré
Hauts-Bassins,Houet,Bama,Tanwogoma
Hauts-Bassins,Houet,Bama,Toukoro
Hauts-Bassins,Houet,Bama,Yirwal
Hauts-Bassins,Houet,Bama,Ziga
Hauts-Bassins,Houet,Bobo-Dioulasso,Bana
Hauts-Bassins,Houet,Bobo-Dioulasso,Baré
Hauts-Bassins,Houet,Bobo-Dioulasso,Bobo-Dioulasso_x000D_
Hauts-Bassins,Houet,Bobo-Dioulasso,Borodougou
Hauts-Bassins,Houet,Bobo-Dioulasso,Dafinso
Hauts-Bassins,Houet,Bobo-Dioulasso,Darsalamy
Hauts-Bassins,Houet,Bobo-Dioulasso,Dindéresso
Hauts-Bassins,Houet,Bobo-Dioulasso,Dingasso
Hauts-Bassins,Houet,Bobo-Dioulasso,Dodougou
Hauts-Bassins,Houet,Bobo-Dioulasso,Dogotélama
Hauts-Bassins,Houet,Bobo-Dioulasso,Doufiguisso
Hauts-Bassins,Houet,Bobo-Dioulasso,Dougoutogo
Hauts-Bassins,Houet,Bobo-Dioulasso,Farakoba
Hauts-Bassins,Houet,Bobo-Dioulasso,Farakoba-Sud
Hauts-Bassins,Houet,Bobo-Dioulasso,Kimidougou
Hauts-Bassins,Houet,Bobo-Dioulasso,Kokorowé
Hauts-Bassins,Houet,Bobo-Dioulasso,Koro
Hauts-Bassins,Houet,Bobo-Dioulasso,Kotédougou
Hauts-Bassins,Houet,Bobo-Dioulasso,Kouakoualé
Hauts-Bassins,Houet,Bobo-Dioulasso,Kouentou
Hauts-Bassins,Houet,Bobo-Dioulasso,Koumi
Hauts-Bassins,Houet,Bobo-Dioulasso,Kouroukan
Hauts-Bassins,Houet,Bobo-Dioulasso,Kékélesso
Hauts-Bassins,Houet,Bobo-Dioulasso,Leguéma
Hauts-Bassins,Houet,Bobo-Dioulasso,Lesso
Hauts-Bassins,Houet,Bobo-Dioulasso,Logofourousso
Hauts-Bassins,Houet,Bobo-Dioulasso,Matourkou
Hauts-Bassins,Houet,Bobo-Dioulasso,Moamy
Hauts-Bassins,Houet,Bobo-Dioulasso,Moukoma
Hauts-Bassins,Houet,Bobo-Dioulasso,Moussobadougou
Hauts-Bassins,Houet,Bobo-Dioulasso,Nasso
Hauts-Bassins,Houet,Bobo-Dioulasso,Niamadougou
Hauts-Bassins,Houet,Bobo-Dioulasso,Noumousso
Hauts-Bassins,Houet,Bobo-Dioulasso,Ouolokoto
Hauts-Bassins,Houet,Bobo-Dioulasso,Pala
Hauts-Bassins,Houet,Bobo-Dioulasso,Panamasso
Hauts-Bassins,Houet,Bobo-Dioulasso,Samagan
Hauts-Bassins,Houet,Bobo-Dioulasso,Santidougou
Hauts-Bassins,Houet,Bobo-Dioulasso,Sisalia
Hauts-Bassins,Houet,Bobo-Dioulasso,Sogossagasso
Hauts-Bassins,Houet,Bobo-Dioulasso,Sossogona
Hauts-Bassins,Houet,Bobo-Dioulasso,Tolotama
Hauts-Bassins,Houet,Bobo-Dioulasso,Tondogosso
Hauts-Bassins,Houet,Bobo-Dioulasso,Yéguéresso
Hauts-Bassins,Houet,Dandé,Bakaribougou
Hauts-Bassins,Houet,Dandé,Dandé
Hauts-Bassins,Houet,Dandé,Dandé Moryiri
Hauts-Bassins,Houet,Dandé,Kogodjan
Hauts-Bassins,Houet,Dandé,Koréba
Hauts-Bassins,Houet,Dandé,Lanfièra-Coura
Hauts-Bassins,Houet,Dandé,Sama-Kongo
Hauts-Bassins,Houet,Faramana,Bambé
Hauts-Bassins,Houet,Faramana,Béna
Hauts-Bassins,Houet,Faramana,Faramana
Hauts-Bassins,Houet,Faramana,Koby
Hauts-Bassins,Houet,Faramana,Kouakourima
Hauts-Bassins,Houet,Faramana,Kouni
Hauts-Bassins,Houet,Faramana,Siankoro
Hauts-Bassins,Houet,Faramana,Ty
Hauts-Bassins,Houet,Fo,Bouboura
Hauts-Bassins,Houet,Fo,Dangoumani
Hauts-Bassins,Houet,Fo,Dawèra
Hauts-Bassins,Houet,Fo,Dintoloma
Hauts-Bassins,Houet,Fo,Dorona
Hauts-Bassins,Houet,Fo,Fo
Hauts-Bassins,Houet,Fo,Kibé
Hauts-Bassins,Houet,Fo,Kiébani
Hauts-Bassins,Houet,Fo,Kogouè
Hauts-Bassins,Houet,Fo,Kokoroba
Hauts-Bassins,Houet,Fo,Lanfièra
Hauts-Bassins,Houet,Fo,Mossibougou
Hauts-Bassins,Houet,Fo,Yelintouta
Hauts-Bassins,Houet,Karangasso-Sambla,Banakorosso
Hauts-Bassins,Houet,Karangasso-Sambla,Bouendé
Hauts-Bassins,Houet,Karangasso-Sambla,Diofoloma
Hauts-Bassins,Houet,Karangasso-Sambla,Gnassoumadougou
Hauts-Bassins,Houet,Karangasso-Sambla,Gognon
Hauts-Bassins,Houet,Karangasso-Sambla,Gouinkiéla
Hauts-Bassins,Houet,Karangasso-Sambla,Karangasso-sambla
Hauts-Bassins,Houet,Karangasso-Sambla,Kongolikan
Hauts-Bassins,Houet,Karangasso-Sambla,Koubrété
Hauts-Bassins,Houet,Karangasso-Sambla,Koumbadougou
Hauts-Bassins,Houet,Karangasso-Sambla,Magafesso
Hauts-Bassins,Houet,Karangasso-Sambla,Miangou
Hauts-Bassins,Houet,Karangasso-Sambla,Samatoukoro
Hauts-Bassins,Houet,Karangasso-Sambla,Samblatoukoro
Hauts-Bassins,Houet,Karangasso-Sambla,Sembléni
Hauts-Bassins,Houet,Karangasso-Sambla,Souroukoudinga
Hauts-Bassins,Houet,Karangasso-Sambla,Tiara
Hauts-Bassins,Houet,Karangasso-Sambla,Torosso
Hauts-Bassins,Houet,Karangasso-Vigué,Antama
Hauts-Bassins,Houet,Karangasso-Vigué,Badala
Hauts-Bassins,Houet,Karangasso-Vigué,Banibon
Hauts-Bassins,Houet,Karangasso-Vigué,Bio
Hauts-Bassins,Houet,Karangasso-Vigué,Bougouba
Hauts-Bassins,Houet,Karangasso-Vigué,Dan
Hauts-Bassins,Houet,Karangasso-Vigué,Diata
Hauts-Bassins,Houet,Karangasso-Vigué,Dindiaradougou
Hauts-Bassins,Houet,Karangasso-Vigué,Diosso
Hauts-Bassins,Houet,Karangasso-Vigué,Déguélé
Hauts-Bassins,Houet,Karangasso-Vigué,Dérégouan
Hauts-Bassins,Houet,Karangasso-Vigué,Gboguin
Hauts-Bassins,Houet,Karangasso-Vigué,Gnaouè
Hauts-Bassins,Houet,Karangasso-Vigué,Handiré
Hauts-Bassins,Houet,Karangasso-Vigué,Hargha
Hauts-Bassins,Houet,Karangasso-Vigué,Karangasso-Vigue
Hauts-Bassins,Houet,Karangasso-Vigué,Kimi
Hauts-Bassins,Houet,Karangasso-Vigué,Kiékélésso
Hauts-Bassins,Houet,Karangasso-Vigué,Klésso
Hauts-Bassins,Houet,Karangasso-Vigué,Kodéni
Hauts-Bassins,Houet,Karangasso-Vigué,Kourémaganfaso
Hauts-Bassins,Houet,Karangasso-Vigué,Kouéntcho
Hauts-Bassins,Houet,Karangasso-Vigué,Kouérédougou
Hauts-Bassins,Houet,Karangasso-Vigué,Kpankatioro
Hauts-Bassins,Houet,Karangasso-Vigué,Kyin
Hauts-Bassins,Houet,Karangasso-Vigué,Lafarako
Hauts-Bassins,Houet,Karangasso-Vigué,Larama
Hauts-Bassins,Houet,Karangasso-Vigué,Mandiasso
Hauts-Bassins,Houet,Karangasso-Vigué,Massaso
Hauts-Bassins,Houet,Karangasso-Vigué,Ouéré
Hauts-Bassins,Houet,Karangasso-Vigué,Pinguina
Hauts-Bassins,Houet,Karangasso-Vigué,Pièrè
Hauts-Bassins,Houet,Karangasso-Vigué,Poya
Hauts-Bassins,Houet,Karangasso-Vigué,Poya-Obaga
Hauts-Bassins,Houet,Karangasso-Vigué,Signoghin
Hauts-Bassins,Houet,Karangasso-Vigué,Somanguina
Hauts-Bassins,Houet,Karangasso-Vigué,Soumousso
Hauts-Bassins,Houet,Karangasso-Vigué,Séré
Hauts-Bassins,Houet,Karangasso-Vigué,Séyé
Hauts-Bassins,Houet,Karangasso-Vigué,Tiébadialofaso
Hauts-Bassins,Houet,Karangasso-Vigué,Toukoro
Hauts-Bassins,Houet,Karangasso-Vigué,Wara
Hauts-Bassins,Houet,Karangasso-Vigué,Yéguéré
Hauts-Bassins,Houet,Koundougou,Kogoma
Hauts-Bassins,Houet,Koundougou,Korédéni
Hauts-Bassins,Houet,Koundougou,Koundougou
Hauts-Bassins,Houet,Koundougou,Mangorotou
Hauts-Bassins,Houet,Koundougou,Soumorodougou
Hauts-Bassins,Houet,Koundougou,Tarama
Hauts-Bassins,Houet,Lèna,Bah
Hauts-Bassins,Houet,Lèna,Bodialédaga
Hauts-Bassins,Houet,Lèna,Bona
Hauts-Bassins,Houet,Lèna,Kofila
Hauts-Bassins,Houet,Lèna,Konkourona
Hauts-Bassins,Houet,Lèna,Konzo
Hauts-Bassins,Houet,Lèna,Kouekouesso
Hauts-Bassins,Houet,Lèna,Koundimi
Hauts-Bassins,Houet,Lèna,Kôkô
Hauts-Bassins,Houet,Lèna,Lena
Hauts-Bassins,Houet,Lèna,Oualana
Hauts-Bassins,Houet,Lèna,Tatalama
Hauts-Bassins,Houet,Lèna,Toungouana
Hauts-Bassins,Houet,Lèna,Yabasso
Hauts-Bassins,Houet,Lèna,Zatama
Hauts-Bassins,Houet,Padéma,Bankouma
Hauts-Bassins,Houet,Padéma,Banwali
Hauts-Bassins,Houet,Padéma,Djigouéma
Hauts-Bassins,Houet,Padéma,Dogoma
Hauts-Bassins,Houet,Padéma,Hamdalaye
Hauts-Bassins,Houet,Padéma,Kimini
Hauts-Bassins,Houet,Padéma,Koledougou
Hauts-Bassins,Houet,Padéma,Lahirasso
Hauts-Bassins,Houet,Padéma,Moumoune-Yiri
Hauts-Bassins,Houet,Padéma,Nématoulaye
Hauts-Bassins,Houet,Padéma,Padéma
Hauts-Bassins,Houet,Padéma,Soma
Hauts-Bassins,Houet,Padéma,Wigayatoulaye
Hauts-Bassins,Houet,Padéma,Zongoma
Hauts-Bassins,Houet,Péni,Bakari
Hauts-Bassins,Houet,Péni,Boudiédara
Hauts-Bassins,Houet,Péni,Békévi
Hauts-Bassins,Houet,Péni,Dabokry
Hauts-Bassins,Houet,Péni,Dissini
Hauts-Bassins,Houet,Péni,Dodougou
Hauts-Bassins,Houet,Péni,Dogossesso
Hauts-Bassins,Houet,Péni,Donfara
Hauts-Bassins,Houet,Péni,Dounousso
Hauts-Bassins,Houet,Péni,Finlandé
Hauts-Bassins,Houet,Péni,Gnafongo
Hauts-Bassins,Houet,Péni,Kodara
Hauts-Bassins,Houet,Péni,Koumandara
Hauts-Bassins,Houet,Péni,Lanfièra
Hauts-Bassins,Houet,Péni,Marabagasso
Hauts-Bassins,Houet,Péni,Marbasso
Hauts-Bassins,Houet,Péni,Moussobadougou
Hauts-Bassins,Houet,Péni,Mê
Hauts-Bassins,Houet,Péni,Nakaka
Hauts-Bassins,Houet,Péni,Nonkondougou
Hauts-Bassins,Houet,Péni,Noumoudara
Hauts-Bassins,Houet,Péni,Péni
Hauts-Bassins,Houet,Péni,Samaradougou
Hauts-Bassins,Houet,Péni,Sirakoro
Hauts-Bassins,Houet,Péni,Sokouranie
Hauts-Bassins,Houet,Péni,Taga
Hauts-Bassins,Houet,Péni,Tien
Hauts-Bassins,Houet,Péni,Tiougouana
Hauts-Bassins,Houet,Péni,Tièmèrèdji
Hauts-Bassins,Houet,Péni,Tjènè
Hauts-Bassins,Houet,Péni,Viesso
Hauts-Bassins,Houet,Péni,Yésora
Hauts-Bassins,Houet,Satiri,Balla
Hauts-Bassins,Houet,Satiri,Bossora
Hauts-Bassins,Houet,Satiri,Darsalamy
Hauts-Bassins,Houet,Satiri,Dorossiamasso
Hauts-Bassins,Houet,Satiri,Fina
Hauts-Bassins,Houet,Satiri,Kadomba
Hauts-Bassins,Houet,Satiri,Koroma
Hauts-Bassins,Houet,Satiri,Mogobasso
Hauts-Bassins,Houet,Satiri,Molokadoun
Hauts-Bassins,Houet,Satiri,Mossi-kin
Hauts-Bassins,Houet,Satiri,Nastinga
Hauts-Bassins,Houet,Satiri,Nefrelaye
Hauts-Bassins,Houet,Satiri,Ramatoulaye
Hauts-Bassins,Houet,Satiri,Safarlaye ou Néfrélaye
Hauts-Bassins,Houet,Satiri,Sala
Hauts-Bassins,Houet,Satiri,Satiri
Hauts-Bassins,Houet,Satiri,Sissa
Hauts-Bassins,Houet,Satiri,Sokourani
Hauts-Bassins,Houet,Satiri,Tiarako
Hauts-Bassins,Houet,Satiri,Wérou
Hauts-Bassins,Houet,Toussiana,Badougouya
Hauts-Bassins,Houet,Toussiana,Boutana
Hauts-Bassins,Houet,Toussiana,Dankouéné
Hauts-Bassins,Houet,Toussiana,Gouan Sané
Hauts-Bassins,Houet,Toussiana,Gouapegue
Hauts-Bassins,Houet,Toussiana,Keleya
Hauts-Bassins,Houet,Toussiana,Koupali
Hauts-Bassins,Houet,Toussiana,Kouroukan
Hauts-Bassins,Houet,Toussiana,Loro
Hauts-Bassins,Houet,Toussiana,Mou
Hauts-Bassins,Houet,Toussiana,Nianaba
Hauts-Bassins,Houet,Toussiana,Nianware
Hauts-Bassins,Houet,Toussiana,Nimpla
Hauts-Bassins,Houet,Toussiana,Pouanya
Hauts-Bassins,Houet,Toussiana,Semine
Hauts-Bassins,Houet,Toussiana,Simin Syin
Hauts-Bassins,Houet,Toussiana,Tapoko
Hauts-Bassins,Houet,Toussiana,Toussiana
Hauts-Bassins,Houet,Toussiana,Trikoumagou
Hauts-Bassins,Houet,Toussiana,Wempéa 1
Hauts-Bassins,Houet,Toussiana,Wempéa 2
Hauts-Bassins,Houet,Toussiana,Yorokofesso
Hauts-Bassins,Houet,Toussiana,Yoya
Hauts-Bassins,Kénédougou,Banzon,Banzon
Hauts-Bassins,Kénédougou,Banzon,Doria
Hauts-Bassins,Kénédougou,Banzon,Kounseni
Hauts-Bassins,Kénédougou,Banzon,Nablo-Diassa
Hauts-Bassins,Kénédougou,Banzon,Nianwere
Hauts-Bassins,Kénédougou,Banzon,Sainzon
Hauts-Bassins,Kénédougou,Djigouèra,Dian
Hauts-Bassins,Kénédougou,Djigouèra,Diassaga
Hauts-Bassins,Kénédougou,Djigouèra,Dissanga
Hauts-Bassins,Kénédougou,Djigouèra,Djigouéra
Hauts-Bassins,Kénédougou,Djigouèra,Gossamandara
Hauts-Bassins,Kénédougou,Djigouèra,Kaka
Hauts-Bassins,Kénédougou,Djigouèra,Kassanga
Hauts-Bassins,Kénédougou,Djigouèra,Kleni
Hauts-Bassins,Kénédougou,Djigouèra,Kolokaka
Hauts-Bassins,Kénédougou,Djigouèra,Kouana
Hauts-Bassins,Kénédougou,Djigouèra,Kuini
Hauts-Bassins,Kénédougou,Djigouèra,Serekeni
Hauts-Bassins,Kénédougou,Djigouèra,Soubakagnedou
Hauts-Bassins,Kénédougou,Kangala,Bakaribougou
Hauts-Bassins,Kénédougou,Kangala,Bama
Hauts-Bassins,Kénédougou,Kangala,Kagnabougou
Hauts-Bassins,Kénédougou,Kangala,Kangala
Hauts-Bassins,Kénédougou,Kangala,Kokouna
Hauts-Bassins,Kénédougou,Kangala,Kotoura
Hauts-Bassins,Kénédougou,Kangala,Lanfiera
Hauts-Bassins,Kénédougou,Kangala,Mahon
Hauts-Bassins,Kénédougou,Kangala,Niampedougou
Hauts-Bassins,Kénédougou,Kangala,Ouolonkoto
Hauts-Bassins,Kénédougou,Kangala,Sayaga
Hauts-Bassins,Kénédougou,Kangala,Sikouraba
Hauts-Bassins,Kénédougou,Kayan,Dionkélé
Hauts-Bassins,Kénédougou,Kayan,Doro
Hauts-Bassins,Kénédougou,Kayan,Fofara
Hauts-Bassins,Kénédougou,Kayan,Kara-Massasso
Hauts-Bassins,Kénédougou,Kayan,Kayan
Hauts-Bassins,Kénédougou,Kayan,Kouroumani
Hauts-Bassins,Kénédougou,Kayan,N'Dana
Hauts-Bassins,Kénédougou,Kayan,N'Dosso
Hauts-Bassins,Kénédougou,Kayan,N'Gorolani
Hauts-Bassins,Kénédougou,Kayan,Niéna
Hauts-Bassins,Kénédougou,Kayan,Oueré
Hauts-Bassins,Kénédougou,Kayan,Seye
Hauts-Bassins,Kénédougou,Kayan,Sien
Hauts-Bassins,Kénédougou,Kayan,Sog-Nadéni
Hauts-Bassins,Kénédougou,Kayan,Sokourani
Hauts-Bassins,Kénédougou,Kayan,Tigan
Hauts-Bassins,Kénédougou,Kayan,Téoule
Hauts-Bassins,Kénédougou,Kayan,Zangassoni
Hauts-Bassins,Kénédougou,Kourinion,Badara
Hauts-Bassins,Kénédougou,Kourinion,Banfoulagouè
Hauts-Bassins,Kénédougou,Kourinion,Dan
Hauts-Bassins,Kénédougou,Kourinion,Guena
Hauts-Bassins,Kénédougou,Kourinion,Kourinion
Hauts-Bassins,Kénédougou,Kourinion,Mina
Hauts-Bassins,Kénédougou,Kourinion,N'Bie
Hauts-Bassins,Kénédougou,Kourinion,Pendia
Hauts-Bassins,Kénédougou,Kourinion,Sian
Hauts-Bassins,Kénédougou,Kourinion,Sidi
Hauts-Bassins,Kénédougou,Kourinion,Sipigui
Hauts-Bassins,Kénédougou,Kourinion,Toussiamasso
Hauts-Bassins,Kénédougou,Kourinion,Toussian-Bandougou
Hauts-Bassins,Kénédougou,Kourouma,Djigouera
Hauts-Bassins,Kénédougou,Kourouma,Doumbourla
Hauts-Bassins,Kénédougou,Kourouma,Fara
Hauts-Bassins,Kénédougou,Kourouma,Faranga
Hauts-Bassins,Kénédougou,Kourouma,Foulasso
Hauts-Bassins,Kénédougou,Kourouma,Gnignana
Hauts-Bassins,Kénédougou,Kourouma,Guiguima
Hauts-Bassins,Kénédougou,Kourouma,Kabala
Hauts-Bassins,Kénédougou,Kourouma,Katafona
Hauts-Bassins,Kénédougou,Kourouma,Kokoro
Hauts-Bassins,Kénédougou,Kourouma,Kourouma
Hauts-Bassins,Kénédougou,Kourouma,Sabane-Yiri
Hauts-Bassins,Kénédougou,Kourouma,Sabou
Hauts-Bassins,Kénédougou,Kourouma,Sadina
Hauts-Bassins,Kénédougou,Kourouma,Sadina (nouveau site)
Hauts-Bassins,Kénédougou,Kourouma,Sougouma
Hauts-Bassins,Kénédougou,Kourouma,Zamakologo
Hauts-Bassins,Kénédougou,Kôlôkô,Banakoro
Hauts-Bassins,Kénédougou,Kôlôkô,Chokoro
Hauts-Bassins,Kénédougou,Kôlôkô,Dialakoro
Hauts-Bassins,Kénédougou,Kôlôkô,Dobougou
Hauts-Bassins,Kénédougou,Kôlôkô,Fama
Hauts-Bassins,Kénédougou,Kôlôkô,Gnadia
Hauts-Bassins,Kénédougou,Kôlôkô,Imatoro
Hauts-Bassins,Kénédougou,Kôlôkô,Kartasso
Hauts-Bassins,Kénédougou,Kôlôkô,Koloko
Hauts-Bassins,Kénédougou,Kôlôkô,Nafanasso
Hauts-Bassins,Kénédougou,Kôlôkô,Natindougou
Hauts-Bassins,Kénédougou,Kôlôkô,Nigolo
Hauts-Bassins,Kénédougou,Kôlôkô,Sifarasso
Hauts-Bassins,Kénédougou,Kôlôkô,Sintasso
Hauts-Bassins,Kénédougou,Kôlôkô,Sokoroni
Hauts-Bassins,Kénédougou,Kôlôkô,Songolo
Hauts-Bassins,Kénédougou,Kôlôkô,Zanibougou
Hauts-Bassins,Kénédougou,Kôlôkô,Zitonosso
Hauts-Bassins,Kénédougou,Morlaba,Kaifona
Hauts-Bassins,Kénédougou,Morlaba,Kangoulasso
Hauts-Bassins,Kénédougou,Morlaba,Karlala
Hauts-Bassins,Kénédougou,Morlaba,Katana
Hauts-Bassins,Kénédougou,Morlaba,Malara
Hauts-Bassins,Kénédougou,Morlaba,Morolaba
Hauts-Bassins,Kénédougou,Morlaba,Nangorla
Hauts-Bassins,Kénédougou,Morlaba,Niamberla
Hauts-Bassins,Kénédougou,Morlaba,N’gorguerla
Hauts-Bassins,Kénédougou,Morlaba,Siguinasso
Hauts-Bassins,Kénédougou,Morlaba,Sindorla
Hauts-Bassins,Kénédougou,Morlaba,Sobaba
Hauts-Bassins,Kénédougou,Morlaba,Temetemesso
Hauts-Bassins,Kénédougou,Morlaba,Tina
Hauts-Bassins,Kénédougou,Morlaba,Zanfagora
Hauts-Bassins,Kénédougou,Morlaba,Zanfara
Hauts-Bassins,Kénédougou,Morlaba,Zankina
Hauts-Bassins,Kénédougou,Ndôrôla,Bangasso
Hauts-Bassins,Kénédougou,Ndôrôla,Dain-Maïssara
Hauts-Bassins,Kénédougou,Ndôrôla,Deina
Hauts-Bassins,Kénédougou,Ndôrôla,Dingasso 1
Hauts-Bassins,Kénédougou,Ndôrôla,Dingasso 2
Hauts-Bassins,Kénédougou,Ndôrôla,Fadona
Hauts-Bassins,Kénédougou,Ndôrôla,Famberla
Hauts-Bassins,Kénédougou,Ndôrôla,Kagnagara
Hauts-Bassins,Kénédougou,Ndôrôla,Kanama
Hauts-Bassins,Kénédougou,Ndôrôla,Karfara
Hauts-Bassins,Kénédougou,Ndôrôla,Kodona
Hauts-Bassins,Kénédougou,Ndôrôla,Koko
Hauts-Bassins,Kénédougou,Ndôrôla,Korkina
Hauts-Bassins,Kénédougou,Ndôrôla,N'Dorola
Hauts-Bassins,Kénédougou,Ndôrôla,Sefina 1
Hauts-Bassins,Kénédougou,Ndôrôla,Sefina 2
Hauts-Bassins,Kénédougou,Ndôrôla,Sikorla
Hauts-Bassins,Kénédougou,Ndôrôla,Sinani
Hauts-Bassins,Kénédougou,Ndôrôla,Siri
Hauts-Bassins,Kénédougou,Ndôrôla,Séguédougou
Hauts-Bassins,Kénédougou,Ndôrôla,Temekina
Hauts-Bassins,Kénédougou,Ndôrôla,Tiangouéra
Hauts-Bassins,Kénédougou,Ndôrôla,Torokoto
Hauts-Bassins,Kénédougou,Orodara,Bree Lafiabougou2
Hauts-Bassins,Kénédougou,Orodara,Dieri
Hauts-Bassins,Kénédougou,Orodara,Diossogo
Hauts-Bassins,Kénédougou,Orodara,Dogou
Hauts-Bassins,Kénédougou,Orodara,Dou
Hauts-Bassins,Kénédougou,Orodara,Fon
Hauts-Bassins,Kénédougou,Orodara,Kotoudeni
Hauts-Bassins,Kénédougou,Orodara,Kotédini
Hauts-Bassins,Kénédougou,Orodara,Koua
Hauts-Bassins,Kénédougou,Orodara,Lidara
Hauts-Bassins,Kénédougou,Orodara,Niale
Hauts-Bassins,Kénédougou,Orodara,Orodara
Hauts-Bassins,Kénédougou,Orodara,Tin
Hauts-Bassins,Kénédougou,Samôgôgouan,Banakoro
Hauts-Bassins,Kénédougou,Samôgôgouan,Djigouan
Hauts-Bassins,Kénédougou,Samôgôgouan,Fankara
Hauts-Bassins,Kénédougou,Samôgôgouan,Karna
Hauts-Bassins,Kénédougou,Samôgôgouan,Kokoro
Hauts-Bassins,Kénédougou,Samôgôgouan,Kongolikoro
Hauts-Bassins,Kénédougou,Samôgôgouan,N'Gana
Hauts-Bassins,Kénédougou,Samôgôgouan,N’dana
Hauts-Bassins,Kénédougou,Samôgôgouan,Samorogouan
Hauts-Bassins,Kénédougou,Samôgôgouan,Sana
Hauts-Bassins,Kénédougou,Samôgôgouan,Sikorla-Dierikandougou
Hauts-Bassins,Kénédougou,Samôgôgouan,Sikorla-Dierikandougou (Nouveau site)
Hauts-Bassins,Kénédougou,Samôgôgouan,Sokoro
Hauts-Bassins,Kénédougou,Samôgôgouan,Soungalobougou
Hauts-Bassins,Kénédougou,Samôgôgouan,Sourou
Hauts-Bassins,Kénédougou,Samôgôgouan,Tenasso
Hauts-Bassins,Kénédougou,Samôgôgouan,Zoumahiri
Hauts-Bassins,Kénédougou,Samôgôyiri,Diole
Hauts-Bassins,Kénédougou,Samôgôyiri,Doufouké
Hauts-Bassins,Kénédougou,Samôgôyiri,Logoua
Hauts-Bassins,Kénédougou,Samôgôyiri,Ngalama
Hauts-Bassins,Kénédougou,Samôgôyiri,Samogohiri
Hauts-Bassins,Kénédougou,Samôgôyiri,Saraba
Hauts-Bassins,Kénédougou,Samôgôyiri,Todje
Hauts-Bassins,Kénédougou,Samôgôyiri,Télédougou
Hauts-Bassins,Kénédougou,Sindo,Bleni
Hauts-Bassins,Kénédougou,Sindo,Din
Hauts-Bassins,Kénédougou,Sindo,Doh Diassa
Hauts-Bassins,Kénédougou,Sindo,Fama
Hauts-Bassins,Kénédougou,Sindo,Fanfiela
Hauts-Bassins,Kénédougou,Sindo,Fignana
Hauts-Bassins,Kénédougou,Sindo,Gordaga
Hauts-Bassins,Kénédougou,Sindo,Kloudanbougou
Hauts-Bassins,Kénédougou,Sindo,Lerasso
Hauts-Bassins,Kénédougou,Sindo,Niamana
Hauts-Bassins,Kénédougou,Sindo,N’gorlani
Hauts-Bassins,Kénédougou,Sindo,Senasso
Hauts-Bassins,Kénédougou,Sindo,Sindo
Hauts-Bassins,Tuy,Boni,Bahoun
Hauts-Bassins,Tuy,Boni,Bansié
Hauts-Bassins,Tuy,Boni,Bony
Hauts-Bassins,Tuy,Boni,Boyandougou
Hauts-Bassins,Tuy,Boni,Dossi
Hauts-Bassins,Tuy,Boni,Mambo
Hauts-Bassins,Tuy,Boni,Mamboué
Hauts-Bassins,Tuy,Boni,Minou
Hauts-Bassins,Tuy,Boni,Moukounien
Hauts-Bassins,Tuy,Boni,Saho
Hauts-Bassins,Tuy,Boni,Yénou
Hauts-Bassins,Tuy,Békui,Bala
Hauts-Bassins,Tuy,Békui,Bassé
Hauts-Bassins,Tuy,Békui,Bekuy
Hauts-Bassins,Tuy,Békui,Bokuy
Hauts-Bassins,Tuy,Békui,Lamba
Hauts-Bassins,Tuy,Békui,Sara
Hauts-Bassins,Tuy,Békui,Tiona
Hauts-Bassins,Tuy,Béréba,Bankoni
Hauts-Bassins,Tuy,Béréba,Bihoun
Hauts-Bassins,Tuy,Béréba,Boho-Beraba
Hauts-Bassins,Tuy,Béréba,Bokuy-Ouest
Hauts-Bassins,Tuy,Béréba,Bomba
Hauts-Bassins,Tuy,Béréba,Béréba
Hauts-Bassins,Tuy,Béréba,Dabéré
Hauts-Bassins,Tuy,Béréba,Dakoni
Hauts-Bassins,Tuy,Béréba,Dimikuy
Hauts-Bassins,Tuy,Béréba,Dorokuy
Hauts-Bassins,Tuy,Béréba,Doumien
Hauts-Bassins,Tuy,Béréba,Douro
Hauts-Bassins,Tuy,Béréba,Duo
Hauts-Bassins,Tuy,Béréba,Duowakuy
Hauts-Bassins,Tuy,Béréba,Gnindekuy
Hauts-Bassins,Tuy,Béréba,Kassaho
Hauts-Bassins,Tuy,Béréba,Keindeni
Hauts-Bassins,Tuy,Béréba,Koura
Hauts-Bassins,Tuy,Béréba,Lofikahoun
Hauts-Bassins,Tuy,Béréba,Lokoa
Hauts-Bassins,Tuy,Béréba,Maro
Hauts-Bassins,Tuy,Béréba,Ouakuy
Hauts-Bassins,Tuy,Béréba,Ouani
Hauts-Bassins,Tuy,Béréba,Ouoro
Hauts-Bassins,Tuy,Béréba,Popioho
Hauts-Bassins,Tuy,Béréba,Tiawama
Hauts-Bassins,Tuy,Béréba,Tiombio
Hauts-Bassins,Tuy,Béréba,Tioro
Hauts-Bassins,Tuy,Béréba,Yabé
Hauts-Bassins,Tuy,Founzan,Banéré
Hauts-Bassins,Tuy,Founzan,Batiéné
Hauts-Bassins,Tuy,Founzan,Bonzan
Hauts-Bassins,Tuy,Founzan,Fing
Hauts-Bassins,Tuy,Founzan,Fouzan
Hauts-Bassins,Tuy,Founzan,Kouloho
Hauts-Bassins,Tuy,Founzan,Kovio
Hauts-Bassins,Tuy,Founzan,Lobouga
Hauts-Bassins,Tuy,Founzan,Lollio
Hauts-Bassins,Tuy,Founzan,Nahi
Hauts-Bassins,Tuy,Founzan,Pana
Hauts-Bassins,Tuy,Founzan,Sambion
Hauts-Bassins,Tuy,Founzan,Sanéba
Hauts-Bassins,Tuy,Founzan,Yerfing
Hauts-Bassins,Tuy,Founzan,Yéhoun
Hauts-Bassins,Tuy,Houndé,Bagnouma
Hauts-Bassins,Tuy,Houndé,Boho-Kari
Hauts-Bassins,Tuy,Houndé,Bombi
Hauts-Bassins,Tuy,Houndé,Bouahoun
Hauts-Bassins,Tuy,Houndé,Bouende
Hauts-Bassins,Tuy,Houndé,Bouéré
Hauts-Bassins,Tuy,Houndé,Daboui
Hauts-Bassins,Tuy,Houndé,Dankari
Hauts-Bassins,Tuy,Houndé,Dohoun
Hauts-Bassins,Tuy,Houndé,Doufien
Hauts-Bassins,Tuy,Houndé,Houndé
Hauts-Bassins,Tuy,Houndé,Karba
Hauts-Bassins,Tuy,Houndé,Kari
Hauts-Bassins,Tuy,Houndé,Kiéré
Hauts-Bassins,Tuy,Houndé,Koho
Hauts-Bassins,Tuy,Houndé,Laho
Hauts-Bassins,Tuy,Houndé,Ponnonré
Hauts-Bassins,Tuy,Houndé,Siéni
Hauts-Bassins,Tuy,Houndé,Tiomboni
Hauts-Bassins,Tuy,Houndé,Touaho
Hauts-Bassins,Tuy,Koti,Bonzan / Pougouli
Hauts-Bassins,Tuy,Koti,Dibien
Hauts-Bassins,Tuy,Koti,Djindjerma
Hauts-Bassins,Tuy,Koti,Fafo
Hauts-Bassins,Tuy,Koti,Gbatari
Hauts-Bassins,Tuy,Koti,Haba
Hauts-Bassins,Tuy,Koti,Indini
Hauts-Bassins,Tuy,Koti,Kayao
Hauts-Bassins,Tuy,Koti,Koti
Hauts-Bassins,Tuy,Koti,Poa
Hauts-Bassins,Tuy,Koti,Zangoni
Hauts-Bassins,Tuy,Koumbia,Bogré
Hauts-Bassins,Tuy,Koumbia,Bonsè
Hauts-Bassins,Tuy,Koumbia,Djui
Hauts-Bassins,Tuy,Koumbia,Dougoumato 1
Hauts-Bassins,Tuy,Koumbia,Dougoumato 2
Hauts-Bassins,Tuy,Koumbia,Gombélédougou
Hauts-Bassins,Tuy,Koumbia,Gouakri
Hauts-Bassins,Tuy,Koumbia,Kompènè
Hauts-Bassins,Tuy,Koumbia,Kongolékan
Hauts-Bassins,Tuy,Koumbia,Koumbia
Hauts-Bassins,Tuy,Koumbia,Lopohin
Hauts-Bassins,Tuy,Koumbia,Makognadougou
Hauts-Bassins,Tuy,Koumbia,Man
Hauts-Bassins,Tuy,Koumbia,Pohin
Hauts-Bassins,Tuy,Koumbia,Pê
Hauts-Bassins,Tuy,Koumbia,Sonsogoma
Hauts-Bassins,Tuy,Koumbia,Sébédougou
Hauts-Bassins,Tuy,Koumbia,Waly
Nord,Loroum,Bahn,0
Nord,Loroum,Bahn,Amné-Rimaïbé
Nord,Loroum,Bahn,Aurel-Baliguel
Nord,Loroum,Bahn,Banh (Biré)
Nord,Loroum,Bahn,Bani
Nord,Loroum,Bahn,Banwèla
Nord,Loroum,Bahn,Barra
Nord,Loroum,Bahn,Bidi
Nord,Loroum,Bahn,Biré
Nord,Loroum,Bahn,Boroni
Nord,Loroum,Bahn,Boudoumouma
Nord,Loroum,Bahn,Boulin Boula
Nord,Loroum,Bahn,Bouressa
Nord,Loroum,Bahn,Daibara
Nord,Loroum,Bahn,Delga
Nord,Loroum,Bahn,Dessé
Nord,Loroum,Bahn,Diay
Nord,Loroum,Bahn,Didèl
Nord,Loroum,Bahn,Dina
Nord,Loroum,Bahn,Djem
Nord,Loroum,Bahn,Djiengué
Nord,Loroum,Bahn,Kansèndé
Nord,Loroum,Bahn,Karga
Nord,Loroum,Bahn,Kaïdaré
Nord,Loroum,Bahn,Kielnordy
Nord,Loroum,Bahn,Kokoli
Nord,Loroum,Bahn,Koma-lembre
Nord,Loroum,Bahn,Komtaka
Nord,Loroum,Bahn,Kosoro
Nord,Loroum,Bahn,Lossa- Foulbé
Nord,Loroum,Bahn,Lossa-Mossi
Nord,Loroum,Bahn,Madougou
Nord,Loroum,Bahn,Mihity
Nord,Loroum,Bahn,Mogel Dabé
Nord,Loroum,Bahn,Mondé-Bani
Nord,Loroum,Bahn,Namagué
Nord,Loroum,Bahn,Niongono
Nord,Loroum,Bahn,Nongodoum
Nord,Loroum,Bahn,Ogou
Nord,Loroum,Bahn,Poussougaboko
Nord,Loroum,Bahn,Pétalnelbé
Nord,Loroum,Bahn,Pétèn Nangué
Nord,Loroum,Bahn,Salékoulé
Nord,Loroum,Bahn,Som
Nord,Loroum,Bahn,Sorogo
Nord,Loroum,Bahn,Ségué-Foulgo
Nord,Loroum,Bahn,Ségué-Mossi
Nord,Loroum,Bahn,Sélou
Nord,Loroum,Bahn,Séno-Diao
Nord,Loroum,Bahn,Tadiègnègui
Nord,Loroum,Bahn,Tiabwal
Nord,Loroum,Bahn,Zamné
Nord,Loroum,Bahn,Zay
Nord,Loroum,Bahn,Zaye
Nord,Loroum,Ouindigui,Bouna
Nord,Loroum,Ouindigui,Dougouri-Ouidi
Nord,Loroum,Ouindigui,Doussaré
Nord,Loroum,Ouindigui,Hitté
Nord,Loroum,Ouindigui,Kobo
Nord,Loroum,Ouindigui,Kougoussoula
Nord,Loroum,Ouindigui,Koumna
Nord,Loroum,Ouindigui,Koumna-Koudgo
Nord,Loroum,Ouindigui,Nommo
Nord,Loroum,Ouindigui,Ouattigué
Nord,Loroum,Ouindigui,Ouindigui
Nord,Loroum,Ouindigui,Robolo
Nord,Loroum,Ouindigui,Rounga
Nord,Loroum,Ouindigui,Senouboula
Nord,Loroum,Ouindigui,Sirfou
Nord,Loroum,Ouindigui,Soranga
Nord,Loroum,Ouindigui,Tansombo
Nord,Loroum,Ouindigui,Tiffélé
Nord,Loroum,Ouindigui,Toolo
Nord,Loroum,Sollé,Bargo
Nord,Loroum,Sollé,Béguentigué
Nord,Loroum,Sollé,Dambatao
Nord,Loroum,Sollé,Doungouma
Nord,Loroum,Sollé,Déré
Nord,Loroum,Sollé,Féténdanèva
Nord,Loroum,Sollé,Ibéré
Nord,Loroum,Sollé,Kougri-Koulga
Nord,Loroum,Sollé,Madougou
Nord,Loroum,Sollé,Nassingré
Nord,Loroum,Sollé,Pétanangué
Nord,Loroum,Sollé,Péteboné
Nord,Loroum,Sollé,Samboulga
Nord,Loroum,Sollé,Soffé
Nord,Loroum,Sollé,Sollé-Foulbé
Nord,Loroum,Sollé,Sollé-Mossi
Nord,Loroum,Sollé,Ségoum
Nord,Loroum,Sollé,Tataye
Nord,Loroum,Sollé,Tibou
Nord,Loroum,Sollé,Yamboumbou
Nord,Loroum,Sollé,Yanté Digna
Nord,Loroum,Sollé,Yérgué
Nord,Loroum,Sollé,Zanré
Nord,Loroum,Titao,Andekanda
Nord,Loroum,Titao,Babo
Nord,Loroum,Titao,Banyida
Nord,Loroum,Titao,Bongola-Marencé
Nord,Loroum,Titao,Bongola-Mossi
Nord,Loroum,Titao,Darguéné
Nord,Loroum,Titao,Derpon
Nord,Loroum,Titao,Dingla
Nord,Loroum,Titao,Dougouri
Nord,Loroum,Titao,Fogoutté
Nord,Loroum,Titao,Golonga
Nord,Loroum,Titao,Goubi
Nord,Loroum,Titao,Guilan
Nord,Loroum,Titao,Illigué
Nord,Loroum,Titao,Ingané
Nord,Loroum,Titao,Irvouta-Tinga-Mossi
Nord,Loroum,Titao,Irvouyatenga-Silmimossi
Nord,Loroum,Titao,Kelembali
Nord,Loroum,Titao,Kénéma
Nord,Loroum,Titao,Lomporogo
Nord,Loroum,Titao,Mantaka
Nord,Loroum,Titao,Nogo
Nord,Loroum,Titao,Nommo-Foulbé
Nord,Loroum,Titao,Nomépouga
Nord,Loroum,Titao,Ouindigui
Nord,Loroum,Titao,Pellaboukou
Nord,Loroum,Titao,Posso
Nord,Loroum,Titao,Péléguin
Nord,Loroum,Titao,Pétanaye
Nord,Loroum,Titao,Pétane
Nord,Loroum,Titao,Rambo
Nord,Loroum,Titao,Rimassa
Nord,Loroum,Titao,Saïgouma
Nord,Loroum,Titao,Siguinoguen
Nord,Loroum,Titao,Sillia
Nord,Loroum,Titao,Sollobo
Nord,Loroum,Titao,Songtaba
Nord,Loroum,Titao,Sélougou
Nord,Loroum,Titao,Tangabangoa
Nord,Loroum,Titao,Tanghin-Baogo
Nord,Loroum,Titao,Titao
Nord,Loroum,Titao,Todiam
Nord,Loroum,Titao,Tougribouli
Nord,Loroum,Titao,Toulfé
Nord,Loroum,Titao,Vini
Nord,Loroum,Titao,Wanaré
Nord,Loroum,Titao,Wanobé
Nord,Loroum,Titao,Woro
Nord,Loroum,Titao,Yalaga
Nord,Loroum,Titao,Yoda
Nord,Loroum,Titao,Yorsala
Nord,Loroum,Titao,You
Nord,Loroum,Titao,Zongouma
Nord,Passoré,Arbollé,Arbollé
Nord,Passoré,Arbollé,Bandinkoalla
Nord,Passoré,Arbollé,Banounou
Nord,Passoré,Arbollé,Bargo
Nord,Passoré,Arbollé,Bendogo
Nord,Passoré,Arbollé,Bingo
Nord,Passoré,Arbollé,Boadoma
Nord,Passoré,Arbollé,Boulkon
Nord,Passoré,Arbollé,Boura
Nord,Passoré,Arbollé,Dagho
Nord,Passoré,Arbollé,Dakiégré (Yibi)
Nord,Passoré,Arbollé,Dawanégomdé
Nord,Passoré,Arbollé,Donsin
Nord,Passoré,Arbollé,Fallou
Nord,Passoré,Arbollé,Ganessé
Nord,Passoré,Arbollé,Gninsou
Nord,Passoré,Arbollé,Gomd’hiri
Nord,Passoré,Arbollé,Gorongo
Nord,Passoré,Arbollé,Goubi
Nord,Passoré,Arbollé,Goughin
Nord,Passoré,Arbollé,Gounda
Nord,Passoré,Arbollé,Kaba
Nord,Passoré,Arbollé,Kabaralé
Nord,Passoré,Arbollé,Kareo
Nord,Passoré,Arbollé,Kavilé
Nord,Passoré,Arbollé,Koakin
Nord,Passoré,Arbollé,Koro
Nord,Passoré,Arbollé,Kossoghin
Nord,Passoré,Arbollé,Laléara
Nord,Passoré,Arbollé,Lèmséré
Nord,Passoré,Arbollé,Mia
Nord,Passoré,Arbollé,Namassa
Nord,Passoré,Arbollé,Ouissiga
Nord,Passoré,Arbollé,Pathiri
Nord,Passoré,Arbollé,Poulma
Nord,Passoré,Arbollé,Ramessoum (Gninsou)
Nord,Passoré,Arbollé,Rassamtoumdé
Nord,Passoré,Arbollé,Reanon
Nord,Passoré,Arbollé,Sadoro
Nord,Passoré,Arbollé,Sagaré
Nord,Passoré,Arbollé,Sibalo
Nord,Passoré,Arbollé,Signoguen
Nord,Passoré,Arbollé,"Sikouinsi (Kossoghin,Seguedin)"
Nord,Passoré,Arbollé,Soropèlisé
Nord,Passoré,Arbollé,Souka
Nord,Passoré,Arbollé,Sâaba
Nord,Passoré,Arbollé,Séguéden
Nord,Passoré,Arbollé,Séko
Nord,Passoré,Arbollé,Tancé
Nord,Passoré,Arbollé,Tangen
Nord,Passoré,Arbollé,Tantalé
Nord,Passoré,Arbollé,Tibou
Nord,Passoré,Arbollé,Tinma
Nord,Passoré,Arbollé,Toyendé
Nord,Passoré,Arbollé,Tyamdoubou
Nord,Passoré,Arbollé,Wabasga tenga
Nord,Passoré,Arbollé,Yargo
Nord,Passoré,Arbollé,Yarsi
Nord,Passoré,Arbollé,Yarébila
Nord,Passoré,Arbollé,Yibi
Nord,Passoré,Arbollé,Zongbéga
Nord,Passoré,Arbollé,Zoétgomdé
Nord,Passoré,Bagaré,Bagaré
Nord,Passoré,Bagaré,Bassantinga
Nord,Passoré,Bagaré,Bibiou
Nord,Passoré,Bagaré,Bisma
Nord,Passoré,Bagaré,Darigma
Nord,Passoré,Bagaré,Gaon
Nord,Passoré,Bagaré,Gobila
Nord,Passoré,Bagaré,Gorpouly
Nord,Passoré,Bagaré,Kalla
Nord,Passoré,Bagaré,Kiendembaye
Nord,Passoré,Bagaré,Kinkan
Nord,Passoré,Bagaré,Korro
Nord,Passoré,Bagaré,Kénéma
Nord,Passoré,Bagaré,Nionniongo
Nord,Passoré,Bagaré,Niouma
Nord,Passoré,Bagaré,Ouinongtenga
Nord,Passoré,Bagaré,Pangtenga
Nord,Passoré,Bagaré,Rabouglitenga
Nord,Passoré,Bagaré,Siguinonguin
Nord,Passoré,Bagaré,Souri
Nord,Passoré,Bagaré,Tagho
Nord,Passoré,Bagaré,Tamesbaongo
Nord,Passoré,Bagaré,Tanghin
Nord,Passoré,Bagaré,Toupogo
Nord,Passoré,Bagaré,Zimidi
Nord,Passoré,Bagaré,Zougo
Nord,Passoré,Boken,Badogo
Nord,Passoré,Boken,Bakouya
Nord,Passoré,Boken,Barsabologo
Nord,Passoré,Boken,Bokin
Nord,Passoré,Boken,Boore
Nord,Passoré,Boken,Bélé
Nord,Passoré,Boken,Dakore
Nord,Passoré,Boken,Dakouli
Nord,Passoré,Boken,Gangadogo
Nord,Passoré,Boken,Gawa
Nord,Passoré,Boken,Goera
Nord,Passoré,Boken,Gombre
Nord,Passoré,Boken,Gorki
Nord,Passoré,Boken,Gueré
Nord,Passoré,Boken,Guib-Koudogo
Nord,Passoré,Boken,Guila
Nord,Passoré,Boken,Guimba
Nord,Passoré,Boken,Guipa
Nord,Passoré,Boken,Imiougou
Nord,Passoré,Boken,Ipala
Nord,Passoré,Boken,Kietogo
Nord,Passoré,Boken,Koankin
Nord,Passoré,Boken,Kondin
Nord,Passoré,Boken,Kontelé
Nord,Passoré,Boken,Koullou
Nord,Passoré,Boken,Koulwéogo
Nord,Passoré,Boken,Koupéla-peulh
Nord,Passoré,Boken,Kouïma
Nord,Passoré,Boken,Kélinyiri
Nord,Passoré,Boken,Langue-peulh
Nord,Passoré,Boken,Laway
Nord,Passoré,Boken,Lelesgo
Nord,Passoré,Boken,Maceono
Nord,Passoré,Boken,Nahana
Nord,Passoré,Boken,Niangla
Nord,Passoré,Boken,Nioneegre
Nord,Passoré,Boken,Peodogo
Nord,Passoré,Boken,Pepin
Nord,Passoré,Boken,Pofona
Nord,Passoré,Boken,Rana
Nord,Passoré,Boken,Riga
Nord,Passoré,Boken,Sarma
Nord,Passoré,Boken,Siguidiguen
Nord,Passoré,Boken,Sitoega
Nord,Passoré,Boken,Séguédin
Nord,Passoré,Boken,Tambi
Nord,Passoré,Boken,Tanghin
Nord,Passoré,Boken,Tansablogo
Nord,Passoré,Boken,Tanwefo
Nord,Passoré,Boken,Tegsagbo
Nord,Passoré,Boken,Teguémboye
Nord,Passoré,Boken,Tengand-tanga
Nord,Passoré,Boken,Tibin
Nord,Passoré,Boken,Tèma
Nord,Passoré,Boken,Téma
Nord,Passoré,Boken,Wampensé
Nord,Passoré,Boken,Yakembili
Nord,Passoré,Boken,Yaké
Nord,Passoré,Boken,Yargo
Nord,Passoré,Boken,Zilaoré
Nord,Passoré,Boken,Zougloum-Tonsgo
Nord,Passoré,Gomponsom,Baniou
Nord,Passoré,Gomponsom,Dana
Nord,Passoré,Gomponsom,Gompomsom
Nord,Passoré,Gomponsom,Kouni
Nord,Passoré,Gomponsom,Kunkane
Nord,Passoré,Gomponsom,Lablango
Nord,Passoré,Gomponsom,Manago
Nord,Passoré,Gomponsom,Niongnongo
Nord,Passoré,Gomponsom,Nyangoro
Nord,Passoré,Gomponsom,Ouonon
Nord,Passoré,Gomponsom,Pougyango
Nord,Passoré,Gomponsom,Seloguin
Nord,Passoré,Gomponsom,Tamayaga
Nord,Passoré,Gomponsom,Tampouré
Nord,Passoré,Gomponsom,Tibili
Nord,Passoré,Gomponsom,Tinkoguelga
Nord,Passoré,Gomponsom,Toessin
Nord,Passoré,Gomponsom,Zambele
Nord,Passoré,Gomponsom,Zougoungou
Nord,Passoré,Kirsi,Bissigui
Nord,Passoré,Kirsi,Dourou
Nord,Passoré,Kirsi,Douré
Nord,Passoré,Kirsi,Gouldé
Nord,Passoré,Kirsi,Ipou
Nord,Passoré,Kirsi,Kalsé
Nord,Passoré,Kirsi,Kapon
Nord,Passoré,Kirsi,Kazim
Nord,Passoré,Kirsi,Kirsi
Nord,Passoré,Kirsi,Koussago
Nord,Passoré,Kirsi,Maré
Nord,Passoré,Kirsi,Ribou
Nord,Passoré,Kirsi,Sibèga
Nord,Passoré,Kirsi,Soudinghin
Nord,Passoré,Kirsi,Tampouy
Nord,Passoré,Kirsi,Yalgatenga
Nord,Passoré,Kirsi,Yargo
Nord,Passoré,La-Toden,Badanogo
Nord,Passoré,La-Toden,Baribsi
Nord,Passoré,La-Toden,Bissiga
Nord,Passoré,La-Toden,Boulougan
Nord,Passoré,La-Toden,Gogho
Nord,Passoré,La-Toden,Gonsen
Nord,Passoré,La-Toden,Kalamtogo
Nord,Passoré,La-Toden,Kingria
Nord,Passoré,La-Toden,Kollo
Nord,Passoré,La-Toden,Loungo
Nord,Passoré,La-Toden,Lâ
Nord,Passoré,La-Toden,Lâ-Todin
Nord,Passoré,La-Toden,Minissia
Nord,Passoré,La-Toden,Nahirsen
Nord,Passoré,La-Toden,Nimpouy
Nord,Passoré,La-Toden,Pendogo
Nord,Passoré,La-Toden,Ramessoum
Nord,Passoré,La-Toden,Silmiougo
Nord,Passoré,La-Toden,Sissamba
Nord,Passoré,La-Toden,Sougbini
Nord,Passoré,La-Toden,Tampouy
Nord,Passoré,La-Toden,Titon
Nord,Passoré,La-Toden,Veh
Nord,Passoré,La-Toden,Wangué
Nord,Passoré,La-Toden,Yarogo
Nord,Passoré,La-Toden,Yelmanarlé
Nord,Passoré,Pilimpikou,Dana
Nord,Passoré,Pilimpikou,Kona
Nord,Passoré,Pilimpikou,Lantaga
Nord,Passoré,Pilimpikou,Nibiella
Nord,Passoré,Pilimpikou,Pilimpikou
Nord,Passoré,Pilimpikou,Rakounga
Nord,Passoré,Pilimpikou,Samene
Nord,Passoré,Pilimpikou,Sandia
Nord,Passoré,Pilimpikou,Sarédoro
Nord,Passoré,Pilimpikou,Sassao
Nord,Passoré,Pilimpikou,Sibou
Nord,Passoré,Pilimpikou,Silmiougou
Nord,Passoré,Pilimpikou,Zenédere
Nord,Passoré,Samba,Basbédo
Nord,Passoré,Samba,Basgouèma
Nord,Passoré,Samba,Bastioua
Nord,Passoré,Samba,Batono
Nord,Passoré,Samba,Bougouré
Nord,Passoré,Samba,Bouré
Nord,Passoré,Samba,Dakola
Nord,Passoré,Samba,Dapoya
Nord,Passoré,Samba,Ilialé
Nord,Passoré,Samba,Itian
Nord,Passoré,Samba,Kao
Nord,Passoré,Samba,Kassila
Nord,Passoré,Samba,Kies
Nord,Passoré,Samba,Koulwéogo
Nord,Passoré,Samba,Kourono
Nord,Passoré,Samba,Koussana
Nord,Passoré,Samba,Manezago
Nord,Passoré,Samba,Mesga
Nord,Passoré,Samba,Ouaguissi
Nord,Passoré,Samba,Pakoudougou
Nord,Passoré,Samba,Panh
Nord,Passoré,Samba,Pella
Nord,Passoré,Samba,Rouly
Nord,Passoré,Samba,Samba
Nord,Passoré,Samba,Sigogo
Nord,Passoré,Samba,Silizougou
Nord,Passoré,Samba,Somyalguem
Nord,Passoré,Samba,Tanguen
Nord,Passoré,Samba,Tankédo
Nord,Passoré,Samba,Thebo
Nord,Passoré,Samba,Toessin
Nord,Passoré,Samba,Yadoumiela
Nord,Passoré,Samba,Zingdsé
Nord,Passoré,Yako,Baskare
Nord,Passoré,Yako,Bouboulou
Nord,Passoré,Yako,Boulguen
Nord,Passoré,Yako,Boulma
Nord,Passoré,Yako,Boura
Nord,Passoré,Yako,Bouria
Nord,Passoré,Yako,Doure
Nord,Passoré,Yako,Gandado
Nord,Passoré,Yako,Gobila
Nord,Passoré,Yako,Goden
Nord,Passoré,Yako,Gollo
Nord,Passoré,Yako,Gonsin
Nord,Passoré,Yako,Goungha
Nord,Passoré,Yako,Kabo
Nord,Passoré,Yako,Keo
Nord,Passoré,Yako,Koalla
Nord,Passoré,Yako,Koaltanghin
Nord,Passoré,Yako,Kolbila
Nord,Passoré,Yako,Kouhoulongou
Nord,Passoré,Yako,Ladré
Nord,Passoré,Yako,Lilboure
Nord,Passoré,Yako,Louga
Nord,Passoré,Yako,Moutoulou
Nord,Passoré,Yako,Mouèmé
Nord,Passoré,Yako,Nagsene
Nord,Passoré,Yako,Nambeguian
Nord,Passoré,Yako,Napalgué
Nord,Passoré,Yako,Napan
Nord,Passoré,Yako,Noussou
Nord,Passoré,Yako,Ouaelle
Nord,Passoré,Yako,Ouedkiongo
Nord,Passoré,Yako,Palegtanga
Nord,Passoré,Yako,Petit-Samba
Nord,Passoré,Yako,Ragounda
Nord,Passoré,Yako,Rallo
Nord,Passoré,Yako,Rawema
Nord,Passoré,Yako,Roumtenga
Nord,Passoré,Yako,Sabo
Nord,Passoré,Yako,Saria
Nord,Passoré,Yako,Sassa
Nord,Passoré,Yako,Soa
Nord,Passoré,Yako,Song-naba
Nord,Passoré,Yako,Soropélisé
Nord,Passoré,Yako,Tampouré
Nord,Passoré,Yako,Tampouy
Nord,Passoré,Yako,Tanghin
Nord,Passoré,Yako,Taonsgho
Nord,Passoré,Yako,Tibin
Nord,Passoré,Yako,Tindila
Nord,Passoré,Yako,Titangen
Nord,Passoré,Yako,Toèssé
Nord,Passoré,Yako,Yako
Nord,Passoré,Yako,Zinigen
Nord,Passoré,Yako,Zizon
Nord,Yatenga,Barga,Barga-Mossi
Nord,Yatenga,Barga,Barga-Peulh
Nord,Yatenga,Barga,Dano
Nord,Yatenga,Barga,Derhogo
Nord,Yatenga,Barga,Dinguila-Peulh
Nord,Yatenga,Barga,Dinguiri
Nord,Yatenga,Barga,Gansbanko
Nord,Yatenga,Barga,Goronga
Nord,Yatenga,Barga,Ipala
Nord,Yatenga,Barga,Karma
Nord,Yatenga,Barga,Kerga
Nord,Yatenga,Barga,Koubi-Todiam
Nord,Yatenga,Barga,Koubithiou
Nord,Yatenga,Barga,Lemnogo Mossi
Nord,Yatenga,Barga,Lemnogo Peulh
Nord,Yatenga,Barga,Mene
Nord,Yatenga,Barga,Pabio
Nord,Yatenga,Barga,Poucouma-Ramsa
Nord,Yatenga,Barga,Péla
Nord,Yatenga,Barga,Ramdolla-Mossi
Nord,Yatenga,Barga,Ramdolla-Peulh
Nord,Yatenga,Barga,Sabouna
Nord,Yatenga,Barga,Tebela
Nord,Yatenga,Barga,Tibitenga
Nord,Yatenga,Barga,Tingsobare
Nord,Yatenga,Barga,Toroué
Nord,Yatenga,Barga,Zoudounga
Nord,Yatenga,Kalsaka,Barma-Mossi
Nord,Yatenga,Kalsaka,Barma-Yarce
Nord,Yatenga,Kalsaka,Base Vie Mine de Kalsaka
Nord,Yatenga,Kalsaka,Bema-Mossi
Nord,Yatenga,Kalsaka,Bema-Silmi-Mossi
Nord,Yatenga,Kalsaka,Bemkoudougou
Nord,Yatenga,Kalsaka,Bennsé
Nord,Yatenga,Kalsaka,Berenga Silmi Mossi
Nord,Yatenga,Kalsaka,Berenga-Foulbe
Nord,Yatenga,Kalsaka,Berenga-Mossi
Nord,Yatenga,Kalsaka,Boulle
Nord,Yatenga,Kalsaka,Derga
Nord,Yatenga,Kalsaka,Dioun
Nord,Yatenga,Kalsaka,Gnimassoum Foulbe
Nord,Yatenga,Kalsaka,Gombre Saaba
Nord,Yatenga,Kalsaka,Gombre Silmi Mossi
Nord,Yatenga,Kalsaka,Gonsen Hameau
Nord,Yatenga,Kalsaka,Gonsin (Gonsin-Mossi)
Nord,Yatenga,Kalsaka,Gouansé
Nord,Yatenga,Kalsaka,Goungre Tangaye
Nord,Yatenga,Kalsaka,Goungré
Nord,Yatenga,Kalsaka,Guenda
Nord,Yatenga,Kalsaka,Iria-Mossi
Nord,Yatenga,Kalsaka,Iria-Yarce
Nord,Yatenga,Kalsaka,Kagadsen
Nord,Yatenga,Kalsaka,Kalsaka
Nord,Yatenga,Kalsaka,Kalsaka Foulbe
Nord,Yatenga,Kalsaka,Kalsaka Silmi Mossi
Nord,Yatenga,Kalsaka,Kiboulougou
Nord,Yatenga,Kalsaka,Kondilma
Nord,Yatenga,Kalsaka,Kéblo
Nord,Yatenga,Kalsaka,Macere
Nord,Yatenga,Kalsaka,Mangoulima
Nord,Yatenga,Kalsaka,Modoma
Nord,Yatenga,Kalsaka,Nabamahogma
Nord,Yatenga,Kalsaka,Naradabaganga
Nord,Yatenga,Kalsaka,Nema
Nord,Yatenga,Kalsaka,Ouatinoma
Nord,Yatenga,Kalsaka,Ouavousse Mossi
Nord,Yatenga,Kalsaka,Ouavousse Silmi Mossi
Nord,Yatenga,Kalsaka,Ouembatinga
Nord,Yatenga,Kalsaka,Ouembazaka
Nord,Yatenga,Kalsaka,Ouilao
Nord,Yatenga,Kalsaka,Outoum-Silmi-Mossi
Nord,Yatenga,Kalsaka,Pouto Yarce
Nord,Yatenga,Kalsaka,Remene
Nord,Yatenga,Kalsaka,Rima-Gouria
Nord,Yatenga,Kalsaka,Rima-Mossi
Nord,Yatenga,Kalsaka,Rondo
Nord,Yatenga,Kalsaka,Rondoma Mossi
Nord,Yatenga,Kalsaka,Rondoma Silmi Mossi
Nord,Yatenga,Kalsaka,Rongabanko
Nord,Yatenga,Kalsaka,Sacre-Mossi
Nord,Yatenga,Kalsaka,Sacre-Yarce
Nord,Yatenga,Kalsaka,Saglé
Nord,Yatenga,Kalsaka,Sarlé
Nord,Yatenga,Kalsaka,Siègdé
Nord,Yatenga,Kalsaka,Somtingré
Nord,Yatenga,Kalsaka,Soulli
Nord,Yatenga,Kalsaka,Tapre Mossi
Nord,Yatenga,Kalsaka,Tapre Silmi Mossi
Nord,Yatenga,Kalsaka,Tibtenga
Nord,Yatenga,Kalsaka,Tilligui
Nord,Yatenga,Kalsaka,Touko
Nord,Yatenga,Kalsaka,Touma
Nord,Yatenga,Kalsaka,Toumouni
Nord,Yatenga,Kalsaka,Zamdogo
Nord,Yatenga,Kalsaka,Zongo
Nord,Yatenga,Kaïn,Alhamdou
Nord,Yatenga,Kaïn,Dore
Nord,Yatenga,Kaïn,Doré
Nord,Yatenga,Kaïn,Doubare
Nord,Yatenga,Kaïn,Kaïn
Nord,Yatenga,Kaïn,Kaïn-Ouro
Nord,Yatenga,Kaïn,Mougounougoboko
Nord,Yatenga,Kaïn,Nenebouro
Nord,Yatenga,Kaïn,Sikende
Nord,Yatenga,Kaïn,Thou
Nord,Yatenga,Kaïn,Tiendre
Nord,Yatenga,Kaïn,Yense
Nord,Yatenga,Kaïn,Yènsi
Nord,Yatenga,Kossouka,Bascouda
Nord,Yatenga,Kossouka,Bissiguin
Nord,Yatenga,Kossouka,Iki
Nord,Yatenga,Kossouka,Inou
Nord,Yatenga,Kossouka,Kangarin
Nord,Yatenga,Kossouka,Kapelgo Tangaye
Nord,Yatenga,Kossouka,Kieblega
Nord,Yatenga,Kossouka,Kossouka
Nord,Yatenga,Kossouka,Longuin
Nord,Yatenga,Kossouka,Magarougou
Nord,Yatenga,Kossouka,Napalgué
Nord,Yatenga,Kossouka,Riligo
Nord,Yatenga,Kossouka,Samtaga
Nord,Yatenga,Kossouka,Sassaka Fulbe
Nord,Yatenga,Kossouka,Sassaka Mossi
Nord,Yatenga,Kossouka,Sekeba
Nord,Yatenga,Kossouka,Selmiougou
Nord,Yatenga,Kossouka,Toeguin Mossi
Nord,Yatenga,Kossouka,Toeguin Yarce
Nord,Yatenga,Kossouka,Yamsinde Mossi
Nord,Yatenga,Kossouka,Yamsinde Yarce
Nord,Yatenga,Koumbri,Amene Mossi
Nord,Yatenga,Koumbri,Amene Saaba
Nord,Yatenga,Koumbri,Bidi Mossi
Nord,Yatenga,Koumbri,Bidi Peulh Thiou
Nord,Yatenga,Koumbri,Bidi Peulh Todiam
Nord,Yatenga,Koumbri,Bidi Rimaibe Thiou
Nord,Yatenga,Koumbri,Bidi Rimaibe Todiam
Nord,Yatenga,Koumbri,Bidi Silmimossi
Nord,Yatenga,Koumbri,Boulzoma
Nord,Yatenga,Koumbri,Dandambara
Nord,Yatenga,Koumbri,Desse
Nord,Yatenga,Koumbri,Dondombene Mossi
Nord,Yatenga,Koumbri,Dondombene Peulh
Nord,Yatenga,Koumbri,Gassin Sirgui
Nord,Yatenga,Koumbri,Gourouga
Nord,Yatenga,Koumbri,Keke Mossi
Nord,Yatenga,Koumbri,Keke Peulh
Nord,Yatenga,Koumbri,Kilissimoko
Nord,Yatenga,Koumbri,Kouglaré
Nord,Yatenga,Koumbri,Kougourin
Nord,Yatenga,Koumbri,Koumbri
Nord,Yatenga,Koumbri,Ninigui
Nord,Yatenga,Koumbri,Pogoro Mossi
Nord,Yatenga,Koumbri,Porogo Silmimossi
Nord,Yatenga,Koumbri,Rim
Nord,Yatenga,Koumbri,Ronga
Nord,Yatenga,Koumbri,Saya Peulh
Nord,Yatenga,Koumbri,Saya-Mossi
Nord,Yatenga,Koumbri,Seno Bosnore
Nord,Yatenga,Koumbri,Seno-Todiam
Nord,Yatenga,Koumbri,Silga
Nord,Yatenga,Koumbri,Soulou
Nord,Yatenga,Koumbri,Tanvousse-Mossi
Nord,Yatenga,Koumbri,Tanvousse-Peulh
Nord,Yatenga,Koumbri,Tibtenga
Nord,Yatenga,Koumbri,Wattigué
Nord,Yatenga,Koumbri,Wéknaoré
Nord,Yatenga,Koumbri,Zom
Nord,Yatenga,Namissiguima,Ansolma
Nord,Yatenga,Namissiguima,Bagayalgo
Nord,Yatenga,Namissiguima,Barelgo
Nord,Yatenga,Namissiguima,Basnere
Nord,Yatenga,Namissiguima,Birdininga
Nord,Yatenga,Namissiguima,Boulounga
Nord,Yatenga,Namissiguima,Bouna Peulh
Nord,Yatenga,Namissiguima,Dombre
Nord,Yatenga,Namissiguima,Faougodo
Nord,Yatenga,Namissiguima,Goulagou
Nord,Yatenga,Namissiguima,Goumba
Nord,Yatenga,Namissiguima,Kaléhéna
Nord,Yatenga,Namissiguima,Kambondogué
Nord,Yatenga,Namissiguima,Kongninkin
Nord,Yatenga,Namissiguima,Kononga
Nord,Yatenga,Namissiguima,Kononga Peulh
Nord,Yatenga,Namissiguima,Konvougoudou
Nord,Yatenga,Namissiguima,Koswinde
Nord,Yatenga,Namissiguima,Koumbane
Nord,Yatenga,Namissiguima,Lilbouré
Nord,Yatenga,Namissiguima,Longa
Nord,Yatenga,Namissiguima,Mogombouli
Nord,Yatenga,Namissiguima,Namissiguima
Nord,Yatenga,Namissiguima,Ninguiwinde
Nord,Yatenga,Namissiguima,Nogo
Nord,Yatenga,Namissiguima,Nongossom
Nord,Yatenga,Namissiguima,Ouatinoma
Nord,Yatenga,Namissiguima,Ramatoulaye
Nord,Yatenga,Namissiguima,Rapougouma
Nord,Yatenga,Namissiguima,Solgom
Nord,Yatenga,Namissiguima,Tougou
Nord,Yatenga,Namissiguima,Wagaye
Nord,Yatenga,Namissiguima,Zano
Nord,Yatenga,Ouahigouya,Aorema
Nord,Yatenga,Ouahigouya,Baodogo
Nord,Yatenga,Ouahigouya,Bapore
Nord,Yatenga,Ouahigouya,Bassaouassa
Nord,Yatenga,Ouahigouya,Bembela
Nord,Yatenga,Ouahigouya,Bissigaye
Nord,Yatenga,Ouahigouya,Bogoya
Nord,Yatenga,Ouahigouya,Bolongo
Nord,Yatenga,Ouahigouya,Bossomnoré Rimaïbé
Nord,Yatenga,Ouahigouya,Bouri
Nord,Yatenga,Ouahigouya,Bronakouli
Nord,Yatenga,Ouahigouya,Cissin
Nord,Yatenga,Ouahigouya,Darsalam
Nord,Yatenga,Ouahigouya,Fourouma
Nord,Yatenga,Ouahigouya,Gondologo
Nord,Yatenga,Ouahigouya,Gonhiré
Nord,Yatenga,Ouahigouya,Gourga
Nord,Yatenga,Ouahigouya,Ippo
Nord,Yatenga,Ouahigouya,Issigui
Nord,Yatenga,Ouahigouya,Komsila
Nord,Yatenga,Ouahigouya,Kouri
Nord,Yatenga,Ouahigouya,Lilligome
Nord,Yatenga,Ouahigouya,Mopeleguin
Nord,Yatenga,Ouahigouya,Mouni
Nord,Yatenga,Ouahigouya,Ouahigouya
Nord,Yatenga,Ouahigouya,Ouattinoma
Nord,Yatenga,Ouahigouya,Ouedrancin
Nord,Yatenga,Ouahigouya,Oufré
Nord,Yatenga,Ouahigouya,Passogo
Nord,Yatenga,Ouahigouya,Pirgo
Nord,Yatenga,Ouahigouya,Poedogo
Nord,Yatenga,Ouahigouya,Poédogo
Nord,Yatenga,Ouahigouya,Rallo
Nord,Yatenga,Ouahigouya,Ramesse
Nord,Yatenga,Ouahigouya,Rikou
Nord,Yatenga,Ouahigouya,Rissi
Nord,Yatenga,Ouahigouya,Roba
Nord,Yatenga,Ouahigouya,Sambtinga
Nord,Yatenga,Ouahigouya,Sananga
Nord,Yatenga,Ouahigouya,Saye
Nord,Yatenga,Ouahigouya,Sinofoussé
Nord,Yatenga,Ouahigouya,Sissamba
Nord,Yatenga,Ouahigouya,Sodin
Nord,Yatenga,Ouahigouya,Somiaga
Nord,Yatenga,Ouahigouya,Soubo
Nord,Yatenga,Ouahigouya,Toessin
Nord,Yatenga,Ouahigouya,Tougouzagué
Nord,Yatenga,Ouahigouya,Yabonsgo
Nord,Yatenga,Ouahigouya,Youba
Nord,Yatenga,Ouahigouya,Zamioro
Nord,Yatenga,Ouahigouya,Zimba
Nord,Yatenga,Oula,Bagahokc-Mossi
Nord,Yatenga,Oula,Bagahokc-Yarce
Nord,Yatenga,Oula,Bilinga
Nord,Yatenga,Oula,Bougoure
Nord,Yatenga,Oula,Bourbo
Nord,Yatenga,Oula,Bouro
Nord,Yatenga,Oula,Boursouma
Nord,Yatenga,Oula,Bouskoudougou
Nord,Yatenga,Oula,Boussoum
Nord,Yatenga,Oula,Dabla
Nord,Yatenga,Oula,Filly
Nord,Yatenga,Oula,Gourbare
Nord,Yatenga,Oula,Ipala
Nord,Yatenga,Oula,Irbou
Nord,Yatenga,Oula,Ka Mossi
Nord,Yatenga,Oula,Kalsagado Mossi
Nord,Yatenga,Oula,Kalsagado Peulh
Nord,Yatenga,Oula,Kalsagado Samba
Nord,Yatenga,Oula,Kao Peulh
Nord,Yatenga,Oula,Kayegue Silmi Mosi
Nord,Yatenga,Oula,Kenemene
Nord,Yatenga,Oula,Keyegue
Nord,Yatenga,Oula,Kibtengaye
Nord,Yatenga,Oula,Kire
Nord,Yatenga,Oula,Kounga-Mossi
Nord,Yatenga,Oula,Kounga-Peulh
Nord,Yatenga,Oula,Kourba Bagre
Nord,Yatenga,Oula,Kourbo Mogo
Nord,Yatenga,Oula,Laoua Mossi
Nord,Yatenga,Oula,Laoua Peulh
Nord,Yatenga,Oula,Lougouri
Nord,Yatenga,Oula,Margo
Nord,Yatenga,Oula,Nongofaire
Nord,Yatenga,Oula,Nongofaire Peulh
Nord,Yatenga,Oula,Nongofaire Silmi Mossi
Nord,Yatenga,Oula,Omsom
Nord,Yatenga,Oula,Ouagande Mossi
Nord,Yatenga,Oula,Ouagande Peulh
Nord,Yatenga,Oula,Oula
Nord,Yatenga,Oula,Ouro-Mossi
Nord,Yatenga,Oula,Ouro-Yarce
Nord,Yatenga,Oula,Pelkisga
Nord,Yatenga,Oula,Pelle
Nord,Yatenga,Oula,Rambi-Mossi
Nord,Yatenga,Oula,Rambi-Peulh
Nord,Yatenga,Oula,Rassomde
Nord,Yatenga,Oula,Reka
Nord,Yatenga,Oula,Reko
Nord,Yatenga,Oula,Rigui
Nord,Yatenga,Oula,Robena
Nord,Yatenga,Oula,Roko
Nord,Yatenga,Oula,Sindilo
Nord,Yatenga,Oula,Sonh
Nord,Yatenga,Oula,Sorgho Silmi Mossi
Nord,Yatenga,Oula,Sounkouissi
Nord,Yatenga,Oula,Soussou
Nord,Yatenga,Oula,Tanlili
Nord,Yatenga,Oula,Tilli
Nord,Yatenga,Oula,Yalle
Nord,Yatenga,Oula,Zanna Mossi
Nord,Yatenga,Oula,Zanna Peulh
Nord,Yatenga,Oula,Ziga
Nord,Yatenga,Rambo,Bouga Mossi
Nord,Yatenga,Rambo,Bouga Yarce
Nord,Yatenga,Rambo,Bouli
Nord,Yatenga,Rambo,Dembrediesse
Nord,Yatenga,Rambo,Dierko
Nord,Yatenga,Rambo,Diri
Nord,Yatenga,Rambo,Imassoum
Nord,Yatenga,Rambo,Irim
Nord,Yatenga,Rambo,Kamdogo
Nord,Yatenga,Rambo,Konde Tangaye
Nord,Yatenga,Rambo,Koumna Yargo
Nord,Yatenga,Rambo,Koungo
Nord,Yatenga,Rambo,Lengo
Nord,Yatenga,Rambo,Nioussi Tangaye
Nord,Yatenga,Rambo,Pourra
Nord,Yatenga,Rambo,Rambo
Nord,Yatenga,Rambo,Rambo Foulbe
Nord,Yatenga,Rambo,Ranbo
Nord,Yatenga,Rambo,Songa
Nord,Yatenga,Rambo,Sougouma
Nord,Yatenga,Rambo,Tantoaga
Nord,Yatenga,Rambo,Tobkio
Nord,Yatenga,Rambo,Zindinogo
Nord,Yatenga,Senguènèga,Bakou
Nord,Yatenga,Senguènèga,Bangassila Mossi
Nord,Yatenga,Senguènèga,Bangassila Silmi Mossi
Nord,Yatenga,Senguènèga,Barbouli
Nord,Yatenga,Senguènèga,Bassanga Peulh
Nord,Yatenga,Senguènèga,Bomhiri
Nord,Yatenga,Senguènèga,Boulguin
Nord,Yatenga,Senguènèga,Dambrin
Nord,Yatenga,Senguènèga,Gambo
Nord,Yatenga,Senguènèga,Gambo Foulbe
Nord,Yatenga,Senguènèga,Gorin
Nord,Yatenga,Senguènèga,Goubre
Nord,Yatenga,Senguènèga,Gouroungo
Nord,Yatenga,Senguènèga,Guibou
Nord,Yatenga,Senguènèga,Guitti
Nord,Yatenga,Senguènèga,Jougalhiri
Nord,Yatenga,Senguènèga,Kandega-Mossi
Nord,Yatenga,Senguènèga,Kandega-Silmi-Mossi
Nord,Yatenga,Senguènèga,Kolkom
Nord,Yatenga,Senguènèga,Koudouma
Nord,Yatenga,Senguènèga,Koukabako Yarce
Nord,Yatenga,Senguènèga,Koukabako-Baloum
Nord,Yatenga,Senguènèga,Koukabako-Silmi-Mossi
Nord,Yatenga,Senguènèga,Koumbranga
Nord,Yatenga,Senguènèga,Koura
Nord,Yatenga,Senguènèga,Kélegnaaba
Nord,Yatenga,Senguènèga,Mogom
Nord,Yatenga,Senguènèga,Mogom Silmi Mossi
Nord,Yatenga,Senguènèga,Namassa
Nord,Yatenga,Senguènèga,Niebce
Nord,Yatenga,Senguènèga,Noungou
Nord,Yatenga,Senguènèga,Ouonko-Mossi
Nord,Yatenga,Senguènèga,Ouonko-Silmi-Mossi
Nord,Yatenga,Senguènèga,Outoum-Mossi
Nord,Yatenga,Senguènèga,Outoum-Silmi-Mossi
Nord,Yatenga,Senguènèga,Rallé
Nord,Yatenga,Senguènèga,Ramensé
Nord,Yatenga,Senguènèga,Ramsa
Nord,Yatenga,Senguènèga,Roffo Peulh
Nord,Yatenga,Senguènèga,Roffo Silmi Mossi
Nord,Yatenga,Senguènèga,Roffo-Mossi
Nord,Yatenga,Senguènèga,Sabouli
Nord,Yatenga,Senguènèga,Sampèla
Nord,Yatenga,Senguènèga,Sanspelga Marance
Nord,Yatenga,Senguènèga,Sanspelga Mossi
Nord,Yatenga,Senguènèga,Sarga
Nord,Yatenga,Senguènèga,Senguènèga
Nord,Yatenga,Senguènèga,Silèdou
Nord,Yatenga,Senguènèga,Sima
Nord,Yatenga,Senguènèga,Sittigo
Nord,Yatenga,Senguènèga,Somnalka
Nord,Yatenga,Senguènèga,Somnalka-Peul
Nord,Yatenga,Senguènèga,Somnamèrè
Nord,Yatenga,Senguènèga,Tambokin
Nord,Yatenga,Senguènèga,Tanpelga
Nord,Yatenga,Senguènèga,Tansombo
Nord,Yatenga,Senguènèga,Teonsogo
Nord,Yatenga,Senguènèga,Tiba
Nord,Yatenga,Senguènèga,Titaaré
Nord,Yatenga,Senguènèga,Tonguen
Nord,Yatenga,Senguènèga,Tooghin Peul
Nord,Yatenga,Senguènèga,Tougouya
Nord,Yatenga,Senguènèga,Wanaré
Nord,Yatenga,Senguènèga,Zomkalga Marance
Nord,Yatenga,Senguènèga,Zomkalga Mossi
Nord,Yatenga,Senguènèga,Zouma Mossi
Nord,Yatenga,Senguènèga,Zouma Peulh
Nord,Yatenga,Senguènèga,Zouma Silmi Mossi
Nord,Yatenga,Tangaye,0
Nord,Yatenga,Tangaye,Bemh
Nord,Yatenga,Tangaye,Bonsomnore
Nord,Yatenga,Tangaye,Bossomnomogo
Nord,Yatenga,Tangaye,Boundoukamba
Nord,Yatenga,Tangaye,Douma
Nord,Yatenga,Tangaye,Gan Yiri Yarce
Nord,Yatenga,Tangaye,Goko
Nord,Yatenga,Tangaye,Gossere
Nord,Yatenga,Tangaye,Goutoula
Nord,Yatenga,Tangaye,Guessoum
Nord,Yatenga,Tangaye,Kebakoro
Nord,Yatenga,Tangaye,Keleguerima
Nord,Yatenga,Tangaye,Kolkom
Nord,Yatenga,Tangaye,Kouba
Nord,Yatenga,Tangaye,Lehe
Nord,Yatenga,Tangaye,Loubre
Nord,Yatenga,Tangaye,Mera
Nord,Yatenga,Tangaye,Moïmbé
Nord,Yatenga,Tangaye,Nabaziniguima
Nord,Yatenga,Tangaye,Namsiguia
Nord,Yatenga,Tangaye,Nimpouya
Nord,Yatenga,Tangaye,Nongfaire
Nord,Yatenga,Tangaye,Ouoh Bilo
Nord,Yatenga,Tangaye,Ouoh Kinga
Nord,Yatenga,Tangaye,Pella Tibitiguia
Nord,Yatenga,Tangaye,Rassandogo
Nord,Yatenga,Tangaye,Risci Peulh
Nord,Yatenga,Tangaye,Siguinoguin
Nord,Yatenga,Tangaye,Somlawa
Nord,Yatenga,Tangaye,Tangaye
Nord,Yatenga,Tangaye,Tongmene
Nord,Yatenga,Tangaye,Tougue Mossi
Nord,Yatenga,Tangaye,Tougue Peulh
Nord,Yatenga,Tangaye,Tougue Yarce
Nord,Yatenga,Tangaye,Touya
Nord,Yatenga,Tangaye,Yalka
Nord,Yatenga,Tangaye,Yaoua
Nord,Yatenga,Tangaye,Zougouna
Nord,Yatenga,Thiou,Arbete
Nord,Yatenga,Thiou,Bango
Nord,Yatenga,Thiou,Banh
Nord,Yatenga,Thiou,Bani
Nord,Yatenga,Thiou,Birgondogo
Nord,Yatenga,Thiou,Boukere
Nord,Yatenga,Thiou,Bouli
Nord,Yatenga,Thiou,Bouro
Nord,Yatenga,Thiou,Denean
Nord,Yatenga,Thiou,Dissa
Nord,Yatenga,Thiou,Gardere
Nord,Yatenga,Thiou,Gongoya
Nord,Yatenga,Thiou,Gonion Bouli
Nord,Yatenga,Thiou,Gonna
Nord,Yatenga,Thiou,Goussirdou
Nord,Yatenga,Thiou,Hokélirou
Nord,Yatenga,Thiou,Incare
Nord,Yatenga,Thiou,Kalo
Nord,Yatenga,Thiou,Kessombode
Nord,Yatenga,Thiou,Kombouri
Nord,Yatenga,Thiou,Lobere
Nord,Yatenga,Thiou,Loy
Nord,Yatenga,Thiou,Nimbou
Nord,Yatenga,Thiou,Nodin
Nord,Yatenga,Thiou,Nomo
Nord,Yatenga,Thiou,Ouagara
Nord,Yatenga,Thiou,Pella
Nord,Yatenga,Thiou,Petenague
Nord,Yatenga,Thiou,Pétossiré
Nord,Yatenga,Thiou,Ramanepanga
Nord,Yatenga,Thiou,Sambabouli
Nord,Yatenga,Thiou,Samny
Nord,Yatenga,Thiou,Sanga
Nord,Yatenga,Thiou,Sanga Yarsé
Nord,Yatenga,Thiou,Senokayel
Nord,Yatenga,Thiou,Sim
Nord,Yatenga,Thiou,Sourougoudou
Nord,Yatenga,Thiou,Talle
Nord,Yatenga,Thiou,Tangari
Nord,Yatenga,Thiou,Thimguem
Nord,Yatenga,Thiou,Thiou
Nord,Yatenga,Thiou,Wendey Daïri
Nord,Yatenga,Thiou,Yansa
Nord,Yatenga,Zogoré,Boulounsi
Nord,Yatenga,Zogoré,Bôh
Nord,Yatenga,Zogoré,Dapoya
Nord,Yatenga,Zogoré,Guessoum
Nord,Yatenga,Zogoré,Koro
Nord,Yatenga,Zogoré,Lilkana
Nord,Yatenga,Zogoré,Nango Foulce
Nord,Yatenga,Zogoré,Nango Yarce
Nord,Yatenga,Zogoré,Ninga
Nord,Yatenga,Zogoré,Piga-Songdin
Nord,Yatenga,Zogoré,Rambouli
Nord,Yatenga,Zogoré,Rega
Nord,Yatenga,Zogoré,Teonsgo
Nord,Yatenga,Zogoré,Torobo
Nord,Yatenga,Zogoré,Touri
Nord,Yatenga,Zogoré,Vire-Songdin
Nord,Yatenga,Zogoré,Yabogo
Nord,Yatenga,Zogoré,Yalka
Nord,Yatenga,Zogoré,Zogoré
Nord,Zondoma,Bassi,Bassi
Nord,Zondoma,Bassi,Boké
Nord,Zondoma,Bassi,Guiri-Guiri
Nord,Zondoma,Bassi,Keneko
Nord,Zondoma,Bassi,Kera
Nord,Zondoma,Bassi,Kera-Doure
Nord,Zondoma,Bassi,Lintiba
Nord,Zondoma,Bassi,Ouettigue
Nord,Zondoma,Bassi,Pella
Nord,Zondoma,Bassi,Rondolga
Nord,Zondoma,Bassi,Sandéba
Nord,Zondoma,Bassi,Sapela
Nord,Zondoma,Bassi,Say
Nord,Zondoma,Bassi,Sompela
Nord,Zondoma,Bassi,Songodin
Nord,Zondoma,Bassi,Sorogo
Nord,Zondoma,Bassi,Taslima
Nord,Zondoma,Bassi,Tougouya-Koko
Nord,Zondoma,Bassi,Tourgo Silmi Mossi
Nord,Zondoma,Boussou,Bangasse
Nord,Zondoma,Boussou,Baoudoumboin
Nord,Zondoma,Boussou,Boussou
Nord,Zondoma,Boussou,Dargou
Nord,Zondoma,Boussou,Garou
Nord,Zondoma,Boussou,Kirien
Nord,Zondoma,Boussou,Kirikodogo
Nord,Zondoma,Boussou,Kiripalogo
Nord,Zondoma,Boussou,Kolkom
Nord,Zondoma,Boussou,Kouossey
Nord,Zondoma,Boussou,Kourbo
Nord,Zondoma,Boussou,Kourou Bogo
Nord,Zondoma,Boussou,Moundia Bogo
Nord,Zondoma,Boussou,Nogolado
Nord,Zondoma,Boussou,Ouembairi
Nord,Zondoma,Boussou,Palle
Nord,Zondoma,Boussou,Posso
Nord,Zondoma,Boussou,Saoutoumbo
Nord,Zondoma,Boussou,Tamounouma
Nord,Zondoma,Boussou,Tangaye
Nord,Zondoma,Boussou,Tibila
Nord,Zondoma,Boussou,Toubyengo
Nord,Zondoma,Goursi,0
Nord,Zondoma,Goursi,Banguen Tenga
Nord,Zondoma,Goursi,Baszaido
Nord,Zondoma,Goursi,Beuguemdre
Nord,Zondoma,Goursi,Bogo
Nord,Zondoma,Goursi,Bougounam
Nord,Zondoma,Goursi,Bouri Ronsé
Nord,Zondoma,Goursi,Danaoua
Nord,Zondoma,Goursi,Dioulou
Nord,Zondoma,Goursi,Doure
Nord,Zondoma,Goursi,Fourma
Nord,Zondoma,Goursi,Gouloumbassa
Nord,Zondoma,Goursi,Gourcy
Nord,Zondoma,Goursi,Guiéléba
Nord,Zondoma,Goursi,Kagapossogo
Nord,Zondoma,Goursi,Kanda-kanda
Nord,Zondoma,Goursi,Kasseba Mossi
Nord,Zondoma,Goursi,Kasseba-Samo
Nord,Zondoma,Goursi,Kibilo
Nord,Zondoma,Goursi,Koeneba
Nord,Zondoma,Goursi,Kogola
Nord,Zondoma,Goursi,Kolkom
Nord,Zondoma,Goursi,Kontigue
Nord,Zondoma,Goursi,Kontigue-Silmimossi
Nord,Zondoma,Goursi,Kouba
Nord,Zondoma,Goursi,Koudombo
Nord,Zondoma,Goursi,Koundouba
Nord,Zondoma,Goursi,Lago (Yirtaoré)
Nord,Zondoma,Goursi,Leleguere
Nord,Zondoma,Goursi,Lonce
Nord,Zondoma,Goursi,Mako
Nord,Zondoma,Goursi,Minima
Nord,Zondoma,Goursi,Mogolaga
Nord,Zondoma,Goursi,Moundian
Nord,Zondoma,Goursi,Niességa
Nord,Zondoma,Goursi,Ninyiri
Nord,Zondoma,Goursi,Nogosséto
Nord,Zondoma,Goursi,Noibiri
Nord,Zondoma,Goursi,Pouima
Nord,Zondoma,Goursi,Ramba
Nord,Zondoma,Goursi,Rassogoma
Nord,Zondoma,Goursi,Rengueba
Nord,Zondoma,Goursi,Rogo
Nord,Zondoma,Goursi,Rom
Nord,Zondoma,Goursi,Rombagare
Nord,Zondoma,Goursi,Rougoumsouryibi
Nord,Zondoma,Goursi,Saadogo
Nord,Zondoma,Goursi,Sologomnore
Nord,Zondoma,Goursi,Tangaye
Nord,Zondoma,Goursi,Tarba
Nord,Zondoma,Goursi,Tomba
Nord,Zondoma,Goursi,Touba
Nord,Zondoma,Goursi,Yirtaoré
Nord,Zondoma,Goursi,Zankolga
Nord,Zondoma,Goursi,Zindiguesse
Nord,Zondoma,Goursi,Zitoéssin
Nord,Zondoma,Goursi,Zonga
Nord,Zondoma,Lèba,Bouloulou
Nord,Zondoma,Lèba,Bouri
Nord,Zondoma,Lèba,Gonsin
Nord,Zondoma,Lèba,Guessere
Nord,Zondoma,Lèba,Kokim
Nord,Zondoma,Lèba,Léba
Nord,Zondoma,Lèba,Marmissiga
Nord,Zondoma,Lèba,Masbore
Nord,Zondoma,Lèba,Ragueguema
Nord,Zondoma,Lèba,Robonde
Nord,Zondoma,Lèba,Ronsin
Nord,Zondoma,Lèba,Sanh
Nord,Zondoma,Tougo,Bangassomba
Nord,Zondoma,Tougo,Bascorma
Nord,Zondoma,Tougo,Beda
Nord,Zondoma,Tougo,Danaoua
Nord,Zondoma,Tougo,Kalce
Nord,Zondoma,Tougo,Keleguem
Nord,Zondoma,Tougo,Kindibo
Nord,Zondoma,Tougo,Komtoéga
Nord,Zondoma,Tougo,Lebenga
Nord,Zondoma,Tougo,Mangoulma
Nord,Zondoma,Tougo,Niebscebanco
Nord,Zondoma,Tougo,Noungou
Nord,Zondoma,Tougo,Ramesse
Nord,Zondoma,Tougo,Raoumde
Nord,Zondoma,Tougo,Rasko
Nord,Zondoma,Tougo,Rassomde
Nord,Zondoma,Tougo,Ridimbo
Nord,Zondoma,Tougo,Rikiba
Nord,Zondoma,Tougo,Roba
Nord,Zondoma,Tougo,Tampouya
Nord,Zondoma,Tougo,Toemigo
Nord,Zondoma,Tougo,Tougo
Nord,Zondoma,Tougo,Toulia
Nord,Zondoma,Tougo,Zire
Nord,Zondoma,Tougo,Zondoma
Plateau-Central,Ganzourgou,Boudri,Bagzan
Plateau-Central,Ganzourgou,Boudri,Bingré
Plateau-Central,Ganzourgou,Boudri,Bolma
Plateau-Central,Ganzourgou,Boudri,Boudry
Plateau-Central,Ganzourgou,Boudri,Boudry-Peulh
Plateau-Central,Ganzourgou,Boudri,Bourma
Plateau-Central,Ganzourgou,Boudri,Boèna
Plateau-Central,Ganzourgou,Boudri,Dikomtinga
Plateau-Central,Ganzourgou,Boudri,Douré
Plateau-Central,Ganzourgou,Boudri,Foulgo
Plateau-Central,Ganzourgou,Boudri,Gondré
Plateau-Central,Ganzourgou,Boudri,Gouingo
Plateau-Central,Ganzourgou,Boudri,Gounghin
Plateau-Central,Ganzourgou,Boudri,Ibogo
Plateau-Central,Ganzourgou,Boudri,Koankin
Plateau-Central,Ganzourgou,Boudri,Kolonkomé
Plateau-Central,Ganzourgou,Boudri,Kontopenga
Plateau-Central,Ganzourgou,Boudri,Kostenga
Plateau-Central,Ganzourgou,Boudri,Liguidmalguéma
Plateau-Central,Ganzourgou,Boudri,Limsèga
Plateau-Central,Ganzourgou,Boudri,Lélkom
Plateau-Central,Ganzourgou,Boudri,Mankarga Traditionnel
Plateau-Central,Ganzourgou,Boudri,Mankarga V1
Plateau-Central,Ganzourgou,Boudri,Mankarga V10
Plateau-Central,Ganzourgou,Boudri,Mankarga V11
Plateau-Central,Ganzourgou,Boudri,Mankarga V3
Plateau-Central,Ganzourgou,Boudri,Mankarga V4
Plateau-Central,Ganzourgou,Boudri,Mankarga V5
Plateau-Central,Ganzourgou,Boudri,Mankarga V6
Plateau-Central,Ganzourgou,Boudri,Mankarga V7
Plateau-Central,Ganzourgou,Boudri,Mankarga V8
Plateau-Central,Ganzourgou,Boudri,Mankarga V9
Plateau-Central,Ganzourgou,Boudri,Manéssé
Plateau-Central,Ganzourgou,Boudri,Nabasnonghin
Plateau-Central,Ganzourgou,Boudri,Nabinkinsma
Plateau-Central,Ganzourgou,Boudri,Nabiraogtenga
Plateau-Central,Ganzourgou,Boudri,Nabmalguéma
Plateau-Central,Ganzourgou,Boudri,Nadioutenga
Plateau-Central,Ganzourgou,Boudri,Nanom
Plateau-Central,Ganzourgou,Boudri,Noéssé
Plateau-Central,Ganzourgou,Boudri,Nédogo
Plateau-Central,Ganzourgou,Boudri,Nédogo-Peulh
Plateau-Central,Ganzourgou,Boudri,Ouaongtenga
Plateau-Central,Ganzourgou,Boudri,Ouayalgui V1
Plateau-Central,Ganzourgou,Boudri,Ouayalgui V2
Plateau-Central,Ganzourgou,Boudri,Ouayalgui V3
Plateau-Central,Ganzourgou,Boudri,Ouayalgui V4
Plateau-Central,Ganzourgou,Boudri,Ouayalgui V5
Plateau-Central,Ganzourgou,Boudri,Payamtenga
Plateau-Central,Ganzourgou,Boudri,Pittyn
Plateau-Central,Ganzourgou,Boudri,Pousghin
Plateau-Central,Ganzourgou,Boudri,Poédogo
Plateau-Central,Ganzourgou,Boudri,Roppané
Plateau-Central,Ganzourgou,Boudri,Sambrado
Plateau-Central,Ganzourgou,Boudri,Sanda
Plateau-Central,Ganzourgou,Boudri,Sankuissi
Plateau-Central,Ganzourgou,Boudri,Silmiougou
Plateau-Central,Ganzourgou,Boudri,Songdin
Plateau-Central,Ganzourgou,Boudri,Tallé
Plateau-Central,Ganzourgou,Boudri,Tamissi
Plateau-Central,Ganzourgou,Boudri,Tanama V1
Plateau-Central,Ganzourgou,Boudri,Tanama V2
Plateau-Central,Ganzourgou,Boudri,Tanama V3
Plateau-Central,Ganzourgou,Boudri,Tanama V4
Plateau-Central,Ganzourgou,Boudri,Tanama V5
Plateau-Central,Ganzourgou,Boudri,Tanghin
Plateau-Central,Ganzourgou,Boudri,Tankoala
Plateau-Central,Ganzourgou,Boudri,Tanlouka
Plateau-Central,Ganzourgou,Boudri,Tansèga
Plateau-Central,Ganzourgou,Boudri,Tanwaka
Plateau-Central,Ganzourgou,Boudri,Taonsgo
Plateau-Central,Ganzourgou,Boudri,Tenkotenga
Plateau-Central,Ganzourgou,Boudri,Tinsalgo
Plateau-Central,Ganzourgou,Boudri,Toyogdo
Plateau-Central,Ganzourgou,Boudri,Yaïka
Plateau-Central,Ganzourgou,Boudri,Yinsinbingba
Plateau-Central,Ganzourgou,Boudri,Zanrçin
Plateau-Central,Ganzourgou,Boudri,Zoangpighin
Plateau-Central,Ganzourgou,Boudri,Zormogdo
Plateau-Central,Ganzourgou,Kogho,Bassemkoukouri
Plateau-Central,Ganzourgou,Kogho,Bendogo
Plateau-Central,Ganzourgou,Kogho,Bissinghin
Plateau-Central,Ganzourgou,Kogho,Kogho
Plateau-Central,Ganzourgou,Kogho,Kogho-Peulh
Plateau-Central,Ganzourgou,Kogho,Linonghin
Plateau-Central,Ganzourgou,Kogho,Rimalga
Plateau-Central,Ganzourgou,Kogho,Ronsin
Plateau-Central,Ganzourgou,Kogho,Santi
Plateau-Central,Ganzourgou,Kogho,Tamasgho
Plateau-Central,Ganzourgou,Kogho,Tamzaka
Plateau-Central,Ganzourgou,Kogho,Tangandogo
Plateau-Central,Ganzourgou,Kogho,Tangano
Plateau-Central,Ganzourgou,Kogho,Tanghin 1
Plateau-Central,Ganzourgou,Kogho,Tanghin 2
Plateau-Central,Ganzourgou,Kogho,Tanlallé
Plateau-Central,Ganzourgou,Kogho,Tensobtenga
Plateau-Central,Ganzourgou,Kogho,Tollinghin
Plateau-Central,Ganzourgou,Kogho,Zorgo
Plateau-Central,Ganzourgou,Mégué,Bagbin
Plateau-Central,Ganzourgou,Mégué,Bollé
Plateau-Central,Ganzourgou,Mégué,Boulwando
Plateau-Central,Ganzourgou,Mégué,Dazanré
Plateau-Central,Ganzourgou,Mégué,Kabouda
Plateau-Central,Ganzourgou,Mégué,Kakim
Plateau-Central,Ganzourgou,Mégué,Kanré
Plateau-Central,Ganzourgou,Mégué,Kougdoughin
Plateau-Central,Ganzourgou,Mégué,Koulweogo
Plateau-Central,Ganzourgou,Mégué,Lalmogo
Plateau-Central,Ganzourgou,Mégué,Méguet
Plateau-Central,Ganzourgou,Mégué,Nahoubé
Plateau-Central,Ganzourgou,Mégué,Ouavoussé
Plateau-Central,Ganzourgou,Mégué,Pimalga
Plateau-Central,Ganzourgou,Mégué,Pinré (Zinko)
Plateau-Central,Ganzourgou,Mégué,Tamasgo
Plateau-Central,Ganzourgou,Mégué,Tanghin
Plateau-Central,Ganzourgou,Mégué,Tibin
Plateau-Central,Ganzourgou,Mégué,Vagma
Plateau-Central,Ganzourgou,Mégué,Yama
Plateau-Central,Ganzourgou,Mégué,Zemalga
Plateau-Central,Ganzourgou,Mégué,Zinko
Plateau-Central,Ganzourgou,Môgtédo,Bomboré V1
Plateau-Central,Ganzourgou,Môgtédo,Bomboré V2
Plateau-Central,Ganzourgou,Môgtédo,Bomboré V3
Plateau-Central,Ganzourgou,Môgtédo,Bomboré V4
Plateau-Central,Ganzourgou,Môgtédo,Bomboré V5
Plateau-Central,Ganzourgou,Môgtédo,Bomboré V6
Plateau-Central,Ganzourgou,Môgtédo,Bomboré V7
Plateau-Central,Ganzourgou,Môgtédo,Gadghin
Plateau-Central,Ganzourgou,Môgtédo,Gadghin Peulh
Plateau-Central,Ganzourgou,Môgtédo,Mogtédo
Plateau-Central,Ganzourgou,Môgtédo,Mogtédo V1
Plateau-Central,Ganzourgou,Môgtédo,Mogtédo V2
Plateau-Central,Ganzourgou,Môgtédo,Mogtédo V3
Plateau-Central,Ganzourgou,Môgtédo,Mogtédo V4
Plateau-Central,Ganzourgou,Môgtédo,Mogtédo V5
Plateau-Central,Ganzourgou,Môgtédo,Mogtédo V6
Plateau-Central,Ganzourgou,Môgtédo,Nobsin
Plateau-Central,Ganzourgou,Môgtédo,Rapadama V1
Plateau-Central,Ganzourgou,Môgtédo,Rapadama V2
Plateau-Central,Ganzourgou,Môgtédo,Rapadama V3
Plateau-Central,Ganzourgou,Môgtédo,Rapadama V4
Plateau-Central,Ganzourgou,Môgtédo,Rapadama V5
Plateau-Central,Ganzourgou,Môgtédo,Rapadama V7
Plateau-Central,Ganzourgou,Môgtédo,Rapadama V8
Plateau-Central,Ganzourgou,Môgtédo,Rapadama V9
Plateau-Central,Ganzourgou,Môgtédo,Toéssin
Plateau-Central,Ganzourgou,Saolgo,Boilghin
Plateau-Central,Ganzourgou,Saolgo,Filiba
Plateau-Central,Ganzourgou,Saolgo,Foulgo
Plateau-Central,Ganzourgou,Saolgo,Gnégnéogo
Plateau-Central,Ganzourgou,Saolgo,Koumséogo
Plateau-Central,Ganzourgou,Saolgo,Nonghin
Plateau-Central,Ganzourgou,Saolgo,Salogo
Plateau-Central,Ganzourgou,Saolgo,Sambtenga
Plateau-Central,Ganzourgou,Saolgo,Sankango
Plateau-Central,Ganzourgou,Saolgo,Tandaga
Plateau-Central,Ganzourgou,Saolgo,Tansablogo
Plateau-Central,Ganzourgou,Saolgo,Yamegtenga
Plateau-Central,Ganzourgou,Saolgo,Zamsé
Plateau-Central,Ganzourgou,Saolgo,Zomnogo
Plateau-Central,Ganzourgou,Saolgo,Zoétgomdé
Plateau-Central,Ganzourgou,Zam,Amdalaye
Plateau-Central,Ganzourgou,Zam,Boulgou
Plateau-Central,Ganzourgou,Zam,Damigoghin
Plateau-Central,Ganzourgou,Zam,Damongto
Plateau-Central,Ganzourgou,Zam,Dassimpouigo
Plateau-Central,Ganzourgou,Zam,Dawaka
Plateau-Central,Ganzourgou,Zam,Gandéongo
Plateau-Central,Ganzourgou,Zam,Ipala
Plateau-Central,Ganzourgou,Zam,Kieglesse
Plateau-Central,Ganzourgou,Zam,Komgnesse
Plateau-Central,Ganzourgou,Zam,Koratinga
Plateau-Central,Ganzourgou,Zam,Koratinga peulh
Plateau-Central,Ganzourgou,Zam,Kougri
Plateau-Central,Ganzourgou,Zam,Kroumweogo
Plateau-Central,Ganzourgou,Zam,Lallé
Plateau-Central,Ganzourgou,Zam,Nabmalgma
Plateau-Central,Ganzourgou,Zam,Nahoutinga
Plateau-Central,Ganzourgou,Zam,Nangbangdré
Plateau-Central,Ganzourgou,Zam,Pissi
Plateau-Central,Ganzourgou,Zam,Pousghin
Plateau-Central,Ganzourgou,Zam,Rapadama Peulh
Plateau-Central,Ganzourgou,Zam,Rapadama T
Plateau-Central,Ganzourgou,Zam,Sambtinga
Plateau-Central,Ganzourgou,Zam,Song-naaba
Plateau-Central,Ganzourgou,Zam,Talembika
Plateau-Central,Ganzourgou,Zam,Toghin
Plateau-Central,Ganzourgou,Zam,Toyoko
Plateau-Central,Ganzourgou,Zam,Waltinga
Plateau-Central,Ganzourgou,Zam,Wayen Rapadama
Plateau-Central,Ganzourgou,Zam,Wayen-Zam
Plateau-Central,Ganzourgou,Zam,Weotinga
Plateau-Central,Ganzourgou,Zam,Yagma
Plateau-Central,Ganzourgou,Zam,Yarghin
Plateau-Central,Ganzourgou,Zam,Yorgho
Plateau-Central,Ganzourgou,Zam,Zam
Plateau-Central,Ganzourgou,Zam,Zormogdo
Plateau-Central,Ganzourgou,Zoungou,Badnogo
Plateau-Central,Ganzourgou,Zoungou,Bissirin
Plateau-Central,Ganzourgou,Zoungou,Bitoungou
Plateau-Central,Ganzourgou,Zoungou,Dakaongo
Plateau-Central,Ganzourgou,Zoungou,Darsalam
Plateau-Central,Ganzourgou,Zoungou,Gandaogo (Bissirin)
Plateau-Central,Ganzourgou,Zoungou,Goantinga
Plateau-Central,Ganzourgou,Zoungou,Goghin
Plateau-Central,Ganzourgou,Zoungou,Kuilkanda
Plateau-Central,Ganzourgou,Zoungou,Kuilmasga
Plateau-Central,Ganzourgou,Zoungou,Nobtenga
Plateau-Central,Ganzourgou,Zoungou,Ouavoussé
Plateau-Central,Ganzourgou,Zoungou,Paspanga
Plateau-Central,Ganzourgou,Zoungou,Ramatoulaye
Plateau-Central,Ganzourgou,Zoungou,Silmiougou
Plateau-Central,Ganzourgou,Zoungou,Tameswéoghin
Plateau-Central,Ganzourgou,Zoungou,Tamidou
Plateau-Central,Ganzourgou,Zoungou,Tanghin
Plateau-Central,Ganzourgou,Zoungou,Tansèga
Plateau-Central,Ganzourgou,Zoungou,Taonsghin
Plateau-Central,Ganzourgou,Zoungou,Toéssin
Plateau-Central,Ganzourgou,Zoungou,Waada
Plateau-Central,Ganzourgou,Zoungou,Wemyaoghin
Plateau-Central,Ganzourgou,Zoungou,Yamganghin
Plateau-Central,Ganzourgou,Zoungou,Zantonré
Plateau-Central,Ganzourgou,Zoungou,Zorbimba
Plateau-Central,Ganzourgou,Zoungou,Zoungou
Plateau-Central,Ganzourgou,Zôrgho,Bangbily
Plateau-Central,Ganzourgou,Zôrgho,Bissiga
Plateau-Central,Ganzourgou,Zôrgho,Bockin-Koudgo
Plateau-Central,Ganzourgou,Zôrgho,Bougré
Plateau-Central,Ganzourgou,Zôrgho,Dabèga
Plateau-Central,Ganzourgou,Zôrgho,Daguintoéga
Plateau-Central,Ganzourgou,Zôrgho,Digré
Plateau-Central,Ganzourgou,Zôrgho,Douré
Plateau-Central,Ganzourgou,Zôrgho,Gonkin
Plateau-Central,Ganzourgou,Zôrgho,Imiga
Plateau-Central,Ganzourgou,Zôrgho,Kidiba
Plateau-Central,Ganzourgou,Zôrgho,Kologuessom
Plateau-Central,Ganzourgou,Zôrgho,Koubéogo
Plateau-Central,Ganzourgou,Zôrgho,Kourgou
Plateau-Central,Ganzourgou,Zôrgho,Nabitenga
Plateau-Central,Ganzourgou,Zôrgho,Sapaga
Plateau-Central,Ganzourgou,Zôrgho,Sapaga-Peulh
Plateau-Central,Ganzourgou,Zôrgho,Songdin
Plateau-Central,Ganzourgou,Zôrgho,Souka
Plateau-Central,Ganzourgou,Zôrgho,Taga
Plateau-Central,Ganzourgou,Zôrgho,Tamasgo
Plateau-Central,Ganzourgou,Zôrgho,Tamassa
Plateau-Central,Ganzourgou,Zôrgho,Tamidou
Plateau-Central,Ganzourgou,Zôrgho,Tampelcé
Plateau-Central,Ganzourgou,Zôrgho,Tintogo (Tintog-Nabinga)
Plateau-Central,Ganzourgou,Zôrgho,Tintogo-Nabitinga
Plateau-Central,Ganzourgou,Zôrgho,Torodo
Plateau-Central,Ganzourgou,Zôrgho,Tuiré
Plateau-Central,Ganzourgou,Zôrgho,Tuiré-Peulh
Plateau-Central,Ganzourgou,Zôrgho,Yougoulmandé
Plateau-Central,Ganzourgou,Zôrgho,Zaïnga
Plateau-Central,Ganzourgou,Zôrgho,Zempassogo
Plateau-Central,Ganzourgou,Zôrgho,Zinado
Plateau-Central,Ganzourgou,Zôrgho,Zinguédéga
Plateau-Central,Ganzourgou,Zôrgho,Zorgho
Plateau-Central,Kourwéogo,Boussé,Baken
Plateau-Central,Kourwéogo,Boussé,Boussé
Plateau-Central,Kourwéogo,Boussé,Boutou
Plateau-Central,Kourwéogo,Boussé,Dapoya
Plateau-Central,Kourwéogo,Boussé,Dintigué
Plateau-Central,Kourwéogo,Boussé,Figla
Plateau-Central,Kourwéogo,Boussé,Fingala
Plateau-Central,Kourwéogo,Boussé,Gasma
Plateau-Central,Kourwéogo,Boussé,Goala
Plateau-Central,Kourwéogo,Boussé,Golmidou
Plateau-Central,Kourwéogo,Boussé,Goundrin
Plateau-Central,Kourwéogo,Boussé,Guesna
Plateau-Central,Kourwéogo,Boussé,Ipala
Plateau-Central,Kourwéogo,Boussé,Kaonghin
Plateau-Central,Kourwéogo,Boussé,Kiedpalogo
Plateau-Central,Kourwéogo,Boussé,Kikilma
Plateau-Central,Kourwéogo,Boussé,Kinana
Plateau-Central,Kourwéogo,Boussé,Koui
Plateau-Central,Kourwéogo,Boussé,Kourian
Plateau-Central,Kourwéogo,Boussé,Laogo
Plateau-Central,Kourwéogo,Boussé,Likinkelsé
Plateau-Central,Kourwéogo,Boussé,Sandogo
Plateau-Central,Kourwéogo,Boussé,Sao
Plateau-Central,Kourwéogo,Boussé,Sargla
Plateau-Central,Kourwéogo,Boussé,Silmiougou
Plateau-Central,Kourwéogo,Boussé,Sébéren
Plateau-Central,Kourwéogo,Boussé,Tampoui
Plateau-Central,Kourwéogo,Boussé,Tanlilli
Plateau-Central,Kourwéogo,Boussé,Tanséga
Plateau-Central,Kourwéogo,Boussé,Yargo
Plateau-Central,Kourwéogo,Laye,Barama
Plateau-Central,Kourwéogo,Laye,Boulala
Plateau-Central,Kourwéogo,Laye,Gantin
Plateau-Central,Kourwéogo,Laye,Gantogodo
Plateau-Central,Kourwéogo,Laye,Laye
Plateau-Central,Kourwéogo,Laye,Laye yarcé
Plateau-Central,Kourwéogo,Laye,Sapeo
Plateau-Central,Kourwéogo,Laye,Sondre
Plateau-Central,Kourwéogo,Laye,Wanonghin
Plateau-Central,Kourwéogo,Laye,Yactenga
Plateau-Central,Kourwéogo,Niou,Belé
Plateau-Central,Kourwéogo,Niou,Bokin
Plateau-Central,Kourwéogo,Niou,Boulpéla
Plateau-Central,Kourwéogo,Niou,Garga
Plateau-Central,Kourwéogo,Niou,Gasgo
Plateau-Central,Kourwéogo,Niou,Goabga
Plateau-Central,Kourwéogo,Niou,Kouka
Plateau-Central,Kourwéogo,Niou,Koukin
Plateau-Central,Kourwéogo,Niou,Lourboken
Plateau-Central,Kourwéogo,Niou,Masséré
Plateau-Central,Kourwéogo,Niou,Mouni
Plateau-Central,Kourwéogo,Niou,Nabzinigma
Plateau-Central,Kourwéogo,Niou,Napalgué
Plateau-Central,Kourwéogo,Niou,Niapa
Plateau-Central,Kourwéogo,Niou,Niou
Plateau-Central,Kourwéogo,Niou,Niou Natenga
Plateau-Central,Kourwéogo,Niou,Niou-yarcé
Plateau-Central,Kourwéogo,Niou,Rana
Plateau-Central,Kourwéogo,Niou,Raongo
Plateau-Central,Kourwéogo,Niou,Rasimpouiguen
Plateau-Central,Kourwéogo,Niou,Roundé
Plateau-Central,Kourwéogo,Niou,Saben
Plateau-Central,Kourwéogo,Niou,Sakouli
Plateau-Central,Kourwéogo,Niou,Sondogtenga
Plateau-Central,Kourwéogo,Niou,Sourou
Plateau-Central,Kourwéogo,Niou,Tamsé
Plateau-Central,Kourwéogo,Niou,Tanghin
Plateau-Central,Kourwéogo,Niou,Tangseghin
Plateau-Central,Kourwéogo,Niou,Taon
Plateau-Central,Kourwéogo,Niou,Tio
Plateau-Central,Kourwéogo,Niou,Wa
Plateau-Central,Kourwéogo,Niou,Zeguedoghin
Plateau-Central,Kourwéogo,Sourgoubila,Bagayiri
Plateau-Central,Kourwéogo,Sourgoubila,Bangassompissen
Plateau-Central,Kourwéogo,Sourgoubila,Bantogdo
Plateau-Central,Kourwéogo,Sourgoubila,Barouli
Plateau-Central,Kourwéogo,Sourgoubila,Bouanga
Plateau-Central,Kourwéogo,Sourgoubila,Damsi
Plateau-Central,Kourwéogo,Sourgoubila,Diguila
Plateau-Central,Kourwéogo,Sourgoubila,Gonsin
Plateau-Central,Kourwéogo,Sourgoubila,Guela
Plateau-Central,Kourwéogo,Sourgoubila,Koala
Plateau-Central,Kourwéogo,Sourgoubila,Koukin
Plateau-Central,Kourwéogo,Sourgoubila,Lao
Plateau-Central,Kourwéogo,Sourgoubila,Manefyam
Plateau-Central,Kourwéogo,Sourgoubila,Méko
Plateau-Central,Kourwéogo,Sourgoubila,Nakamtenga
Plateau-Central,Kourwéogo,Sourgoubila,Pourgo
Plateau-Central,Kourwéogo,Sourgoubila,Salsé
Plateau-Central,Kourwéogo,Sourgoubila,Sandogo
Plateau-Central,Kourwéogo,Sourgoubila,Sanon
Plateau-Central,Kourwéogo,Sourgoubila,Silgo
Plateau-Central,Kourwéogo,Sourgoubila,Song-Naba
Plateau-Central,Kourwéogo,Sourgoubila,Sourgou
Plateau-Central,Kourwéogo,Sourgoubila,Sourgoubila
Plateau-Central,Kourwéogo,Sourgoubila,Taonsogo
Plateau-Central,Kourwéogo,Sourgoubila,Tensobongo
Plateau-Central,Kourwéogo,Sourgoubila,Zoundri
Plateau-Central,Kourwéogo,Toèguen,Bendogo
Plateau-Central,Kourwéogo,Toèguen,Doanghin
Plateau-Central,Kourwéogo,Toèguen,Douré
Plateau-Central,Kourwéogo,Toèguen,Gogsé
Plateau-Central,Kourwéogo,Toèguen,Goudrin
Plateau-Central,Kourwéogo,Toèguen,Gourpila
Plateau-Central,Kourwéogo,Toèguen,Guella
Plateau-Central,Kourwéogo,Toèguen,Imkouka
Plateau-Central,Kourwéogo,Toèguen,Kangré
Plateau-Central,Kourwéogo,Toèguen,Kolokom
Plateau-Central,Kourwéogo,Toèguen,Lipa
Plateau-Central,Kourwéogo,Toèguen,Listenga
Plateau-Central,Kourwéogo,Toèguen,Moetenga
Plateau-Central,Kourwéogo,Toèguen,Nahartenga
Plateau-Central,Kourwéogo,Toèguen,Ouidtenga
Plateau-Central,Kourwéogo,Toèguen,Sandogo
Plateau-Central,Kourwéogo,Toèguen,Sotenga
Plateau-Central,Kourwéogo,Toèguen,Tamporé
Plateau-Central,Kourwéogo,Toèguen,Tanghin
Plateau-Central,Kourwéogo,Toèguen,Toussougtenga
Plateau-Central,Kourwéogo,Toèguen,Toéghin
Plateau-Central,Kourwéogo,Toèguen,Youbga
Plateau-Central,Kourwéogo,Toèguen,Zeguedeghin
Plateau-Central,Kourwéogo,Toèguen,Zipelin
Plateau-Central,Oubritenga,Ambsouya,Absouya
Plateau-Central,Oubritenga,Ambsouya,Bargo
Plateau-Central,Oubritenga,Ambsouya,Batenga
Plateau-Central,Oubritenga,Ambsouya,Bendogo
Plateau-Central,Oubritenga,Ambsouya,"Bilogtenga (Nayampousgo, Songdin)"
Plateau-Central,Oubritenga,Ambsouya,Danaogo
Plateau-Central,Oubritenga,Ambsouya,Gounghin
Plateau-Central,Oubritenga,Ambsouya,Largo
Plateau-Central,Oubritenga,Ambsouya,Moanéga
Plateau-Central,Oubritenga,Ambsouya,Mockin
Plateau-Central,Oubritenga,Ambsouya,Nabdoghin
Plateau-Central,Oubritenga,Ambsouya,Nayamponsgo
Plateau-Central,Oubritenga,Ambsouya,Nioniogo
Plateau-Central,Oubritenga,Ambsouya,Sattin
Plateau-Central,Oubritenga,Ambsouya,Siguinvoussé
Plateau-Central,Oubritenga,Ambsouya,Siny
Plateau-Central,Oubritenga,Ambsouya,Songdin
Plateau-Central,Oubritenga,Ambsouya,Tambizinsé
Plateau-Central,Oubritenga,Ambsouya,Tampaongo
Plateau-Central,Oubritenga,Ambsouya,Yipala
Plateau-Central,Oubritenga,Dapeolgo,Cissé-yarcé
Plateau-Central,Oubritenga,Dapeolgo,Dapelgo
Plateau-Central,Oubritenga,Dapeolgo,Gademtenga
Plateau-Central,Oubritenga,Dapeolgo,Gamstenga
Plateau-Central,Oubritenga,Dapeolgo,Garpéné
Plateau-Central,Oubritenga,Dapeolgo,Goden
Plateau-Central,Oubritenga,Dapeolgo,Gonsen
Plateau-Central,Oubritenga,Dapeolgo,Guiè
Plateau-Central,Oubritenga,Dapeolgo,Korom
Plateau-Central,Oubritenga,Dapeolgo,Koudougou
Plateau-Central,Oubritenga,Dapeolgo,Kouila
Plateau-Central,Oubritenga,Dapeolgo,Manessa
Plateau-Central,Oubritenga,Dapeolgo,Nabi-yiri
Plateau-Central,Oubritenga,Dapeolgo,Napalgué
Plateau-Central,Oubritenga,Dapeolgo,Nayambsé
Plateau-Central,Oubritenga,Dapeolgo,Niandeghin
Plateau-Central,Oubritenga,Dapeolgo,Nioniogo
Plateau-Central,Oubritenga,Dapeolgo,Ouamzong-Yiri
Plateau-Central,Oubritenga,Dapeolgo,Pagatenga
Plateau-Central,Oubritenga,Dapeolgo,Pighin
Plateau-Central,Oubritenga,Dapeolgo,Poédogo
Plateau-Central,Oubritenga,Dapeolgo,Soglozi
Plateau-Central,Oubritenga,Dapeolgo,Somnawaye
Plateau-Central,Oubritenga,Dapeolgo,Souka
Plateau-Central,Oubritenga,Dapeolgo,Tampelga
Plateau-Central,Oubritenga,Dapeolgo,Tamporain
Plateau-Central,Oubritenga,Dapeolgo,Tanghin Niangeghin
Plateau-Central,Oubritenga,Dapeolgo,Tangséga
Plateau-Central,Oubritenga,Dapeolgo,Tanguiga
Plateau-Central,Oubritenga,Dapeolgo,Tanlalé
Plateau-Central,Oubritenga,Dapeolgo,Tanlilli
Plateau-Central,Oubritenga,Dapeolgo,Tigem Koamba
Plateau-Central,Oubritenga,Dapeolgo,Towoko
Plateau-Central,Oubritenga,Dapeolgo,Voaga
Plateau-Central,Oubritenga,Dapeolgo,Youm-yiri
Plateau-Central,Oubritenga,Dapeolgo,Zakouré
Plateau-Central,Oubritenga,Loumbila,Bagyiri
Plateau-Central,Oubritenga,Loumbila,Bangrin
Plateau-Central,Oubritenga,Loumbila,Barogo
Plateau-Central,Oubritenga,Loumbila,Bendogo
Plateau-Central,Oubritenga,Loumbila,Daguilma
Plateau-Central,Oubritenga,Loumbila,Dogomnogo
Plateau-Central,Oubritenga,Loumbila,Donsin
Plateau-Central,Oubritenga,Loumbila,Gandin
Plateau-Central,Oubritenga,Loumbila,Goundry
Plateau-Central,Oubritenga,Loumbila,Goué
Plateau-Central,Oubritenga,Loumbila,Ipala
Plateau-Central,Oubritenga,Loumbila,Kogninga
Plateau-Central,Oubritenga,Loumbila,Koulsinga
Plateau-Central,Oubritenga,Loumbila,Kouriyaoghin
Plateau-Central,Oubritenga,Loumbila,Loumbila
Plateau-Central,Oubritenga,Loumbila,Nabdogo
Plateau-Central,Oubritenga,Loumbila,Nakomtenga
Plateau-Central,Oubritenga,Loumbila,Nangtenga
Plateau-Central,Oubritenga,Loumbila,Nomgana
Plateau-Central,Oubritenga,Loumbila,Nonguestenga
Plateau-Central,Oubritenga,Loumbila,Nongwousgo
Plateau-Central,Oubritenga,Loumbila,Noungou
Plateau-Central,Oubritenga,Loumbila,Ouemtenga
Plateau-Central,Oubritenga,Loumbila,Pendissi
Plateau-Central,Oubritenga,Loumbila,Pendogo
Plateau-Central,Oubritenga,Loumbila,Pousghin
Plateau-Central,Oubritenga,Loumbila,Poédogo 1 (Ouemtenga)
Plateau-Central,Oubritenga,Loumbila,Poédogo 2
Plateau-Central,Oubritenga,Loumbila,Ramitenga
Plateau-Central,Oubritenga,Loumbila,Silmiougou
Plateau-Central,Oubritenga,Loumbila,Tabtenga
Plateau-Central,Oubritenga,Loumbila,Tangzougou
Plateau-Central,Oubritenga,Loumbila,Tangzougou-Yipalin
Plateau-Central,Oubritenga,Loumbila,Tanlaorgo
Plateau-Central,Oubritenga,Loumbila,Wavoussé
Plateau-Central,Oubritenga,Loumbila,Zongo
Plateau-Central,Oubritenga,Nagréongo,Baadnogo
Plateau-Central,Oubritenga,Nagréongo,Gondogo
Plateau-Central,Oubritenga,Nagréongo,Kolokom
Plateau-Central,Oubritenga,Nagréongo,Laongo-Touré
Plateau-Central,Oubritenga,Nagréongo,Linoghin
Plateau-Central,Oubritenga,Nagréongo,Malgrétenga
Plateau-Central,Oubritenga,Nagréongo,Nagréongo
Plateau-Central,Oubritenga,Nagréongo,Nagréongokodogo
Plateau-Central,Oubritenga,Nagréongo,Nahartenga
Plateau-Central,Oubritenga,Nagréongo,Napamboumbou
Plateau-Central,Oubritenga,Nagréongo,Pengdwendé
Plateau-Central,Oubritenga,Nagréongo,Sarogo
Plateau-Central,Oubritenga,Nagréongo,Satté
Plateau-Central,Oubritenga,Nagréongo,Signoghin
Plateau-Central,Oubritenga,Nagréongo,Tamanéga
Plateau-Central,Oubritenga,Nagréongo,Tanghin
Plateau-Central,Oubritenga,Nagréongo,Tanvoussé
Plateau-Central,Oubritenga,Nagréongo,Toghin-bangré
Plateau-Central,Oubritenga,Nagréongo,Watinooma
Plateau-Central,Oubritenga,Nagréongo,Wavoussé
Plateau-Central,Oubritenga,Nagréongo,Yaargo
Plateau-Central,Oubritenga,Nagréongo,Youtenga
Plateau-Central,Oubritenga,Ourgou-Manéga,Bissighin
Plateau-Central,Oubritenga,Ourgou-Manéga,Bobou
Plateau-Central,Oubritenga,Ourgou-Manéga,Bouktenga
Plateau-Central,Oubritenga,Ourgou-Manéga,Boulporé
Plateau-Central,Oubritenga,Ourgou-Manéga,Faaga
Plateau-Central,Oubritenga,Ourgou-Manéga,Guemsaongo
Plateau-Central,Oubritenga,Ourgou-Manéga,Koukébako
Plateau-Central,Oubritenga,Ourgou-Manéga,Lindi
Plateau-Central,Oubritenga,Ourgou-Manéga,Linédi
Plateau-Central,Oubritenga,Ourgou-Manéga,Loyargo
Plateau-Central,Oubritenga,Ourgou-Manéga,Manéga
Plateau-Central,Oubritenga,Ourgou-Manéga,Namassa
Plateau-Central,Oubritenga,Ourgou-Manéga,Nounkodogo
Plateau-Central,Oubritenga,Ourgou-Manéga,Ourgou-Manéga
Plateau-Central,Oubritenga,Ourgou-Manéga,Poédogo
Plateau-Central,Oubritenga,Ourgou-Manéga,Romissi
Plateau-Central,Oubritenga,Ourgou-Manéga,Samissi
Plateau-Central,Oubritenga,Ourgou-Manéga,Sanbsin
Plateau-Central,Oubritenga,Ourgou-Manéga,Sanbsin-Peulh
Plateau-Central,Oubritenga,Ourgou-Manéga,Sidogo
Plateau-Central,Oubritenga,Ourgou-Manéga,Somdamessom
Plateau-Central,Oubritenga,Ourgou-Manéga,Somdé
Plateau-Central,Oubritenga,Ourgou-Manéga,Sommassi
Plateau-Central,Oubritenga,Ourgou-Manéga,Tambogo
Plateau-Central,Oubritenga,Ourgou-Manéga,Tanghin-Manéga
Plateau-Central,Oubritenga,Ourgou-Manéga,Tiguimtenga
Plateau-Central,Oubritenga,Ourgou-Manéga,Toubré
Plateau-Central,Oubritenga,Ourgou-Manéga,Wazelé
Plateau-Central,Oubritenga,Ourgou-Manéga,Yobitenga
Plateau-Central,Oubritenga,Ourgou-Manéga,Zoundi
Plateau-Central,Oubritenga,Ziniaré,Badnogo
Plateau-Central,Oubritenga,Ziniaré,Bagadogo
Plateau-Central,Oubritenga,Ziniaré,Barkoudouba
Plateau-Central,Oubritenga,Ziniaré,Barkuitenga
Plateau-Central,Oubritenga,Ziniaré,Basbedo
Plateau-Central,Oubritenga,Ziniaré,Basmiam
Plateau-Central,Oubritenga,Ziniaré,Betta
Plateau-Central,Oubritenga,Ziniaré,Bissiga Peulh
Plateau-Central,Oubritenga,Ziniaré,Boalin
Plateau-Central,Oubritenga,Ziniaré,Boulba
Plateau-Central,Oubritenga,Ziniaré,Bouli
Plateau-Central,Oubritenga,Ziniaré,Dabozougui
Plateau-Central,Oubritenga,Ziniaré,Datagma
Plateau-Central,Oubritenga,Ziniaré,Dopané
Plateau-Central,Oubritenga,Ziniaré,Douré
Plateau-Central,Oubritenga,Ziniaré,Gam-Silimimossé
Plateau-Central,Oubritenga,Ziniaré,Gaskaye
Plateau-Central,Oubritenga,Ziniaré,Gombogo
Plateau-Central,Oubritenga,Ziniaré,Gombogo-Peulh
Plateau-Central,Oubritenga,Ziniaré,Gondogo
Plateau-Central,Oubritenga,Ziniaré,Gondogo Tandaaga
Plateau-Central,Oubritenga,Ziniaré,Gonsé
Plateau-Central,Oubritenga,Ziniaré,Goulgo
Plateau-Central,Oubritenga,Ziniaré,Guilongou
Plateau-Central,Oubritenga,Ziniaré,Ipala
Plateau-Central,Oubritenga,Ziniaré,Kartenga
Plateau-Central,Oubritenga,Ziniaré,Koada-Yarcé
Plateau-Central,Oubritenga,Ziniaré,Koassanga
Plateau-Central,Oubritenga,Ziniaré,Koassanga (Nab-Bingma)
Plateau-Central,Oubritenga,Ziniaré,Kolgondiessé
Plateau-Central,Oubritenga,Ziniaré,Kolonkom
Plateau-Central,Oubritenga,Ziniaré,Kouila Znr
Plateau-Central,Oubritenga,Ziniaré,Koulgando-Peulh
Plateau-Central,Oubritenga,Ziniaré,Koulgandogo
Plateau-Central,Oubritenga,Ziniaré,Ladwenda
Plateau-Central,Oubritenga,Ziniaré,Laongo
Plateau-Central,Oubritenga,Ziniaré,Laongo-yanga
Plateau-Central,Oubritenga,Ziniaré,Matté
Plateau-Central,Oubritenga,Ziniaré,Moutti
Plateau-Central,Oubritenga,Ziniaré,Moyargo
Plateau-Central,Oubritenga,Ziniaré,Nabinbingma
Plateau-Central,Oubritenga,Ziniaré,Nabitenga
Plateau-Central,Oubritenga,Ziniaré,Nakamtenga 1
Plateau-Central,Oubritenga,Ziniaré,Nakamtenga 2
Plateau-Central,Oubritenga,Ziniaré,Namassa
Plateau-Central,Oubritenga,Ziniaré,Napamboubou-saabin
Plateau-Central,Oubritenga,Ziniaré,Ouagatenga
Plateau-Central,Oubritenga,Ziniaré,Oubri-Yaoghin
Plateau-Central,Oubritenga,Ziniaré,Pilaga peulh
Plateau-Central,Oubritenga,Ziniaré,Poussougziga
Plateau-Central,Oubritenga,Ziniaré,Rassempoughin
Plateau-Central,Oubritenga,Ziniaré,Sawana
Plateau-Central,Oubritenga,Ziniaré,Songpélcé
Plateau-Central,Oubritenga,Ziniaré,Soulgo
Plateau-Central,Oubritenga,Ziniaré,Tamassa
Plateau-Central,Oubritenga,Ziniaré,Tambogo Peulh
Plateau-Central,Oubritenga,Ziniaré,Tamissi
Plateau-Central,Oubritenga,Ziniaré,Tampougtenga
Plateau-Central,Oubritenga,Ziniaré,Tanghin
Plateau-Central,Oubritenga,Ziniaré,Tanghin Goudry
Plateau-Central,Oubritenga,Ziniaré,Tanghin-Gombogo
Plateau-Central,Oubritenga,Ziniaré,Tanguen
Plateau-Central,Oubritenga,Ziniaré,Tanpoko Peulh
Plateau-Central,Oubritenga,Ziniaré,Taonsgo
Plateau-Central,Oubritenga,Ziniaré,Tibin
Plateau-Central,Oubritenga,Ziniaré,Toukin
Plateau-Central,Oubritenga,Ziniaré,Toumba
Plateau-Central,Oubritenga,Ziniaré,Zangbéga
Plateau-Central,Oubritenga,Ziniaré,Ziga
Plateau-Central,Oubritenga,Ziniaré,Ziniaré
Plateau-Central,Oubritenga,Ziniaré,Zéguédéssen
Plateau-Central,Oubritenga,Zitenga,Andem
Plateau-Central,Oubritenga,Zitenga,Bagtenga
Plateau-Central,Oubritenga,Zitenga,Banguinssom
Plateau-Central,Oubritenga,Zitenga,Barkoundouba-Mossi
Plateau-Central,Oubritenga,Zitenga,Bendogo
Plateau-Central,Oubritenga,Zitenga,Bissiga-Mossi
Plateau-Central,Oubritenga,Zitenga,Bissiga-Yarcé
Plateau-Central,Oubritenga,Zitenga,Boalla
Plateau-Central,Oubritenga,Zitenga,Dayagretenga
Plateau-Central,Oubritenga,Zitenga,Dimianema
Plateau-Central,Oubritenga,Zitenga,Itaoré
Plateau-Central,Oubritenga,Zitenga,Kankalgin
Plateau-Central,Oubritenga,Zitenga,Kogmasgo
Plateau-Central,Oubritenga,Zitenga,Kolgdiessé
Plateau-Central,Oubritenga,Zitenga,Kologkom
Plateau-Central,Oubritenga,Zitenga,Komnogo
Plateau-Central,Oubritenga,Zitenga,Lallé
Plateau-Central,Oubritenga,Zitenga,Leléxé
Plateau-Central,Oubritenga,Zitenga,Lemnogo
Plateau-Central,Oubritenga,Zitenga,Nagtaoli
Plateau-Central,Oubritenga,Zitenga,Nambéguian
Plateau-Central,Oubritenga,Zitenga,Nioniokodogo Mossi
Plateau-Central,Oubritenga,Zitenga,Nioniokodogo peulh
Plateau-Central,Oubritenga,Zitenga,Nioniopalogo
Plateau-Central,Oubritenga,Zitenga,Nonghin
Plateau-Central,Oubritenga,Zitenga,Ouatinoma
Plateau-Central,Oubritenga,Zitenga,Ouogo
Plateau-Central,Oubritenga,Zitenga,Pedemtenga
Plateau-Central,Oubritenga,Zitenga,Poédogo
Plateau-Central,Oubritenga,Zitenga,Sadaba
Plateau-Central,Oubritenga,Zitenga,Samtenga
Plateau-Central,Oubritenga,Zitenga,Souka
Plateau-Central,Oubritenga,Zitenga,Tamasgo
Plateau-Central,Oubritenga,Zitenga,Tampanga
Plateau-Central,Oubritenga,Zitenga,Tampelga
Plateau-Central,Oubritenga,Zitenga,Tampouy-Silmimossé
Plateau-Central,Oubritenga,Zitenga,Tampouy-Yarcé
Plateau-Central,Oubritenga,Zitenga,Tanghin
Plateau-Central,Oubritenga,Zitenga,Tanghin Kossodo peulh
Plateau-Central,Oubritenga,Zitenga,Tangzougou
Plateau-Central,Oubritenga,Zitenga,Tankounga
Plateau-Central,Oubritenga,Zitenga,Tanlili
Plateau-Central,Oubritenga,Zitenga,Tiba
Plateau-Central,Oubritenga,Zitenga,Toanda
Plateau-Central,Oubritenga,Zitenga,Toessin
Plateau-Central,Oubritenga,Zitenga,Yamana
Plateau-Central,Oubritenga,Zitenga,Yanga
Plateau-Central,Oubritenga,Zitenga,Yargo
Plateau-Central,Oubritenga,Zitenga,Zakin
Plateau-Central,Oubritenga,Zitenga,Zitenga
Plateau-Central,Oubritenga,Zitenga,Zéguédéguin
Sahel,Oudalan,Déou,Ayagorou
Sahel,Oudalan,Déou,Bamguèl Day
Sahel,Oudalan,Déou,Boguèl Kara
Sahel,Oudalan,Déou,Boukessi
Sahel,Oudalan,Déou,Boula-Est
Sahel,Oudalan,Déou,Bélédiam
Sahel,Oudalan,Déou,Dibissi
Sahel,Oudalan,Déou,Djayel
Sahel,Oudalan,Déou,Débéré Boulga
Sahel,Oudalan,Déou,Déou
Sahel,Oudalan,Déou,Férério
Sahel,Oudalan,Déou,Gandafabou-Guelgobé
Sahel,Oudalan,Déou,Gandafabou-Kelwélé
Sahel,Oudalan,Déou,Gargassa
Sahel,Oudalan,Déou,Gorol Bourlé
Sahel,Oudalan,Déou,Gountawola
Sahel,Oudalan,Déou,Gountouré-Gnégné
Sahel,Oudalan,Déou,Gountouré-Kiri
Sahel,Oudalan,Déou,In Guitan
Sahel,Oudalan,Déou,Kitagou
Sahel,Oudalan,Déou,Lilay Baké
Sahel,Oudalan,Déou,Péou Pamarèl
Sahel,Oudalan,Déou,Saba
Sahel,Oudalan,Déou,Souringo
Sahel,Oudalan,Déou,Taga Sougo (Saba Kolangal)
Sahel,Oudalan,Déou,Taltalol
Sahel,Oudalan,Déou,Tamadjilili
Sahel,Oudalan,Déou,Tchadi
Sahel,Oudalan,Déou,Tikirkare
Sahel,Oudalan,Déou,Tiofa
Sahel,Oudalan,Déou,Tountré-Poli
Sahel,Oudalan,Déou,Tépaldi
Sahel,Oudalan,Déou,Windé Waté
Sahel,Oudalan,Gorom-Gorom,Adiarey-Diarey
Sahel,Oudalan,Gorom-Gorom,Agora
Sahel,Oudalan,Gorom-Gorom,Alliakoum
Sahel,Oudalan,Gorom-Gorom,Arréel
Sahel,Oudalan,Gorom-Gorom,Asidim
Sahel,Oudalan,Gorom-Gorom,Assinga 1 (Willabé)
Sahel,Oudalan,Gorom-Gorom,Assinga 2 (Bellah)
Sahel,Oudalan,Gorom-Gorom,Bagawa
Sahel,Oudalan,Gorom-Gorom,Balliata
Sahel,Oudalan,Gorom-Gorom,Beiga
Sahel,Oudalan,Gorom-Gorom,Belel-Séno
Sahel,Oudalan,Gorom-Gorom,Bellagaoudi
Sahel,Oudalan,Gorom-Gorom,Bidy 1
Sahel,Oudalan,Gorom-Gorom,Bidy 2
Sahel,Oudalan,Gorom-Gorom,Bossey-Etage
Sahel,Oudalan,Gorom-Gorom,Bosseye-Barabé
Sahel,Oudalan,Gorom-Gorom,Bosseye-Dogabé
Sahel,Oudalan,Gorom-Gorom,Boukari
Sahel,Oudalan,Gorom-Gorom,Boundou-Woudoundou
Sahel,Oudalan,Gorom-Gorom,Charam-Charam
Sahel,Oudalan,Gorom-Gorom,Dambouguel
Sahel,Oudalan,Gorom-Gorom,Darga
Sahel,Oudalan,Gorom-Gorom,Darkoye
Sahel,Oudalan,Gorom-Gorom,Dengandé
Sahel,Oudalan,Gorom-Gorom,Djaoutel
Sahel,Oudalan,Gorom-Gorom,Djidé N’Darga
Sahel,Oudalan,Gorom-Gorom,Djiéguérinto
Sahel,Oudalan,Gorom-Gorom,Doumam
Sahel,Oudalan,Gorom-Gorom,Débentia
Sahel,Oudalan,Gorom-Gorom,Débèl Nagué
Sahel,Oudalan,Gorom-Gorom,Débéré-Doumam
Sahel,Oudalan,Gorom-Gorom,Débéré-Ling
Sahel,Oudalan,Gorom-Gorom,Déibéri
Sahel,Oudalan,Gorom-Gorom,Déibéré-Nangué
Sahel,Oudalan,Gorom-Gorom,Essakane Site
Sahel,Oudalan,Gorom-Gorom,Essakane village
Sahel,Oudalan,Gorom-Gorom,Fourkoussou
Sahel,Oudalan,Gorom-Gorom,Férel
Sahel,Oudalan,Gorom-Gorom,Féterdé
Sahel,Oudalan,Gorom-Gorom,Féto Nouri
Sahel,Oudalan,Gorom-Gorom,Gagara 1
Sahel,Oudalan,Gorom-Gorom,Gagara 2
Sahel,Oudalan,Gorom-Gorom,Gangani
Sahel,Oudalan,Gorom-Gorom,Gaïgou
Sahel,Oudalan,Gorom-Gorom,Gorom-Gorom
Sahel,Oudalan,Gorom-Gorom,Goseye 2
Sahel,Oudalan,Gorom-Gorom,Goseye-Site
Sahel,Oudalan,Gorom-Gorom,Goseye-Village
Sahel,Oudalan,Gorom-Gorom,Goulgoutou Kelchatmane
Sahel,Oudalan,Gorom-Gorom,Gountouré
Sahel,Oudalan,Gorom-Gorom,Guesse 1
Sahel,Oudalan,Gorom-Gorom,Intara
Sahel,Oudalan,Gorom-Gorom,Kel-Eguief
Sahel,Oudalan,Gorom-Gorom,Keldaouri
Sahel,Oudalan,Gorom-Gorom,Kelfourwane
Sahel,Oudalan,Gorom-Gorom,Kelgayane
Sahel,Oudalan,Gorom-Gorom,Keltahont
Sahel,Oudalan,Gorom-Gorom,Kiro-Hari
Sahel,Oudalan,Gorom-Gorom,Komé
Sahel,Oudalan,Gorom-Gorom,Koritigui
Sahel,Oudalan,Gorom-Gorom,Korizéna
Sahel,Oudalan,Gorom-Gorom,Koumé
Sahel,Oudalan,Gorom-Gorom,Ley-Séno
Sahel,Oudalan,Gorom-Gorom,Lillingo
Sahel,Oudalan,Gorom-Gorom,Longuitiguel
Sahel,Oudalan,Gorom-Gorom,Léré-M’Bardi
Sahel,Oudalan,Gorom-Gorom,Mamasi
Sahel,Oudalan,Gorom-Gorom,Maméssi
Sahel,Oudalan,Gorom-Gorom,Ménégou 1
Sahel,Oudalan,Gorom-Gorom,Ménégou 2
Sahel,Oudalan,Gorom-Gorom,Naoula
Sahel,Oudalan,Gorom-Gorom,N’Guidoye
Sahel,Oudalan,Gorom-Gorom,Ounarè
Sahel,Oudalan,Gorom-Gorom,Ourfou-Belel
Sahel,Oudalan,Gorom-Gorom,Ouro-Hesso
Sahel,Oudalan,Gorom-Gorom,Potoye Beiga
Sahel,Oudalan,Gorom-Gorom,Pwiga
Sahel,Oudalan,Gorom-Gorom,Pétabarabé
Sahel,Oudalan,Gorom-Gorom,Pétabouli
Sahel,Oudalan,Gorom-Gorom,Pétaldaye
Sahel,Oudalan,Gorom-Gorom,Pétanouri
Sahel,Oudalan,Gorom-Gorom,Pétoye
Sahel,Oudalan,Gorom-Gorom,Saouga
Sahel,Oudalan,Gorom-Gorom,Set-Séré
Sahel,Oudalan,Gorom-Gorom,Sikiday
Sahel,Oudalan,Gorom-Gorom,Sinagra
Sahel,Oudalan,Gorom-Gorom,Takoye
Sahel,Oudalan,Gorom-Gorom,Tandougou
Sahel,Oudalan,Gorom-Gorom,Tasmakatt
Sahel,Oudalan,Gorom-Gorom,Tassiri
Sahel,Oudalan,Gorom-Gorom,Tialong Niapang
Sahel,Oudalan,Gorom-Gorom,Tidmarel
Sahel,Oudalan,Gorom-Gorom,Timboulel
Sahel,Oudalan,Gorom-Gorom,Tiofolboye
Sahel,Oudalan,Gorom-Gorom,Touka-Aguillanabé
Sahel,Oudalan,Gorom-Gorom,Touro
Sahel,Oudalan,Gorom-Gorom,Watakalanga
Sahel,Oudalan,Gorom-Gorom,Zoungouwaye
Sahel,Oudalan,Markoye,Bôm
Sahel,Oudalan,Markoye,Dambam 1
Sahel,Oudalan,Markoye,Dambam 2
Sahel,Oudalan,Markoye,Darkoye Wara-Wara
Sahel,Oudalan,Markoye,Deibanga Tafororat
Sahel,Oudalan,Markoye,Deibanga Timbossosso
Sahel,Oudalan,Markoye,Gaberé
Sahel,Oudalan,Markoye,Goungam
Sahel,Oudalan,Markoye,Hichi
Sahel,Oudalan,Markoye,Ichagarnine
Sahel,Oudalan,Markoye,Idamossen
Sahel,Oudalan,Markoye,Iklan Idamossen
Sahel,Oudalan,Markoye,Inawas
Sahel,Oudalan,Markoye,Kel Arabo
Sahel,Oudalan,Markoye,Kel Tamisgueit
Sahel,Oudalan,Markoye,Konsi
Sahel,Oudalan,Markoye,Kouna
Sahel,Oudalan,Markoye,Markoye
Sahel,Oudalan,Markoye,Salmossi
Sahel,Oudalan,Markoye,Tambao
Sahel,Oudalan,Markoye,Tandabatt
Sahel,Oudalan,Markoye,Tandiollel
Sahel,Oudalan,Markoye,Tin Zoubaraton site
Sahel,Oudalan,Markoye,Tin-Agadel
Sahel,Oudalan,Markoye,Tin-Zonbaraten
Sahel,Oudalan,Markoye,Tokabangou
Sahel,Oudalan,Markoye,Tollel-Kaya
Sahel,Oudalan,Markoye,Weldé Tondobanda
Sahel,Oudalan,Markoye,Ziguibéri
Sahel,Oudalan,Oursi,Bangonadji
Sahel,Oudalan,Oursi,Boullel
Sahel,Oudalan,Oursi,Deberé
Sahel,Oudalan,Oursi,Dialafanka
Sahel,Oudalan,Oursi,Ganadaouri
Sahel,Oudalan,Oursi,Gountouré
Sahel,Oudalan,Oursi,Hondokiré
Sahel,Oudalan,Oursi,Kollel
Sahel,Oudalan,Oursi,Oursi
Sahel,Oudalan,Oursi,Petelgaoudi
Sahel,Oudalan,Oursi,Soukoundou
Sahel,Oudalan,Oursi,Taima
Sahel,Oudalan,Oursi,Tayaret
Sahel,Oudalan,Oursi,Thematan
Sahel,Oudalan,Oursi,Timbolo
Sahel,Oudalan,Oursi,Tin-Ediar
Sahel,Oudalan,Oursi,Tinhatane
Sahel,Oudalan,Oursi,Torom
Sahel,Oudalan,Oursi,Totori
Sahel,Oudalan,Oursi,Tounté
Sahel,Oudalan,Oursi,Tringuel
Sahel,Oudalan,Oursi,Yomboli
Sahel,Oudalan,Oursi,Zamarkoy
Sahel,Oudalan,Tin-Akoff,Bangao
Sahel,Oudalan,Tin-Akoff,Beldiabé
Sahel,Oudalan,Tin-Akoff,Béli
Sahel,Oudalan,Tin-Akoff,Fadar-Fadar Nord
Sahel,Oudalan,Tin-Akoff,Fadar-Fadar Sud
Sahel,Oudalan,Tin-Akoff,Inabao
Sahel,Oudalan,Tin-Akoff,Intangom
Sahel,Oudalan,Tin-Akoff,Intayalene
Sahel,Oudalan,Tin-Akoff,Kacham-Est
Sahel,Oudalan,Tin-Akoff,Kacham-Ouest
Sahel,Oudalan,Tin-Akoff,Massifigui
Sahel,Oudalan,Tin-Akoff,Menzourou
Sahel,Oudalan,Tin-Akoff,Rafnamane
Sahel,Oudalan,Tin-Akoff,Tadambès
Sahel,Oudalan,Tin-Akoff,Tin-Akoff
Sahel,Oudalan,Tin-Akoff,Tin-Rhassane 1
Sahel,Oudalan,Tin-Akoff,Tin-Rhassane 2
Sahel,Oudalan,Tin-Akoff,Tin-Zalayanane
Sahel,Oudalan,Tin-Akoff,Wassakoré
Sahel,Soum,Arbinda,Aladjou
Sahel,Soum,Arbinda,Alora
Sahel,Soum,Arbinda,Amvo
Sahel,Soum,Arbinda,Arba-Débéré
Sahel,Soum,Arbinda,Arbinda
Sahel,Soum,Arbinda,Aribinda Zéno
Sahel,Soum,Arbinda,Arra
Sahel,Soum,Arbinda,Bamguel-baguel
Sahel,Soum,Arbinda,Bamguèl
Sahel,Soum,Arbinda,Bamguèl Kobi
Sahel,Soum,Arbinda,Belgou
Sahel,Soum,Arbinda,Belhouro
Sahel,Soum,Arbinda,Binguèl Balébilé
Sahel,Soum,Arbinda,Birigui Tèyga
Sahel,Soum,Arbinda,Bodéol
Sahel,Soum,Arbinda,Bossey
Sahel,Soum,Arbinda,Boukouma
Sahel,Soum,Arbinda,Boulikessi
Sahel,Soum,Arbinda,Boultaka
Sahel,Soum,Arbinda,Bénéré
Sahel,Soum,Arbinda,Dalla
Sahel,Soum,Arbinda,Dampela
Sahel,Soum,Arbinda,Dandio
Sahel,Soum,Arbinda,Demtou
Sahel,Soum,Arbinda,Diolo
Sahel,Soum,Arbinda,Diégabilé
Sahel,Soum,Arbinda,Djamkolga
Sahel,Soum,Arbinda,Djika
Sahel,Soum,Arbinda,Dolma
Sahel,Soum,Arbinda,Foubé
Sahel,Soum,Arbinda,Féto Garsay
Sahel,Soum,Arbinda,Féto Kolé
Sahel,Soum,Arbinda,Gaitangoata
Sahel,Soum,Arbinda,Gasel Lidji
Sahel,Soum,Arbinda,Gaselnaye
Sahel,Soum,Arbinda,Gasseliki
Sahel,Soum,Arbinda,Gaïk-Goata
Sahel,Soum,Arbinda,Gomnigoubé
Sahel,Soum,Arbinda,Gorel
Sahel,Soum,Arbinda,Gorguel
Sahel,Soum,Arbinda,Goroy
Sahel,Soum,Arbinda,Irakoulga
Sahel,Soum,Arbinda,Irkoy Faba
Sahel,Soum,Arbinda,Karpélé
Sahel,Soum,Arbinda,Katté
Sahel,Soum,Arbinda,Kioké
Sahel,Soum,Arbinda,Kodioloy Loboy
Sahel,Soum,Arbinda,Kougri-Koulga
Sahel,Soum,Arbinda,Kouilpagré
Sahel,Soum,Arbinda,Kourfèl Sidiki
Sahel,Soum,Arbinda,Kourigué
Sahel,Soum,Arbinda,Liki
Sahel,Soum,Arbinda,Lilgomdé
Sahel,Soum,Arbinda,Madoudji
Sahel,Soum,Arbinda,Manam
Sahel,Soum,Arbinda,Ndoulangou
Sahel,Soum,Arbinda,Ngolol Gnibi
Sahel,Soum,Arbinda,Niafo
Sahel,Soum,Arbinda,Oaldé
Sahel,Soum,Arbinda,Ora
Sahel,Soum,Arbinda,Oro Mango
Sahel,Soum,Arbinda,Oronédou
Sahel,Soum,Arbinda,Oualdéguédé
Sahel,Soum,Arbinda,Ouilao
Sahel,Soum,Arbinda,Oulf-Alpha
Sahel,Soum,Arbinda,Oulo Ba
Sahel,Soum,Arbinda,Ouro Binguèlbata
Sahel,Soum,Arbinda,Ouro Niébé
Sahel,Soum,Arbinda,Palal-sambo
Sahel,Soum,Arbinda,Pelhouté
Sahel,Soum,Arbinda,Pem
Sahel,Soum,Arbinda,Peteldiré
Sahel,Soum,Arbinda,Petelkotia
Sahel,Soum,Arbinda,Pisanianga
Sahel,Soum,Arbinda,Pogoldjambé
Sahel,Soum,Arbinda,Sanga
Sahel,Soum,Arbinda,Sikiré
Sahel,Soum,Arbinda,Sirgné
Sahel,Soum,Arbinda,Sola
Sahel,Soum,Arbinda,Séno Diaounguèl
Sahel,Soum,Arbinda,Séno Kay
Sahel,Soum,Arbinda,Taima
Sahel,Soum,Arbinda,Tani
Sahel,Soum,Arbinda,Tanngrawal
Sahel,Soum,Arbinda,Tchellé
Sahel,Soum,Arbinda,Tchiba
Sahel,Soum,Arbinda,Tifoukourou
Sahel,Soum,Arbinda,Tilanaoulé
Sahel,Soum,Arbinda,Tingé
Sahel,Soum,Arbinda,Tioké
Sahel,Soum,Arbinda,Togo Olèl
Sahel,Soum,Arbinda,Téma
Sahel,Soum,Arbinda,Ténasouka
Sahel,Soum,Arbinda,Vindou Outorou
Sahel,Soum,Arbinda,Vindé Tépadji
Sahel,Soum,Arbinda,Waldé Diédé
Sahel,Soum,Arbinda,Wangourdou
Sahel,Soum,Arbinda,Wayèrgache
Sahel,Soum,Arbinda,Werapoli
Sahel,Soum,Arbinda,Yalanga
Sahel,Soum,Arbinda,Zounara
Sahel,Soum,Baraboulé,Baniel
Sahel,Soum,Baraboulé,Baraboulé
Sahel,Soum,Baraboulé,Baylaré
Sahel,Soum,Baraboulé,Dambougaré
Sahel,Soum,Baraboulé,Dankanao
Sahel,Soum,Baraboulé,Dohouré
Sahel,Soum,Baraboulé,Dohouré-Foulbé
Sahel,Soum,Baraboulé,Dotoka
Sahel,Soum,Baraboulé,Fargo
Sahel,Soum,Baraboulé,Fetosolporo
Sahel,Soum,Baraboulé,Fili-Fili
Sahel,Soum,Baraboulé,Gassediouga
Sahel,Soum,Baraboulé,Gasseltepaoua
Sahel,Soum,Baraboulé,Gnanguel
Sahel,Soum,Baraboulé,Gorier
Sahel,Soum,Baraboulé,Hocoulourou
Sahel,Soum,Baraboulé,Konga
Sahel,Soum,Baraboulé,Lessam
Sahel,Soum,Baraboulé,Mamsiguilodè
Sahel,Soum,Baraboulé,Mehena
Sahel,Soum,Baraboulé,Oudouga
Sahel,Soum,Baraboulé,Ouindoupoli
Sahel,Soum,Baraboulé,Oulol Dyouam
Sahel,Soum,Baraboulé,Pahoundé
Sahel,Soum,Baraboulé,Petalbaye (6)
Sahel,Soum,Baraboulé,Petalkoulerou
Sahel,Soum,Baraboulé,Petel
Sahel,Soum,Baraboulé,Pétel Taboli
Sahel,Soum,Baraboulé,Pétégoli
Sahel,Soum,Baraboulé,Soffi
Sahel,Soum,Baraboulé,Tienèl
Sahel,Soum,Baraboulé,Tienèl Tépadi
Sahel,Soum,Baraboulé,Tépayoa
Sahel,Soum,Baraboulé,Windeboki
Sahel,Soum,Baraboulé,Woroagniadja
Sahel,Soum,Diguel,Belem-balou
Sahel,Soum,Diguel,Diguel (Thiofi)
Sahel,Soum,Diguel,Doundoubangou
Sahel,Soum,Diguel,Kenou (Pété Hadjè)
Sahel,Soum,Diguel,Kouyé
Sahel,Soum,Diguel,Lassa
Sahel,Soum,Diguel,Pelem-pelem
Sahel,Soum,Diguel,Pété Hadjé
Sahel,Soum,Diguel,Thiofi
Sahel,Soum,Djibo,Allamine
Sahel,Soum,Djibo,Bani
Sahel,Soum,Djibo,Banikani
Sahel,Soum,Djibo,Borguendé
Sahel,Soum,Djibo,Diagatao-Mossi
Sahel,Soum,Djibo,Digatao-Rimaïbé
Sahel,Soum,Djibo,Djibo
Sahel,Soum,Djibo,Djoedjoe (Djaodjao)
Sahel,Soum,Djibo,Fétokoba
Sahel,Soum,Djibo,Fétonada (Séno Tépadjé)
Sahel,Soum,Djibo,Ingani
Sahel,Soum,Djibo,Kamadjangou
Sahel,Soum,Djibo,Kermagou
Sahel,Soum,Djibo,Kolé-Dioudé
Sahel,Soum,Djibo,Koubel-Alpha
Sahel,Soum,Djibo,Koubissai
Sahel,Soum,Djibo,Koumbataka
Sahel,Soum,Djibo,Mondé-Sô
Sahel,Soum,Djibo,Nganoua
Sahel,Soum,Djibo,Omo
Sahel,Soum,Djibo,Piladi
Sahel,Soum,Djibo,Pételtioudé
Sahel,Soum,Djibo,Seno-bani
Sahel,Soum,Djibo,Silgueye
Sahel,Soum,Djibo,Som
Sahel,Soum,Djibo,Sé
Sahel,Soum,Djibo,Séno Tépadjé
Sahel,Soum,Djibo,Sô
Sahel,Soum,Djibo,Tondiata
Sahel,Soum,Djibo,Yaté
Sahel,Soum,Kelbo,Bolin
Sahel,Soum,Kelbo,Bottogui
Sahel,Soum,Kelbo,Bélégagnagué
Sahel,Soum,Kelbo,Diomsogui
Sahel,Soum,Kelbo,Gassel Doundéhi
Sahel,Soum,Kelbo,Gassel-Boalla
Sahel,Soum,Kelbo,Kelbo
Sahel,Soum,Kelbo,Korga
Sahel,Soum,Kelbo,Kèlbo-Foulcés
Sahel,Soum,Kelbo,Lahel (bolin)
Sahel,Soum,Kelbo,Louga
Sahel,Soum,Kelbo,Lougo
Sahel,Soum,Kelbo,Luidi
Sahel,Soum,Kelbo,Namasiri
Sahel,Soum,Kelbo,Namsiguia
Sahel,Soum,Kelbo,Noralkingal
Sahel,Soum,Kelbo,Pougouzaïbaogo
Sahel,Soum,Kelbo,Pougouzingtenga
Sahel,Soum,Kelbo,Saba
Sahel,Soum,Kelbo,Tahidi
Sahel,Soum,Kelbo,Tibiri
Sahel,Soum,Koutougou,Arra-Fulbé
Sahel,Soum,Koutougou,Basnéré
Sahel,Soum,Koutougou,Dahoré
Sahel,Soum,Koutougou,Dambala
Sahel,Soum,Koutougou,Dandéfanga
Sahel,Soum,Koutougou,Darga
Sahel,Soum,Koutougou,Djamo
Sahel,Soum,Koutougou,Djayel
Sahel,Soum,Koutougou,Débèl Nwafa
Sahel,Soum,Koutougou,Gaskindé
Sahel,Soum,Koutougou,Gasèl Nwaradji
Sahel,Soum,Koutougou,Gomdé-Fulbé
Sahel,Soum,Koutougou,Gomdé-Mossi
Sahel,Soum,Koutougou,Gorwol Daké
Sahel,Soum,Koutougou,Goumataka
Sahel,Soum,Koutougou,Hamayala
Sahel,Soum,Koutougou,Hoka
Sahel,Soum,Koutougou,Houkoulourou
Sahel,Soum,Koutougou,Kalmamasine
Sahel,Soum,Koutougou,Keltore
Sahel,Soum,Koutougou,Kobol Kadié
Sahel,Soum,Koutougou,Koiya
Sahel,Soum,Koutougou,Koutougou
Sahel,Soum,Koutougou,Kékelnoda
Sahel,Soum,Koutougou,Kékénéné
Sahel,Soum,Koutougou,Ouifaré Baba Amadou
Sahel,Soum,Koutougou,Pali-Paga
Sahel,Soum,Koutougou,Pogol Dimé
Sahel,Soum,Koutougou,Pogol Ngoradji
Sahel,Soum,Koutougou,Soum-Bellah
Sahel,Soum,Koutougou,Souma
Sahel,Soum,Koutougou,Tongomayel-sirgné
Sahel,Soum,Koutougou,Tounté
Sahel,Soum,Koutougou,Wagalika
Sahel,Soum,Koutougou,gasèl Boulbi
Sahel,Soum,Nassoumbou,Ariel
Sahel,Soum,Nassoumbou,Bangharia
Sahel,Soum,Nassoumbou,Bourou
Sahel,Soum,Nassoumbou,Damba (Ariel)
Sahel,Soum,Nassoumbou,Dambiri
Sahel,Soum,Nassoumbou,Dessouma
Sahel,Soum,Nassoumbou,Doufré Taka
Sahel,Soum,Nassoumbou,Gasselpoutchou
Sahel,Soum,Nassoumbou,Kerboulé
Sahel,Soum,Nassoumbou,Kourfadji
Sahel,Soum,Nassoumbou,Kourou
Sahel,Soum,Nassoumbou,Nassoumbou
Sahel,Soum,Nassoumbou,Pogol
Sahel,Soum,Nassoumbou,Pété Kofé
Sahel,Soum,Nassoumbou,Pétéga
Sahel,Soum,Nassoumbou,Soboulé
Sahel,Soum,Nassoumbou,Tem
Sahel,Soum,Nassoumbou,Tracèl
Sahel,Soum,Nassoumbou,Wapta
Sahel,Soum,Nassoumbou,Yérouporou
Sahel,Soum,Pobé-Mengao,Bougué
Sahel,Soum,Pobé-Mengao,Boui-Boui
Sahel,Soum,Pobé-Mengao,Cissé
Sahel,Soum,Pobé-Mengao,Donombéné
Sahel,Soum,Pobé-Mengao,Débéré
Sahel,Soum,Pobé-Mengao,Gargaboulé
Sahel,Soum,Pobé-Mengao,Gaskindé
Sahel,Soum,Pobé-Mengao,Kaboret
Sahel,Soum,Pobé-Mengao,Loura
Sahel,Soum,Pobé-Mengao,Mamassirou
Sahel,Soum,Pobé-Mengao,Mentao
Sahel,Soum,Pobé-Mengao,Nafodou
Sahel,Soum,Pobé-Mengao,Niamanga
Sahel,Soum,Pobé-Mengao,Noufoundou
Sahel,Soum,Pobé-Mengao,Ouré
Sahel,Soum,Pobé-Mengao,Ouré-Foulbés
Sahel,Soum,Pobé-Mengao,Pobe
Sahel,Soum,Pobé-Mengao,Pobé-Mangao
Sahel,Soum,Pobé-Mengao,Taraboulé
Sahel,Soum,Tongomayel,Alalé
Sahel,Soum,Tongomayel,Arbilo
Sahel,Soum,Tongomayel,Bilediaboulé
Sahel,Soum,Tongomayel,Boguel-Fassouré
Sahel,Soum,Tongomayel,Boguel-Tiaboli
Sahel,Soum,Tongomayel,Bolayèl
Sahel,Soum,Tongomayel,Boudoudi
Sahel,Soum,Tongomayel,Bouleyanké
Sahel,Soum,Tongomayel,Bouloboyé
Sahel,Soum,Tongomayel,Bouléguégué
Sahel,Soum,Tongomayel,Béléhédé
Sahel,Soum,Tongomayel,Diguel
Sahel,Soum,Tongomayel,Dola
Sahel,Soum,Tongomayel,Doundougorou
Sahel,Soum,Tongomayel,Débeyel
Sahel,Soum,Tongomayel,Feto-Dana
Sahel,Soum,Tongomayel,Filio
Sahel,Soum,Tongomayel,Gankouna
Sahel,Soum,Tongomayel,Gassel Bodel
Sahel,Soum,Tongomayel,Gassel-Loussobè
Sahel,Soum,Tongomayel,Gasselkoli
Sahel,Soum,Tongomayel,Gasselpaté
Sahel,Soum,Tongomayel,Gouna
Sahel,Soum,Tongomayel,Houbaye
Sahel,Soum,Tongomayel,Iko
Sahel,Soum,Tongomayel,Inata
Sahel,Soum,Tongomayel,Kadiel
Sahel,Soum,Tongomayel,Kiénel
Sahel,Soum,Tongomayel,Kobaoua
Sahel,Soum,Tongomayel,Mam Siya
Sahel,Soum,Tongomayel,Mamassi-Gaoubilé
Sahel,Soum,Tongomayel,Mamassirou
Sahel,Soum,Tongomayel,Maty
Sahel,Soum,Tongomayel,Moumouslo
Sahel,Soum,Tongomayel,N'Gassa-Loni
Sahel,Soum,Tongomayel,Nianguel
Sahel,Soum,Tongomayel,Nérégué
Sahel,Soum,Tongomayel,Oudoundayiré
Sahel,Soum,Tongomayel,Ouyaye
Sahel,Soum,Tongomayel,Piraogo
Sahel,Soum,Tongomayel,Pogoldè
Sahel,Soum,Tongomayel,Pouga
Sahel,Soum,Tongomayel,Pétéldaou
Sahel,Soum,Tongomayel,Saylia
Sahel,Soum,Tongomayel,Sergoussouma
Sahel,Soum,Tongomayel,Sibé
Sahel,Soum,Tongomayel,Silgadji
Sahel,Soum,Tongomayel,Sona
Sahel,Soum,Tongomayel,Sonabourgou
Sahel,Soum,Tongomayel,Taouremba
Sahel,Soum,Tongomayel,Tchimbolo
Sahel,Soum,Tongomayel,Tiahiguel
Sahel,Soum,Tongomayel,Tidyalié
Sahel,Soum,Tongomayel,Tongomayel
Sahel,Soum,Tongomayel,Touronata
Sahel,Soum,Tongomayel,Toutou-Doundougorou
Sahel,Soum,Tongomayel,Véldéhidi
Sahel,Soum,Tongomayel,Waguessi
Sahel,Soum,Tongomayel,Woba-Tila
Sahel,Séno,Bani,Adoudié
Sahel,Séno,Bani,Alalel
Sahel,Séno,Bani,Ama Youkoué
Sahel,Séno,Bani,Amsia
Sahel,Séno,Bani,Babirka mango
Sahel,Séno,Bani,Babirka ouro demoa
Sahel,Séno,Bani,Babirka ouro esso
Sahel,Séno,Bani,Babirka ouro sory
Sahel,Séno,Bani,Babirka tangassouka
Sahel,Séno,Bani,Balèl
Sahel,Séno,Bani,Bamguel
Sahel,Séno,Bani,Bamloye
Sahel,Séno,Bani,Bani
Sahel,Séno,Bani,Bayeldiaga
Sahel,Séno,Bani,Binderé
Sahel,Séno,Bani,Bolaré
Sahel,Séno,Bani,Bomboel
Sahel,Séno,Bani,Boulkènga
Sahel,Séno,Bani,Bouna
Sahel,Séno,Bani,Bouné
Sahel,Séno,Bani,Bouo
Sahel,Séno,Bani,Bwolonga
Sahel,Séno,Bani,Dalinga
Sahel,Séno,Bani,Debere diouldé
Sahel,Séno,Bani,Dianalaye
Sahel,Séno,Bani,Diatou
Sahel,Séno,Bani,Diouga
Sahel,Séno,Bani,Dourouma
Sahel,Séno,Bani,Dyapa
Sahel,Séno,Bani,Fidialaré
Sahel,Séno,Bani,Figuialaré
Sahel,Séno,Bani,Fourga
Sahel,Séno,Bani,Gangaol
Sahel,Séno,Bani,Gassel
Sahel,Séno,Bani,Gorouol kolle
Sahel,Séno,Bani,Gorouolkadyé
Sahel,Séno,Bani,Goundere
Sahel,Séno,Bani,Guidere
Sahel,Séno,Bani,Kallo
Sahel,Séno,Bani,Karga
Sahel,Séno,Bani,Karégoussi
Sahel,Séno,Bani,Kilari
Sahel,Séno,Bani,Lamdamaol
Sahel,Séno,Bani,Lerel
Sahel,Séno,Bani,Louguékèmè
Sahel,Séno,Bani,Loutougou
Sahel,Séno,Bani,Léré
Sahel,Séno,Bani,Malori
Sahel,Séno,Bani,Mamanguèt
Sahel,Séno,Bani,Modjouma
Sahel,Séno,Bani,Monga
Sahel,Séno,Bani,Nabara
Sahel,Séno,Bani,Ndyarèndèl
Sahel,Séno,Bani,Ourfare djouma
Sahel,Séno,Bani,Ourkyaguèl
Sahel,Séno,Bani,Ouro Allagué
Sahel,Séno,Bani,Ouro Boga
Sahel,Séno,Bani,Ouro Dyapa
Sahel,Séno,Bani,Ouro Haman
Sahel,Séno,Bani,Ouro Hoyendé
Sahel,Séno,Bani,Ouro Noma
Sahel,Séno,Bani,Ouro Sambo
Sahel,Séno,Bani,Ouro Solé
Sahel,Séno,Bani,Ouro Tiaguel
Sahel,Séno,Bani,Ouro belco
Sahel,Séno,Bani,Pagalaga
Sahel,Séno,Bani,Petareobe
Sahel,Séno,Bani,Pétakolé
Sahel,Séno,Bani,Seno sofare
Sahel,Séno,Bani,Solsala
Sahel,Séno,Bani,Tchelel
Sahel,Séno,Bani,Terbiel
Sahel,Séno,Bani,Tiabia
Sahel,Séno,Bani,Tialel
Sahel,Séno,Bani,Tialol Tiope
Sahel,Séno,Bani,Tibilindi
Sahel,Séno,Bani,Tiguibamloye
Sahel,Séno,Bani,Tikoumbablé
Sahel,Séno,Bani,Tiombiel
Sahel,Séno,Bani,Windé Daké
Sahel,Séno,Bani,Windé Djibairou
Sahel,Séno,Bani,Windé Gnebe
Sahel,Séno,Dori,Bafelé
Sahel,Séno,Dori,Bala
Sahel,Séno,Dori,Balandagou
Sahel,Séno,Dori,Bambofa
Sahel,Séno,Dori,Bandania
Sahel,Séno,Dori,Bargare
Sahel,Séno,Dori,Beguentigui
Sahel,Séno,Dori,Bellare Djamalel
Sahel,Séno,Dori,Bellare Maga
Sahel,Séno,Dori,Bellaré Malbo
Sahel,Séno,Dori,Beybaye
Sahel,Séno,Dori,Billy
Sahel,Séno,Dori,Binguel
Sahel,Séno,Dori,Boka
Sahel,Séno,Dori,Boudounguel
Sahel,Séno,Dori,Bougouel Toeguel
Sahel,Séno,Dori,Boulouballa
Sahel,Séno,Dori,Bouloye
Sahel,Séno,Dori,Bouloye Thiouly
Sahel,Séno,Dori,Boundou Woundoudou
Sahel,Séno,Dori,Boureye
Sahel,Séno,Dori,Boureye longondjou
Sahel,Séno,Dori,Bâaga
Sahel,Séno,Dori,Bèllaré
Sahel,Séno,Dori,Dadé tchekol
Sahel,Séno,Dori,Dangade
Sahel,Séno,Dori,Dangadé
Sahel,Séno,Dori,Dani
Sahel,Séno,Dori,Danikoy
Sahel,Séno,Dori,Dantchadi
Sahel,Séno,Dori,Debere Talata
Sahel,Séno,Dori,Debéwambé
Sahel,Séno,Dori,Demni
Sahel,Séno,Dori,Diolloa
Sahel,Séno,Dori,Diomga
Sahel,Séno,Dori,Djigo
Sahel,Séno,Dori,Dori
Sahel,Séno,Dori,Fetombaga
Sahel,Séno,Dori,Fetombale
Sahel,Séno,Dori,Foulgou
Sahel,Séno,Dori,Fétirde Sidou
Sahel,Séno,Dori,Gafal
Sahel,Séno,Dori,Gassel Biankou
Sahel,Séno,Dori,Gotogou
Sahel,Séno,Dori,Goudoubo
Sahel,Séno,Dori,Goura
Sahel,Séno,Dori,Guidé
Sahel,Séno,Dori,Guémni
Sahel,Séno,Dori,Hogga
Sahel,Séno,Dori,Hoggo Samboel
Sahel,Séno,Dori,Kabeika
Sahel,Séno,Dori,Kampiti
Sahel,Séno,Dori,Katchari
Sahel,Séno,Dori,Katchirga
Sahel,Séno,Dori,Kiryollo Ouro Arsaba
Sahel,Séno,Dori,Kodiolayé
Sahel,Séno,Dori,Koikonba
Sahel,Séno,Dori,Koria
Sahel,Séno,Dori,Kouri
Sahel,Séno,Dori,Kouta
Sahel,Séno,Dori,Lerbou
Sahel,Séno,Dori,Lere Ibaye
Sahel,Séno,Dori,Longué
Sahel,Séno,Dori,Losogou
Sahel,Séno,Dori,M'bamga
Sahel,Séno,Dori,Maga
Sahel,Séno,Dori,Malbo
Sahel,Séno,Dori,Mallere
Sahel,Séno,Dori,Mamassiol
Sahel,Séno,Dori,N'diolloa
Sahel,Séno,Dori,N'gota
Sahel,Séno,Dori,Nakou
Sahel,Séno,Dori,Nelba
Sahel,Séno,Dori,Nobiol
Sahel,Séno,Dori,Oulo
Sahel,Séno,Dori,Ourfou
Sahel,Séno,Dori,Ouro Batghotho
Sahel,Séno,Dori,Ouro Baye
Sahel,Séno,Dori,Ouro Bidi
Sahel,Séno,Dori,Ouro Boki
Sahel,Séno,Dori,Ouro Foulgoubé
Sahel,Séno,Dori,Ouro Kaka
Sahel,Séno,Dori,Ouro Kwasan
Sahel,Séno,Dori,Ouro Longa
Sahel,Séno,Dori,Ouro Mamèl
Sahel,Séno,Dori,Ouro Nama
Sahel,Séno,Dori,Ouro Sambo
Sahel,Séno,Dori,Ouro Yesso
Sahel,Séno,Dori,Ouro torobe
Sahel,Séno,Dori,Ouro-Baagabe
Sahel,Séno,Dori,Padala
Sahel,Séno,Dori,Patel
Sahel,Séno,Dori,Peoukoye
Sahel,Séno,Dori,Petakollé
Sahel,Séno,Dori,Péoukoy
Sahel,Séno,Dori,Pétel N'Gaoudi
Sahel,Séno,Dori,Saafo
Sahel,Séno,Dori,Sambonaye
Sahel,Séno,Dori,Selbo
Sahel,Séno,Dori,Soumkoum
Sahel,Séno,Dori,Sourtatibe Touka
Sahel,Séno,Dori,Taaka
Sahel,Séno,Dori,Tafakou
Sahel,Séno,Dori,Tchékel N'Djabe
Sahel,Séno,Dori,Thioumbonga
Sahel,Séno,Dori,Tigou
Sahel,Séno,Dori,Tila
Sahel,Séno,Dori,Tobidioga
Sahel,Séno,Dori,Tohounguel
Sahel,Séno,Dori,Touka Bayel
Sahel,Séno,Dori,Touka Diomga
Sahel,Séno,Dori,Touka Dionga
Sahel,Séno,Dori,Touka Korno
Sahel,Séno,Dori,Touka Ouro Nala
Sahel,Séno,Dori,Touka Welde
Sahel,Séno,Dori,Touka Wendou
Sahel,Séno,Dori,Watyouol
Sahel,Séno,Dori,Welde Katchirga
Sahel,Séno,Dori,Windé Oulo
Sahel,Séno,Dori,Wouro Bobo
Sahel,Séno,Dori,Wouro Gorbel
Sahel,Séno,Dori,Wèndou
Sahel,Séno,Dori,Yacouta
Sahel,Séno,Dori,Yebelba
Sahel,Séno,Dori,Yirga
Sahel,Séno,Dori,Yoma
Sahel,Séno,Dori,pempendiangou
Sahel,Séno,Falagountou,Belgou
Sahel,Séno,Falagountou,Bounian
Sahel,Séno,Falagountou,Ekeou
Sahel,Séno,Falagountou,Falagountou
Sahel,Séno,Falagountou,Fetobarabé
Sahel,Séno,Falagountou,Fétobarabé Sonray
Sahel,Séno,Falagountou,Gomo
Sahel,Séno,Falagountou,Goulgountou
Sahel,Séno,Falagountou,Gourara
Sahel,Séno,Falagountou,Guissimi
Sahel,Séno,Falagountou,Kargono
Sahel,Séno,Falagountou,Tiknawelle
Sahel,Séno,Falagountou,Tondia Kangueye
Sahel,Séno,Falagountou,Tougoumbar
Sahel,Séno,Falagountou,Zargaloutan
Sahel,Séno,Gorgadji,Bangataka
Sahel,Séno,Gorgadji,Bangataka lere
Sahel,Séno,Gorgadji,Baougou Poré
Sahel,Séno,Gorgadji,Bilakoka
Sahel,Séno,Gorgadji,Bouloye siguidi
Sahel,Séno,Gorgadji,Boundougnoudji
Sahel,Séno,Gorgadji,Bourga
Sahel,Séno,Gorgadji,Demniol
Sahel,Séno,Gorgadji,Demnoudèndé
Sahel,Séno,Gorgadji,Diobbou
Sahel,Séno,Gorgadji,Gassel Kadié
Sahel,Séno,Gorgadji,Gorgadji
Sahel,Séno,Gorgadji,Gorouol galole
Sahel,Séno,Gorgadji,Gountoudié
Sahel,Séno,Gorgadji,Guide
Sahel,Séno,Gorgadji,Guèssèdannyé
Sahel,Séno,Gorgadji,Kaèl
Sahel,Séno,Gorgadji,Kossogué
Sahel,Séno,Gorgadji,Lelly
Sahel,Séno,Gorgadji,Lere
Sahel,Séno,Gorgadji,Ouindébélabé
Sahel,Séno,Gorgadji,Oulfou Alfa
Sahel,Séno,Gorgadji,Oundétané
Sahel,Séno,Gorgadji,Ourkadié
Sahel,Séno,Gorgadji,Ouro Amadou Sibiri
Sahel,Séno,Gorgadji,Ouro Yongodé
Sahel,Séno,Gorgadji,Ouro sadoubé
Sahel,Séno,Gorgadji,Ouré Sèno
Sahel,Séno,Gorgadji,Peteguerse
Sahel,Séno,Gorgadji,Pété Nyaki
Sahel,Séno,Gorgadji,Pétélidé
Sahel,Séno,Gorgadji,Safo
Sahel,Séno,Gorgadji,Tadjo
Sahel,Séno,Gorgadji,Tiekaledji
Sahel,Séno,Gorgadji,Tonga
Sahel,Séno,Gorgadji,Tongué
Sahel,Séno,Sampelga,Aligaga 1
Sahel,Séno,Sampelga,Aligaga 2
Sahel,Séno,Sampelga,Bandiedaga
Sahel,Séno,Sampelga,Bouo
Sahel,Séno,Sampelga,Damdegou
Sahel,Séno,Sampelga,Gassel
Sahel,Séno,Sampelga,Hoye
Sahel,Séno,Sampelga,Nagingou
Sahel,Séno,Sampelga,Niagassi
Sahel,Séno,Sampelga,Ouro Boulé
Sahel,Séno,Sampelga,Sakatèmba
Sahel,Séno,Sampelga,Sampelga
Sahel,Séno,Sampelga,Tialé
Sahel,Séno,Sampelga,Tiéké
Sahel,Séno,Sampelga,Waboti 1
Sahel,Séno,Sampelga,Waboti 2
Sahel,Séno,Sampelga,Woulmassoutou
Sahel,Séno,Sampelga,Yoi
Sahel,Séno,Seytenga,Badourlébé
Sahel,Séno,Seytenga,Bambary
Sahel,Séno,Seytenga,Bandiedaga Gourmantche
Sahel,Séno,Seytenga,Bandiedaga Lerel
Sahel,Séno,Seytenga,Banguel Daou
Sahel,Séno,Seytenga,Banguel Daou Didiole
Sahel,Séno,Seytenga,Bellaré
Sahel,Séno,Seytenga,Bellaré Oulo
Sahel,Séno,Seytenga,Foufou
Sahel,Séno,Seytenga,Hakoundel
Sahel,Séno,Seytenga,Inagabou
Sahel,Séno,Seytenga,Kassirga
Sahel,Séno,Seytenga,Keindabé
Sahel,Séno,Seytenga,Kourakou
Sahel,Séno,Seytenga,Lamana
Sahel,Séno,Seytenga,Ouro Ahidjo
Sahel,Séno,Seytenga,Ouro Belko
Sahel,Séno,Seytenga,Ouro Béido
Sahel,Séno,Seytenga,Ouro Ferro
Sahel,Séno,Seytenga,Ouro Foni
Sahel,Séno,Seytenga,Ouro Lima
Sahel,Séno,Seytenga,Ouro Tapiyari
Sahel,Séno,Seytenga,Ouro-Daka
Sahel,Séno,Seytenga,Oussaltan Dongobé
Sahel,Séno,Seytenga,Oussaltan-Banguel-Dao
Sahel,Séno,Seytenga,Petel Habé
Sahel,Séno,Seytenga,Petel Karkallé
Sahel,Séno,Seytenga,Seno Tiondi
Sahel,Séno,Seytenga,Seytenga
Sahel,Séno,Seytenga,Sidibebe
Sahel,Séno,Seytenga,Soffokel
Sahel,Séno,Seytenga,Tandakoye
Sahel,Séno,Seytenga,Tao
Sahel,Séno,Seytenga,Tinama
Sahel,Séno,Seytenga,Tondobi
Sahel,Séno,Seytenga,Yattakou
Sahel,Yagha,Boundoré,Barantiangou
Sahel,Yagha,Boundoré,Bira
Sahel,Yagha,Boundoré,Boundoré
Sahel,Yagha,Boundoré,Dantiéré
Sahel,Yagha,Boundoré,Dar Salam
Sahel,Yagha,Boundoré,Datambi
Sahel,Yagha,Boundoré,Formou
Sahel,Yagha,Boundoré,Fyofonou
Sahel,Yagha,Boundoré,Gabouga
Sahel,Yagha,Boundoré,Kalimpouré
Sahel,Yagha,Boundoré,Kankantiari
Sahel,Yagha,Boundoré,Karmanma
Sahel,Yagha,Boundoré,Karénankali
Sahel,Yagha,Boundoré,Kira
Sahel,Yagha,Boundoré,Kobini
Sahel,Yagha,Boundoré,Louba
Sahel,Yagha,Boundoré,Ouro Dioulbé
Sahel,Yagha,Boundoré,Ouro-Diako
Sahel,Yagha,Boundoré,Pansi
Sahel,Yagha,Boundoré,Satyouri
Sahel,Yagha,Boundoré,Silba
Sahel,Yagha,Boundoré,Soulountou
Sahel,Yagha,Boundoré,Takatami
Sahel,Yagha,Boundoré,Takoulo
Sahel,Yagha,Boundoré,Tampétou
Sahel,Yagha,Boundoré,Tangangari
Sahel,Yagha,Boundoré,Tankouli
Sahel,Yagha,Boundoré,Tantiabongou
Sahel,Yagha,Boundoré,Timbaouri
Sahel,Yagha,Boundoré,Wéli Wodi
Sahel,Yagha,Boundoré,Yama
Sahel,Yagha,Mansila,Babarè 1
Sahel,Yagha,Mansila,Babonga
Sahel,Yagha,Mansila,Bana
Sahel,Yagha,Mansila,Banarè 2
Sahel,Yagha,Mansila,Banga
Sahel,Yagha,Mansila,Bognori
Sahel,Yagha,Mansila,Boliel
Sahel,Yagha,Mansila,Botan
Sahel,Yagha,Mansila,Botontonga
Sahel,Yagha,Mansila,Boutonou
Sahel,Yagha,Mansila,Darounkayrou
Sahel,Yagha,Mansila,Djibondi
Sahel,Yagha,Mansila,Fouly
Sahel,Yagha,Mansila,Gouloumtouba
Sahel,Yagha,Mansila,Guiboanndi
Sahel,Yagha,Mansila,Guitanga
Sahel,Yagha,Mansila,Hamdalaye
Sahel,Yagha,Mansila,Haoura
Sahel,Yagha,Mansila,Kombatchegouré
Sahel,Yagha,Mansila,Konbatyégou
Sahel,Yagha,Mansila,Kontiana
Sahel,Yagha,Mansila,Kossi
Sahel,Yagha,Mansila,Kourou
Sahel,Yagha,Mansila,Koygouroual
Sahel,Yagha,Mansila,Kyala
Sahel,Yagha,Mansila,Lontari
Sahel,Yagha,Mansila,Mansila
Sahel,Yagha,Mansila,Ouro-Balla
Sahel,Yagha,Mansila,Ouro-Djiama
Sahel,Yagha,Mansila,Penkatougou
Sahel,Yagha,Mansila,Pontitiaga
Sahel,Yagha,Mansila,Soféri
Sahel,Yagha,Mansila,Tamna
Sahel,Yagha,Mansila,Tankyana
Sahel,Yagha,Mansila,Tantiaga
Sahel,Yagha,Mansila,Tiabongou
Sahel,Yagha,Mansila,Tioumbanga
Sahel,Yagha,Mansila,Téparé
Sahel,Yagha,Sebba,Bagnaba
Sahel,Yagha,Sebba,Bambori
Sahel,Yagha,Sebba,Bamparou
Sahel,Yagha,Sebba,Bandihossi
Sahel,Yagha,Sebba,Biribéna
Sahel,Yagha,Sebba,Bonbongou
Sahel,Yagha,Sebba,Boulani
Sahel,Yagha,Sebba,Dessé
Sahel,Yagha,Sebba,Diogora
Sahel,Yagha,Sebba,Doundéré
Sahel,Yagha,Sebba,Gandi
Sahel,Yagha,Sebba,Gatougou
Sahel,Yagha,Sebba,Gongongou
Sahel,Yagha,Sebba,Goroua
Sahel,Yagha,Sebba,Guendé
Sahel,Yagha,Sebba,Guisendyori
Sahel,Yagha,Sebba,Guissangou
Sahel,Yagha,Sebba,Helga
Sahel,Yagha,Sebba,Ibbal
Sahel,Yagha,Sebba,Kalangaligui
Sahel,Yagha,Sebba,Kankanfogou
Sahel,Yagha,Sebba,Kirgou
Sahel,Yagha,Sebba,Kopti
Sahel,Yagha,Sebba,Maba
Sahel,Yagha,Sebba,Mantabina
Sahel,Yagha,Sebba,Mouka
Sahel,Yagha,Sebba,Mounéré
Sahel,Yagha,Sebba,Namantougou
Sahel,Yagha,Sebba,Naré
Sahel,Yagha,Sebba,Niaptana
Sahel,Yagha,Sebba,Notou
Sahel,Yagha,Sebba,Péta
Sahel,Yagha,Sebba,Sago
Sahel,Yagha,Sebba,Sebba
Sahel,Yagha,Sebba,Solsi
Sahel,Yagha,Sebba,Tambiga
Sahel,Yagha,Sebba,Tambondi
Sahel,Yagha,Sebba,Tandialouol
Sahel,Yagha,Sebba,Tingou
Sahel,Yagha,Sebba,Tolombou
Sahel,Yagha,Sebba,Tombéri
Sahel,Yagha,Sebba,Tyouridi
Sahel,Yagha,Sebba,Tyélolmoré
Sahel,Yagha,Sebba,Vindifollo
Sahel,Yagha,Sebba,Wantarangou
Sahel,Yagha,Sebba,Wendé
Sahel,Yagha,Sebba,Yantara
Sahel,Yagha,Solhan,Bangaba
Sahel,Yagha,Solhan,Banguel
Sahel,Yagha,Solhan,Bosongri
Sahel,Yagha,Solhan,Bossonguiri
Sahel,Yagha,Solhan,Boutontou
Sahel,Yagha,Solhan,Brankagou
Sahel,Yagha,Solhan,Dambini
Sahel,Yagha,Solhan,Diemsoti
Sahel,Yagha,Solhan,Diogota
Sahel,Yagha,Solhan,Diori-Yagha
Sahel,Yagha,Solhan,Fantafâta
Sahel,Yagha,Solhan,Gongorgouol
Sahel,Yagha,Solhan,Gountouré
Sahel,Yagha,Solhan,Habanga
Sahel,Yagha,Solhan,Hogadambale
Sahel,Yagha,Solhan,Ilaga
Sahel,Yagha,Solhan,Kabo
Sahel,Yagha,Solhan,Karsandi
Sahel,Yagha,Solhan,Kobougou
Sahel,Yagha,Solhan,Kodiengou
Sahel,Yagha,Solhan,Komondi
Sahel,Yagha,Solhan,Latou
Sahel,Yagha,Solhan,Lontia
Sahel,Yagha,Solhan,Nabaningou
Sahel,Yagha,Solhan,Nora
Sahel,Yagha,Solhan,Ogola Rougué
Sahel,Yagha,Solhan,Sambagou
Sahel,Yagha,Solhan,Solhan
Sahel,Yagha,Solhan,Sougyendi
Sahel,Yagha,Solhan,Tanga
Sahel,Yagha,Solhan,Tita
Sahel,Yagha,Solhan,Tongou
Sahel,Yagha,Solhan,Yoba
Sahel,Yagha,Tankougounadié,Baham
Sahel,Yagha,Tankougounadié,Balgabouga
Sahel,Yagha,Tankougounadié,Binguel
Sahel,Yagha,Tankougounadié,Bourtinguèl
Sahel,Yagha,Tankougounadié,Dendiagou
Sahel,Yagha,Tankougounadié,Denga
Sahel,Yagha,Tankougounadié,Dowendou
Sahel,Yagha,Tankougounadié,Gourèl Manma
Sahel,Yagha,Tankougounadié,Hérou
Sahel,Yagha,Tankougounadié,Kankanfogouol
Sahel,Yagha,Tankougounadié,Kansoli
Sahel,Yagha,Tankougounadié,Kolangol
Sahel,Yagha,Tankougounadié,Kollakoye
Sahel,Yagha,Tankougounadié,Kolongan Bani
Sahel,Yagha,Tankougounadié,Kéri
Sahel,Yagha,Tankougounadié,Lonago
Sahel,Yagha,Tankougounadié,Lougwé
Sahel,Yagha,Tankougounadié,Moussoua
Sahel,Yagha,Tankougounadié,Ndiaba
Sahel,Yagha,Tankougounadié,Ngoldyiga
Sahel,Yagha,Tankougounadié,Penperga
Sahel,Yagha,Tankougounadié,Tankougounadié
Sahel,Yagha,Tankougounadié,Tiaguél
Sahel,Yagha,Tankougounadié,Tièna
Sahel,Yagha,Tankougounadié,Téyanga
Sahel,Yagha,Titabè,Batibogou
Sahel,Yagha,Titabè,Bortoré
Sahel,Yagha,Titabè,Diaounga
Sahel,Yagha,Titabè,Dioungodio
Sahel,Yagha,Titabè,Djamana
Sahel,Yagha,Titabè,Dyoungodyo
Sahel,Yagha,Titabè,Dyowanga
Sahel,Yagha,Titabè,Gournyel
Sahel,Yagha,Titabè,Hargadangou
Sahel,Yagha,Titabè,Ipeli
Sahel,Yagha,Titabè,Kaboulé
Sahel,Yagha,Titabè,Komanti
Sahel,Yagha,Titabè,Kourori
Sahel,Yagha,Titabè,Léré Nganay
Sahel,Yagha,Titabè,Nyoumotogo
Sahel,Yagha,Titabè,Obouga
Sahel,Yagha,Titabè,Ouro Aladji
Sahel,Yagha,Titabè,Ouro Dyanigangoré
Sahel,Yagha,Titabè,Ouro Konou
Sahel,Yagha,Titabè,Ouro Pabou
Sahel,Yagha,Titabè,Ouro Tambèlla
Sahel,Yagha,Titabè,Ouro-Sabou
Sahel,Yagha,Titabè,Pogadèlbi
Sahel,Yagha,Titabè,Pougoumbiel
Sahel,Yagha,Titabè,Tegou-Mango
Sahel,Yagha,Titabè,Tialé
Sahel,Yagha,Titabè,Titabé
Sahel,Yagha,Titabè,Tiékagnibi
Sahel,Yagha,Titabè,Towourougou
Sahel,Yagha,Titabè,Tègou-Ladiel
Sahel,Yagha,Titabè,Wortaré
Sahel,Yagha,Titabè,Zongowaétan
Sud-Ouest,Bougouriba,Diébougou,Balignar
Sud-Ouest,Bougouriba,Diébougou,Bamako
Sud-Ouest,Bougouriba,Diébougou,Bapla
Sud-Ouest,Bougouriba,Diébougou,Bapla-Birifor
Sud-Ouest,Bougouriba,Diébougou,Barindia
Sud-Ouest,Bougouriba,Diébougou,Dampozou
Sud-Ouest,Bougouriba,Diébougou,Danko-Tanzou
Sud-Ouest,Bougouriba,Diébougou,Dankoblé
Sud-Ouest,Bougouriba,Diébougou,Dapla
Sud-Ouest,Bougouriba,Diébougou,Diasser
Sud-Ouest,Bougouriba,Diébougou,Diounkarko
Sud-Ouest,Bougouriba,Diébougou,Diébougou
Sud-Ouest,Bougouriba,Diébougou,Kolepar
Sud-Ouest,Bougouriba,Diébougou,Kompièla-Wapali
Sud-Ouest,Bougouriba,Diébougou,Konsabla
Sud-Ouest,Bougouriba,Diébougou,Kpakpara
Sud-Ouest,Bougouriba,Diébougou,Kpologo
Sud-Ouest,Bougouriba,Diébougou,Lokodja
Sud-Ouest,Bougouriba,Diébougou,Loto
Sud-Ouest,Bougouriba,Diébougou,Mebar
Sud-Ouest,Bougouriba,Diébougou,Moulé
Sud-Ouest,Bougouriba,Diébougou,Moutori
Sud-Ouest,Bougouriba,Diébougou,Mouvielo
Sud-Ouest,Bougouriba,Diébougou,Naborgane
Sud-Ouest,Bougouriba,Diébougou,Nané
Sud-Ouest,Bougouriba,Diébougou,Navielgane
Sud-Ouest,Bougouriba,Diébougou,Nipodia
Sud-Ouest,Bougouriba,Diébougou,Segré
Sud-Ouest,Bougouriba,Diébougou,Sorgon
Sud-Ouest,Bougouriba,Diébougou,Séourégane
Sud-Ouest,Bougouriba,Diébougou,Tampé
Sud-Ouest,Bougouriba,Diébougou,Tansié
Sud-Ouest,Bougouriba,Diébougou,Tantoua
Sud-Ouest,Bougouriba,Diébougou,Tiedia
Sud-Ouest,Bougouriba,Diébougou,Voukoun
Sud-Ouest,Bougouriba,Dolo,Bohéro
Sud-Ouest,Bougouriba,Dolo,Bèkoro
Sud-Ouest,Bougouriba,Dolo,Diagnon
Sud-Ouest,Bougouriba,Dolo,Dolindia
Sud-Ouest,Bougouriba,Dolo,Dolo
Sud-Ouest,Bougouriba,Dolo,Goumpologo
Sud-Ouest,Bougouriba,Dolo,Hèllèlè
Sud-Ouest,Bougouriba,Dolo,Lobadan
Sud-Ouest,Bougouriba,Dolo,Milkpo
Sud-Ouest,Bougouriba,Dolo,Nicéo
Sud-Ouest,Bougouriba,Dolo,Nouvielgane
Sud-Ouest,Bougouriba,Dolo,Olbontouné
Sud-Ouest,Bougouriba,Dolo,Saptan
Sud-Ouest,Bougouriba,Dolo,Soussoubro
Sud-Ouest,Bougouriba,Dolo,Tinkiro-Lobi
Sud-Ouest,Bougouriba,Dolo,Tonyo
Sud-Ouest,Bougouriba,Gbondjigui,Bondigui
Sud-Ouest,Bougouriba,Gbondjigui,Bonfesso
Sud-Ouest,Bougouriba,Gbondjigui,Dalidja
Sud-Ouest,Bougouriba,Gbondjigui,Darodine
Sud-Ouest,Bougouriba,Gbondjigui,Diarkadougou
Sud-Ouest,Bougouriba,Gbondjigui,Intiédougou
Sud-Ouest,Bougouriba,Gbondjigui,Kobogo
Sud-Ouest,Bougouriba,Gbondjigui,Kpèdia
Sud-Ouest,Bougouriba,Gbondjigui,Mougué
Sud-Ouest,Bougouriba,Gbondjigui,Nabalé
Sud-Ouest,Bougouriba,Gbondjigui,Nabéré
Sud-Ouest,Bougouriba,Gbondjigui,Nahirindon
Sud-Ouest,Bougouriba,Gbondjigui,Obro
Sud-Ouest,Bougouriba,Gbondjigui,Sorindigui
Sud-Ouest,Bougouriba,Gbondjigui,Timpo
Sud-Ouest,Bougouriba,Gbondjigui,Toungbounion
Sud-Ouest,Bougouriba,Gbondjigui,Wan
Sud-Ouest,Bougouriba,Gbondjigui,Zanawa
Sud-Ouest,Bougouriba,Gbondjigui,Zanawa-Pougouli
Sud-Ouest,Bougouriba,Iôlôniôrô,Badiéro
Sud-Ouest,Bougouriba,Iôlôniôrô,Bampéra
Sud-Ouest,Bougouriba,Iôlôniôrô,Barkoura
Sud-Ouest,Bougouriba,Iôlôniôrô,Barsera
Sud-Ouest,Bougouriba,Iôlôniôrô,Binte
Sud-Ouest,Bougouriba,Iôlôniôrô,Botoro
Sud-Ouest,Bougouriba,Iôlôniôrô,Burkinao
Sud-Ouest,Bougouriba,Iôlôniôrô,Bénté
Sud-Ouest,Bougouriba,Iôlôniôrô,Diassara
Sud-Ouest,Bougouriba,Iôlôniôrô,Djonlèra
Sud-Ouest,Bougouriba,Iôlôniôrô,Doumbouro
Sud-Ouest,Bougouriba,Iôlôniôrô,Dounkora
Sud-Ouest,Bougouriba,Iôlôniôrô,Dountelo
Sud-Ouest,Bougouriba,Iôlôniôrô,Gairo
Sud-Ouest,Bougouriba,Iôlôniôrô,Gbingue
Sud-Ouest,Bougouriba,Iôlôniôrô,Gbérinkoro
Sud-Ouest,Bougouriba,Iôlôniôrô,Gomgombiro
Sud-Ouest,Bougouriba,Iôlôniôrô,Gongontiano
Sud-Ouest,Bougouriba,Iôlôniôrô,Hebrimpono
Sud-Ouest,Bougouriba,Iôlôniôrô,Holkokoura
Sud-Ouest,Bougouriba,Iôlôniôrô,Iolonioro
Sud-Ouest,Bougouriba,Iôlôniôrô,Kambeledaga
Sud-Ouest,Bougouriba,Iôlôniôrô,Koursera
Sud-Ouest,Bougouriba,Iôlôniôrô,Kpalbalo
Sud-Ouest,Bougouriba,Iôlôniôrô,Kpangnela
Sud-Ouest,Bougouriba,Iôlôniôrô,Kpantionao
Sud-Ouest,Bougouriba,Iôlôniôrô,Lampanno
Sud-Ouest,Bougouriba,Iôlôniôrô,Loukoura
Sud-Ouest,Bougouriba,Iôlôniôrô,Légbénégué
Sud-Ouest,Bougouriba,Iôlôniôrô,Midiouna
Sud-Ouest,Bougouriba,Iôlôniôrô,Milpo
Sud-Ouest,Bougouriba,Iôlôniôrô,Moussira
Sud-Ouest,Bougouriba,Iôlôniôrô,N'tonhero
Sud-Ouest,Bougouriba,Iôlôniôrô,Napara
Sud-Ouest,Bougouriba,Iôlôniôrô,Niombouna
Sud-Ouest,Bougouriba,Iôlôniôrô,Niombripo
Sud-Ouest,Bougouriba,Iôlôniôrô,Nonkuéro
Sud-Ouest,Bougouriba,Iôlôniôrô,Ouandoura
Sud-Ouest,Bougouriba,Iôlôniôrô,Ouidiara
Sud-Ouest,Bougouriba,Iôlôniôrô,Ouérin
Sud-Ouest,Bougouriba,Iôlôniôrô,Pergdalembiro
Sud-Ouest,Bougouriba,Iôlôniôrô,Pokouro
Sud-Ouest,Bougouriba,Iôlôniôrô,Poyo
Sud-Ouest,Bougouriba,Iôlôniôrô,Sangolo
Sud-Ouest,Bougouriba,Iôlôniôrô,Saramboura
Sud-Ouest,Bougouriba,Iôlôniôrô,Sidimoukar-Hiro
Sud-Ouest,Bougouriba,Iôlôniôrô,Sidoumoukar
Sud-Ouest,Bougouriba,Iôlôniôrô,Sinamanana
Sud-Ouest,Bougouriba,Iôlôniôrô,Tiakoura
Sud-Ouest,Bougouriba,Iôlôniôrô,Tiarkiro
Sud-Ouest,Bougouriba,Iôlôniôrô,Tomena
Sud-Ouest,Bougouriba,Iôlôniôrô,Torkiaro
Sud-Ouest,Bougouriba,Iôlôniôrô,Werinkera
Sud-Ouest,Bougouriba,Iôlôniôrô,Wérin
Sud-Ouest,Bougouriba,Iôlôniôrô,Yeyera
Sud-Ouest,Bougouriba,Iôlôniôrô,Younora
Sud-Ouest,Bougouriba,Tiankoura,Balambiro
Sud-Ouest,Bougouriba,Tiankoura,Bombara
Sud-Ouest,Bougouriba,Tiankoura,Bréhiro
Sud-Ouest,Bougouriba,Tiankoura,Dangbara
Sud-Ouest,Bougouriba,Tiankoura,Diourao
Sud-Ouest,Bougouriba,Tiankoura,Diébiro
Sud-Ouest,Bougouriba,Tiankoura,Elfora
Sud-Ouest,Bougouriba,Tiankoura,Gbokolo
Sud-Ouest,Bougouriba,Tiankoura,Gongombiro
Sud-Ouest,Bougouriba,Tiankoura,Gongoura
Sud-Ouest,Bougouriba,Tiankoura,Guimbissenao
Sud-Ouest,Bougouriba,Tiankoura,Kambo
Sud-Ouest,Bougouriba,Tiankoura,Kankoura
Sud-Ouest,Bougouriba,Tiankoura,Kanseo
Sud-Ouest,Bougouriba,Tiankoura,Kimpeo
Sud-Ouest,Bougouriba,Tiankoura,Kolonkoura
Sud-Ouest,Bougouriba,Tiankoura,Kongossiera
Sud-Ouest,Bougouriba,Tiankoura,Kouloh
Sud-Ouest,Bougouriba,Tiankoura,Kourguenou
Sud-Ouest,Bougouriba,Tiankoura,Kourou
Sud-Ouest,Bougouriba,Tiankoura,Kpolo
Sud-Ouest,Bougouriba,Tiankoura,Lobignonao
Sud-Ouest,Bougouriba,Tiankoura,Minao
Sud-Ouest,Bougouriba,Tiankoura,N'tompiro
Sud-Ouest,Bougouriba,Tiankoura,N'tonhiro
Sud-Ouest,Bougouriba,Tiankoura,Niempiro
Sud-Ouest,Bougouriba,Tiankoura,Nkinora
Sud-Ouest,Bougouriba,Tiankoura,Nonkira
Sud-Ouest,Bougouriba,Tiankoura,Odara
Sud-Ouest,Bougouriba,Tiankoura,Orkounou
Sud-Ouest,Bougouriba,Tiankoura,Palembera
Sud-Ouest,Bougouriba,Tiankoura,Sihintiro
Sud-Ouest,Bougouriba,Tiankoura,Sinkiro
Sud-Ouest,Bougouriba,Tiankoura,Sounkpourouna
Sud-Ouest,Bougouriba,Tiankoura,Tiakoura
Sud-Ouest,Bougouriba,Tiankoura,Tiankoura
Sud-Ouest,Bougouriba,Tiankoura,Tinguera
Sud-Ouest,Bougouriba,Tiankoura,Tiopanao
Sud-Ouest,Bougouriba,Tiankoura,Tioyo
Sud-Ouest,Bougouriba,Tiankoura,Tordiera
Sud-Ouest,Bougouriba,Tiankoura,Uleo
Sud-Ouest,Bougouriba,Tiankoura,Waltièra
Sud-Ouest,Bougouriba,Tiankoura,Wangara
Sud-Ouest,Bougouriba,Tiankoura,Yèbèlèla
Sud-Ouest,Bougouriba,Tiankoura,Yèlèla
Sud-Ouest,Ioba,Dano,Bafore
Sud-Ouest,Ioba,Dano,Balembar
Sud-Ouest,Ioba,Dano,Balembarparé
Sud-Ouest,Ioba,Dano,Batiara
Sud-Ouest,Ioba,Dano,Bontiolo
Sud-Ouest,Ioba,Dano,Complan
Sud-Ouest,Ioba,Dano,Dabao
Sud-Ouest,Ioba,Dano,Dano
Sud-Ouest,Ioba,Dano,Dayèrè
Sud-Ouest,Ioba,Dano,Domoulè
Sud-Ouest,Ioba,Dano,Fitingué
Sud-Ouest,Ioba,Dano,Gbaba
Sud-Ouest,Ioba,Dano,Gnigbaman
Sud-Ouest,Ioba,Dano,Gnikpiere
Sud-Ouest,Ioba,Dano,Gnimi
Sud-Ouest,Ioba,Dano,Gorgane
Sud-Ouest,Ioba,Dano,Iwalè
Sud-Ouest,Ioba,Dano,Kobar
Sud-Ouest,Ioba,Dano,Kpélégane
Sud-Ouest,Ioba,Dano,Lofing
Sud-Ouest,Ioba,Dano,Loungouarè
Sud-Ouest,Ioba,Dano,Manzour
Sud-Ouest,Ioba,Dano,Mebar
Sud-Ouest,Ioba,Dano,Nahoulé
Sud-Ouest,Ioba,Dano,Navrikpoué
Sud-Ouest,Ioba,Dano,Pontiéba
Sud-Ouest,Ioba,Dano,Sarba (Bafore)
Sud-Ouest,Ioba,Dano,Sorkon
Sud-Ouest,Ioba,Dano,Soryane
Sud-Ouest,Ioba,Dano,Tambalan
Sud-Ouest,Ioba,Dano,Tambikpéré
Sud-Ouest,Ioba,Dano,Tambiri
Sud-Ouest,Ioba,Dano,Tessiougane
Sud-Ouest,Ioba,Dano,Wadièlè
Sud-Ouest,Ioba,Dano,Yabogane
Sud-Ouest,Ioba,Dano,Yô
Sud-Ouest,Ioba,Dano,Zouziègane
Sud-Ouest,Ioba,Dissihn,Bagane
Sud-Ouest,Ioba,Dissihn,Benvar
Sud-Ouest,Ioba,Dissihn,Bilbalè
Sud-Ouest,Ioba,Dissihn,Dadonè
Sud-Ouest,Ioba,Dissihn,Dakolé
Sud-Ouest,Ioba,Dissihn,Dissin (Koin-Tansien)
Sud-Ouest,Ioba,Dissihn,Done
Sud-Ouest,Ioba,Dissihn,Gora
Sud-Ouest,Ioba,Dissihn,Kankampèlè
Sud-Ouest,Ioba,Dissihn,Koin-Tansien
Sud-Ouest,Ioba,Dissihn,Kokolibou
Sud-Ouest,Ioba,Dissihn,Korgnègane
Sud-Ouest,Ioba,Dissihn,Kouléteon
Sud-Ouest,Ioba,Dissihn,Kpoman
Sud-Ouest,Ioba,Dissihn,Kpopèri
Sud-Ouest,Ioba,Dissihn,Mou
Sud-Ouest,Ioba,Dissihn,Méon
Sud-Ouest,Ioba,Dissihn,Nakar
Sud-Ouest,Ioba,Dissihn,Namarè
Sud-Ouest,Ioba,Dissihn,Natiétéon
Sud-Ouest,Ioba,Dissihn,Navrikpè
Sud-Ouest,Ioba,Dissihn,Ouizine
Sud-Ouest,Ioba,Dissihn,Saala
Sud-Ouest,Ioba,Dissihn,Tangsebla
Sud-Ouest,Ioba,Dissihn,Toléper
Sud-Ouest,Ioba,Dissihn,Zodoun Tampouo
Sud-Ouest,Ioba,Guéguéré,Badièrè
Sud-Ouest,Ioba,Guéguéré,Badoné
Sud-Ouest,Ioba,Guéguéré,Batièlè
Sud-Ouest,Ioba,Guéguéré,Bilé
Sud-Ouest,Ioba,Guéguéré,Bouni
Sud-Ouest,Ioba,Guéguéré,Dabolé
Sud-Ouest,Ioba,Guéguéré,Dahorè
Sud-Ouest,Ioba,Guéguéré,Dakoula
Sud-Ouest,Ioba,Guéguéré,Didro
Sud-Ouest,Ioba,Guéguéré,Dioumouon
Sud-Ouest,Ioba,Guéguéré,Doumouolè
Sud-Ouest,Ioba,Guéguéré,Gnimbarè
Sud-Ouest,Ioba,Guéguéré,Gogoba
Sud-Ouest,Ioba,Guéguéré,Guéguéré
Sud-Ouest,Ioba,Guéguéré,Katogué
Sud-Ouest,Ioba,Guéguéré,Kolkol
Sud-Ouest,Ioba,Guéguéré,Komon
Sud-Ouest,Ioba,Guéguéré,Koregnon
Sud-Ouest,Ioba,Guéguéré,Koulégane
Sud-Ouest,Ioba,Guéguéré,Kourkour
Sud-Ouest,Ioba,Guéguéré,Libiélé
Sud-Ouest,Ioba,Guéguéré,Moulourou
Sud-Ouest,Ioba,Guéguéré,Nablégane
Sud-Ouest,Ioba,Guéguéré,Nakar
Sud-Ouest,Ioba,Guéguéré,Naro
Sud-Ouest,Ioba,Guéguéré,Naro-Bagane
Sud-Ouest,Ioba,Guéguéré,Navrinkpkè
Sud-Ouest,Ioba,Guéguéré,Pabo
Sud-Ouest,Ioba,Guéguéré,Sahorè
Sud-Ouest,Ioba,Guéguéré,Salibor
Sud-Ouest,Ioba,Guéguéré,Saléteon
Sud-Ouest,Ioba,Guéguéré,Tampouor
Sud-Ouest,Ioba,Guéguéré,Tankiédougou (Gogoba)
Sud-Ouest,Ioba,Guéguéré,Ténoulé
Sud-Ouest,Ioba,Guéguéré,Vourégane
Sud-Ouest,Ioba,Guéguéré,Walala
Sud-Ouest,Ioba,Guéguéré,Zelinkpè
Sud-Ouest,Ioba,Koper,Babora
Sud-Ouest,Ioba,Koper,Bingane
Sud-Ouest,Ioba,Koper,Binkola
Sud-Ouest,Ioba,Koper,Boulmontéon
Sud-Ouest,Ioba,Koper,Béné
Sud-Ouest,Ioba,Koper,Dalgane
Sud-Ouest,Ioba,Koper,Dianvor
Sud-Ouest,Ioba,Koper,Dibgho
Sud-Ouest,Ioba,Koper,Gohipoua
Sud-Ouest,Ioba,Koper,Gorgane
Sud-Ouest,Ioba,Koper,Gouri
Sud-Ouest,Ioba,Koper,Gourpouo
Sud-Ouest,Ioba,Koper,Koper
Sud-Ouest,Ioba,Koper,Kpaan
Sud-Ouest,Ioba,Koper,Kpaï
Sud-Ouest,Ioba,Koper,Lopal
Sud-Ouest,Ioba,Koper,Mougnoupèlè
Sud-Ouest,Ioba,Koper,Mèmer
Sud-Ouest,Ioba,Koper,Nanouor
Sud-Ouest,Ioba,Koper,Pirkon
Sud-Ouest,Ioba,Koper,Pékoua
Sud-Ouest,Ioba,Koper,Soo-Vovor
Sud-Ouest,Ioba,Koper,Tangbè
Sud-Ouest,Ioba,Koper,Toulpouo
Sud-Ouest,Ioba,Koper,Zingane
Sud-Ouest,Ioba,Koper,Zoner
Sud-Ouest,Ioba,Koper,Zopal
Sud-Ouest,Ioba,Niégo,Bakotourou
Sud-Ouest,Ioba,Niégo,Bevougane
Sud-Ouest,Ioba,Niégo,Dadouné
Sud-Ouest,Ioba,Niégo,Kielkielsa
Sud-Ouest,Ioba,Niégo,Kondompéré
Sud-Ouest,Ioba,Niégo,Kondon
Sud-Ouest,Ioba,Niégo,Nabouvélé
Sud-Ouest,Ioba,Niégo,Ndagnan
Sud-Ouest,Ioba,Niégo,Niégo
Sud-Ouest,Ioba,Niégo,Nonolé
Sud-Ouest,Ioba,Niégo,Tamagan
Sud-Ouest,Ioba,Niégo,Toury
Sud-Ouest,Ioba,Niégo,Varpouo
Sud-Ouest,Ioba,Niégo,Wékanalé
Sud-Ouest,Ioba,Oronkua,Bankandi
Sud-Ouest,Ioba,Oronkua,Bisserké
Sud-Ouest,Ioba,Oronkua,Djianvour
Sud-Ouest,Ioba,Oronkua,Gagnimé
Sud-Ouest,Ioba,Oronkua,Gagou
Sud-Ouest,Ioba,Oronkua,Gbangbadotéon
Sud-Ouest,Ioba,Oronkua,Gnitégba
Sud-Ouest,Ioba,Oronkua,Kankaniba
Sud-Ouest,Ioba,Oronkua,Kombazien
Sud-Ouest,Ioba,Oronkua,Oronkua
Sud-Ouest,Ioba,Oronkua,Orpoune
Sud-Ouest,Ioba,Oronkua,Pouléba
Sud-Ouest,Ioba,Oronkua,Wahablé
Sud-Ouest,Ioba,Oronkua,Zintéo
Sud-Ouest,Ioba,Ouéssa,Bekotenga
Sud-Ouest,Ioba,Ouéssa,Dablétéon
Sud-Ouest,Ioba,Ouéssa,Dandéré
Sud-Ouest,Ioba,Ouéssa,Dianlé
Sud-Ouest,Ioba,Ouéssa,Hamélé
Sud-Ouest,Ioba,Ouéssa,Kierrim
Sud-Ouest,Ioba,Ouéssa,Kolika nabo
Sud-Ouest,Ioba,Ouéssa,Kolinka
Sud-Ouest,Ioba,Ouéssa,Langlé
Sud-Ouest,Ioba,Ouéssa,Ouéssa
Sud-Ouest,Ioba,Ouéssa,Simou
Sud-Ouest,Ioba,Ouéssa,Sorgogane
Sud-Ouest,Ioba,Zambo,Bobra-Gogo
Sud-Ouest,Ioba,Zambo,Bolkpè
Sud-Ouest,Ioba,Zambo,Bontioli
Sud-Ouest,Ioba,Zambo,Dergane
Sud-Ouest,Ioba,Zambo,Djikologo
Sud-Ouest,Ioba,Zambo,Forotéon
Sud-Ouest,Ioba,Zambo,Gamgbo
Sud-Ouest,Ioba,Zambo,Gbongbo-Zodoun
Sud-Ouest,Ioba,Zambo,Gbonko
Sud-Ouest,Ioba,Zambo,Gnamè
Sud-Ouest,Ioba,Zambo,Habre
Sud-Ouest,Ioba,Zambo,Korbè
Sud-Ouest,Ioba,Zambo,Korompéri
Sud-Ouest,Ioba,Zambo,Kpankpirè
Sud-Ouest,Ioba,Zambo,Manoa
Sud-Ouest,Ioba,Zambo,Nambléteon
Sud-Ouest,Ioba,Zambo,Pintou
Sud-Ouest,Ioba,Zambo,Tampla
Sud-Ouest,Ioba,Zambo,Tieréteon
Sud-Ouest,Ioba,Zambo,Tovor
Sud-Ouest,Ioba,Zambo,Yorkiar
Sud-Ouest,Ioba,Zambo,Zambo
Sud-Ouest,Ioba,Zambo,Zoolo
Sud-Ouest,Noumbiel,Batié,Ambourma
Sud-Ouest,Noumbiel,Batié,Bakon
Sud-Ouest,Noumbiel,Batié,Bamine
Sud-Ouest,Noumbiel,Batié,Banamba-Izir
Sud-Ouest,Noumbiel,Batié,Banamba-Sesso
Sud-Ouest,Noumbiel,Batié,Banamba-Toma
Sud-Ouest,Noumbiel,Batié,Banemba-Ipiel
Sud-Ouest,Noumbiel,Batié,Batié
Sud-Ouest,Noumbiel,Batié,Daboziir
Sud-Ouest,Noumbiel,Batié,Dakira
Sud-Ouest,Noumbiel,Batié,Dangbal
Sud-Ouest,Noumbiel,Batié,Diebe
Sud-Ouest,Noumbiel,Batié,Dieme
Sud-Ouest,Noumbiel,Batié,Dissieteon
Sud-Ouest,Noumbiel,Batié,Djoungbal
Sud-Ouest,Noumbiel,Batié,Dokita
Sud-Ouest,Noumbiel,Batié,Donssiere
Sud-Ouest,Noumbiel,Batié,Douloumba
Sud-Ouest,Noumbiel,Batié,Fadio
Sud-Ouest,Noumbiel,Batié,Gangalma
Sud-Ouest,Noumbiel,Batié,Gapar
Sud-Ouest,Noumbiel,Batié,Gombar
Sud-Ouest,Noumbiel,Batié,Ipreteon
Sud-Ouest,Noumbiel,Batié,Kadjateon
Sud-Ouest,Noumbiel,Batié,Kamateon
Sud-Ouest,Noumbiel,Batié,Kamba
Sud-Ouest,Noumbiel,Batié,Kankoumana
Sud-Ouest,Noumbiel,Batié,Koriba
Sud-Ouest,Noumbiel,Batié,Koriba-Kinkininé
Sud-Ouest,Noumbiel,Batié,Koriba-Tanzou
Sud-Ouest,Noumbiel,Batié,Koudio
Sud-Ouest,Noumbiel,Batié,Koudjo
Sud-Ouest,Noumbiel,Batié,Kpeka
Sud-Ouest,Noumbiel,Batié,Kpoulokpoulo
Sud-Ouest,Noumbiel,Batié,Lakpar
Sud-Ouest,Noumbiel,Batié,Mal-Dodomo
Sud-Ouest,Noumbiel,Batié,Mal-Sourgoin
Sud-Ouest,Noumbiel,Batié,Malteon
Sud-Ouest,Noumbiel,Batié,Mamantéon
Sud-Ouest,Noumbiel,Batié,Moriba
Sud-Ouest,Noumbiel,Batié,Niobol
Sud-Ouest,Noumbiel,Batié,Niolka
Sud-Ouest,Noumbiel,Batié,Nove
Sud-Ouest,Noumbiel,Batié,Poni-kienkire
Sud-Ouest,Noumbiel,Batié,Porapo
Sud-Ouest,Noumbiel,Batié,Pribar
Sud-Ouest,Noumbiel,Batié,Sourapera
Sud-Ouest,Noumbiel,Batié,Tadoteon
Sud-Ouest,Noumbiel,Batié,Tagneteon
Sud-Ouest,Noumbiel,Batié,Takpo
Sud-Ouest,Noumbiel,Batié,Tamipar
Sud-Ouest,Noumbiel,Batié,Tinhouri
Sud-Ouest,Noumbiel,Batié,Toanta
Sud-Ouest,Noumbiel,Batié,Tonior
Sud-Ouest,Noumbiel,Batié,Tonteon
Sud-Ouest,Noumbiel,Batié,Toppi
Sud-Ouest,Noumbiel,Batié,Toupar
Sud-Ouest,Noumbiel,Batié,Toussana
Sud-Ouest,Noumbiel,Batié,Varkourkoula
Sud-Ouest,Noumbiel,Batié,Wélinko-ipiel
Sud-Ouest,Noumbiel,Batié,Yoldeteon
Sud-Ouest,Noumbiel,Batié,Zilateon
Sud-Ouest,Noumbiel,Batié,Zindi
Sud-Ouest,Noumbiel,Boussou-Koula,Binissira
Sud-Ouest,Noumbiel,Boussou-Koula,Bobera
Sud-Ouest,Noumbiel,Boussou-Koula,Bonkolou
Sud-Ouest,Noumbiel,Boussou-Koula,Bonkolou-tolkahoun
Sud-Ouest,Noumbiel,Boussou-Koula,Bountara
Sud-Ouest,Noumbiel,Boussou-Koula,Boussoukoula
Sud-Ouest,Noumbiel,Boussou-Koula,Dallera-Helmira
Sud-Ouest,Noumbiel,Boussou-Koula,Dawédo
Sud-Ouest,Noumbiel,Boussou-Koula,Donafara
Sud-Ouest,Noumbiel,Boussou-Koula,Foumera
Sud-Ouest,Noumbiel,Boussou-Koula,Gbabira
Sud-Ouest,Noumbiel,Boussou-Koula,Gongonkar
Sud-Ouest,Noumbiel,Boussou-Koula,Kalamkporo
Sud-Ouest,Noumbiel,Boussou-Koula,Kimtara
Sud-Ouest,Noumbiel,Boussou-Koula,Konkera
Sud-Ouest,Noumbiel,Boussou-Koula,Kosso-tier
Sud-Ouest,Noumbiel,Boussou-Koula,Kosso-you
Sud-Ouest,Noumbiel,Boussou-Koula,Kpaon
Sud-Ouest,Noumbiel,Boussou-Koula,Nambouna-Boptara
Sud-Ouest,Noumbiel,Boussou-Koula,Nepelimpira
Sud-Ouest,Noumbiel,Boussou-Koula,Niobouro
Sud-Ouest,Noumbiel,Boussou-Koula,Nobrodouo
Sud-Ouest,Noumbiel,Boussou-Koula,Noperdouo
Sud-Ouest,Noumbiel,Boussou-Koula,Paradouo
Sud-Ouest,Noumbiel,Boussou-Koula,Prounkera
Sud-Ouest,Noumbiel,Boussou-Koula,Setadouo
Sud-Ouest,Noumbiel,Boussou-Koula,Sikati
Sud-Ouest,Noumbiel,Boussou-Koula,Tiempara
Sud-Ouest,Noumbiel,Boussou-Koula,Tifrodouo
Sud-Ouest,Noumbiel,Boussou-Koula,Tiokpolo
Sud-Ouest,Noumbiel,Boussou-Koula,Vinadouo
Sud-Ouest,Noumbiel,Boussou-Koula,Yelhourodouo
Sud-Ouest,Noumbiel,Kpuéré,Bonfateon
Sud-Ouest,Noumbiel,Kpuéré,Derbar
Sud-Ouest,Noumbiel,Kpuéré,Dimiètéon
Sud-Ouest,Noumbiel,Kpuéré,Fadio
Sud-Ouest,Noumbiel,Kpuéré,Fadio-mepeen
Sud-Ouest,Noumbiel,Kpuéré,Fouobmar
Sud-Ouest,Noumbiel,Kpuéré,Kouldadouo
Sud-Ouest,Noumbiel,Kpuéré,Kpuéré
Sud-Ouest,Noumbiel,Kpuéré,Lessiboro
Sud-Ouest,Noumbiel,Kpuéré,Medicateon
Sud-Ouest,Noumbiel,Kpuéré,Mereteon
Sud-Ouest,Noumbiel,Kpuéré,Nabateon
Sud-Ouest,Noumbiel,Kpuéré,Pourbon
Sud-Ouest,Noumbiel,Kpuéré,Teheni-sud
Sud-Ouest,Noumbiel,Kpuéré,Tiapreteon
Sud-Ouest,Noumbiel,Kpuéré,Titinateon
Sud-Ouest,Noumbiel,Kpuéré,Tonpouor
Sud-Ouest,Noumbiel,Legmoin,Bognateon
Sud-Ouest,Noumbiel,Legmoin,Bopiel (Nakone)
Sud-Ouest,Noumbiel,Legmoin,Dakpolo-Folapouo
Sud-Ouest,Noumbiel,Legmoin,Dakpolo-Gompar
Sud-Ouest,Noumbiel,Legmoin,Dankana
Sud-Ouest,Noumbiel,Legmoin,Dankana-Ipala
Sud-Ouest,Noumbiel,Legmoin,Dankana-Nabagone
Sud-Ouest,Noumbiel,Legmoin,Dassara
Sud-Ouest,Noumbiel,Legmoin,Dazouba
Sud-Ouest,Noumbiel,Legmoin,Delouteon
Sud-Ouest,Noumbiel,Legmoin,Douotaon
Sud-Ouest,Noumbiel,Legmoin,Ferkane
Sud-Ouest,Noumbiel,Legmoin,Galire
Sud-Ouest,Noumbiel,Legmoin,Kala
Sud-Ouest,Noumbiel,Legmoin,Kiriblé
Sud-Ouest,Noumbiel,Legmoin,Koulbie
Sud-Ouest,Noumbiel,Legmoin,Koule
Sud-Ouest,Noumbiel,Legmoin,Kour
Sud-Ouest,Noumbiel,Legmoin,Kpadier
Sud-Ouest,Noumbiel,Legmoin,Legmoin
Sud-Ouest,Noumbiel,Legmoin,Nakone
Sud-Ouest,Noumbiel,Legmoin,Nibieteon
Sud-Ouest,Noumbiel,Legmoin,Norakonkon
Sud-Ouest,Noumbiel,Legmoin,Opor-badouor
Sud-Ouest,Noumbiel,Legmoin,Opor-kakalapouor
Sud-Ouest,Noumbiel,Legmoin,Opor-seguere
Sud-Ouest,Noumbiel,Legmoin,Opor-tankoli
Sud-Ouest,Noumbiel,Legmoin,Ouadiel
Sud-Ouest,Noumbiel,Legmoin,Ouelba
Sud-Ouest,Noumbiel,Legmoin,Palior
Sud-Ouest,Noumbiel,Legmoin,Piri
Sud-Ouest,Noumbiel,Legmoin,Pontiel
Sud-Ouest,Noumbiel,Legmoin,Salamboteon
Sud-Ouest,Noumbiel,Legmoin,Silom folapouo
Sud-Ouest,Noumbiel,Legmoin,Silom-bagone
Sud-Ouest,Noumbiel,Legmoin,Silom-dabori
Sud-Ouest,Noumbiel,Legmoin,Silom-nabateon
Sud-Ouest,Noumbiel,Legmoin,Tiekel
Sud-Ouest,Noumbiel,Legmoin,Toupar
Sud-Ouest,Noumbiel,Legmoin,Voube-gompar
Sud-Ouest,Noumbiel,Legmoin,Voube-tanzou
Sud-Ouest,Noumbiel,Legmoin,Yapoteon
Sud-Ouest,Noumbiel,Legmoin,Zinka-Kpoko
Sud-Ouest,Noumbiel,Legmoin,Zinka-folapouo
Sud-Ouest,Noumbiel,Legmoin,Zinka-tol
Sud-Ouest,Noumbiel,Legmoin,Zinsiere
Sud-Ouest,Noumbiel,Legmoin,Zinzour
Sud-Ouest,Noumbiel,Legmoin,Zinzour-polo
Sud-Ouest,Noumbiel,Midebdo,Amimbiri
Sud-Ouest,Noumbiel,Midebdo,Beboula
Sud-Ouest,Noumbiel,Midebdo,Bielmira
Sud-Ouest,Noumbiel,Midebdo,Bongolona
Sud-Ouest,Noumbiel,Midebdo,Bonkossera
Sud-Ouest,Noumbiel,Midebdo,Boulignora
Sud-Ouest,Noumbiel,Midebdo,Boulompera
Sud-Ouest,Noumbiel,Midebdo,Bounoubara
Sud-Ouest,Noumbiel,Midebdo,Dapladio
Sud-Ouest,Noumbiel,Midebdo,Diattara
Sud-Ouest,Noumbiel,Midebdo,Diebroudouo
Sud-Ouest,Noumbiel,Midebdo,Dimenemina
Sud-Ouest,Noumbiel,Midebdo,Diomena
Sud-Ouest,Noumbiel,Midebdo,Dobena
Sud-Ouest,Noumbiel,Midebdo,Dongdona
Sud-Ouest,Noumbiel,Midebdo,Farakouora
Sud-Ouest,Noumbiel,Midebdo,Foumbira
Sud-Ouest,Noumbiel,Midebdo,Founfouna
Sud-Ouest,Noumbiel,Midebdo,Guilakoro-Tiopanao
Sud-Ouest,Noumbiel,Midebdo,Guilakoura
Sud-Ouest,Noumbiel,Midebdo,Guilegnora
Sud-Ouest,Noumbiel,Midebdo,Halahera
Sud-Ouest,Noumbiel,Midebdo,Intohini
Sud-Ouest,Noumbiel,Midebdo,Kalambouro
Sud-Ouest,Noumbiel,Midebdo,Kankoera
Sud-Ouest,Noumbiel,Midebdo,Kpanhila
Sud-Ouest,Noumbiel,Midebdo,Kpantianao
Sud-Ouest,Noumbiel,Midebdo,Malampoupera
Sud-Ouest,Noumbiel,Midebdo,Midebdo
Sud-Ouest,Noumbiel,Midebdo,Napindouo
Sud-Ouest,Noumbiel,Midebdo,Nioyo
Sud-Ouest,Noumbiel,Midebdo,Niperdouo
Sud-Ouest,Noumbiel,Midebdo,N’kampira
Sud-Ouest,Noumbiel,Midebdo,Ormitara
Sud-Ouest,Noumbiel,Midebdo,Ouele-oulelena
Sud-Ouest,Noumbiel,Midebdo,Pampouna
Sud-Ouest,Noumbiel,Midebdo,Pobouro
Sud-Ouest,Noumbiel,Midebdo,Poltianao
Sud-Ouest,Noumbiel,Midebdo,Siliendouo-rintimina
Sud-Ouest,Noumbiel,Midebdo,Similaopo
Sud-Ouest,Noumbiel,Midebdo,Sinaperdouo
Sud-Ouest,Noumbiel,Midebdo,Taperdouo
Sud-Ouest,Noumbiel,Midebdo,Tiafandouo
Sud-Ouest,Noumbiel,Midebdo,Tibeldouo
Sud-Ouest,Noumbiel,Midebdo,Tilampira
Sud-Ouest,Noumbiel,Midebdo,Tilpera
Sud-Ouest,Noumbiel,Midebdo,Timboura-Lobi
Sud-Ouest,Noumbiel,Midebdo,Timboura-birifor
Sud-Ouest,Noumbiel,Midebdo,Tinhira
Sud-Ouest,Noumbiel,Midebdo,Tinkiro
Sud-Ouest,Noumbiel,Midebdo,Tokera-Bankoro
Sud-Ouest,Noumbiel,Midebdo,Tokera-Tiemourou
Sud-Ouest,Noumbiel,Midebdo,Torkouora
Sud-Ouest,Noumbiel,Midebdo,Yenylé
Sud-Ouest,Noumbiel,Midebdo,gbingbina
Sud-Ouest,Poni,Bouroum-Bouroum,Bakadjara
Sud-Ouest,Poni,Bouroum-Bouroum,Balinkora
Sud-Ouest,Poni,Bouroum-Bouroum,Banlo
Sud-Ouest,Poni,Bouroum-Bouroum,Bouméo
Sud-Ouest,Poni,Bouroum-Bouroum,Bouroum-Bouroum
Sud-Ouest,Poni,Bouroum-Bouroum,Gbonfléra
Sud-Ouest,Poni,Bouroum-Bouroum,Gnikpora
Sud-Ouest,Poni,Bouroum-Bouroum,Hekeléla
Sud-Ouest,Poni,Bouroum-Bouroum,Hella
Sud-Ouest,Poni,Bouroum-Bouroum,Hella 1
Sud-Ouest,Poni,Bouroum-Bouroum,Kokora
Sud-Ouest,Poni,Bouroum-Bouroum,Konséra
Sud-Ouest,Poni,Bouroum-Bouroum,Mandjinao
Sud-Ouest,Poni,Bouroum-Bouroum,Mingboura
Sud-Ouest,Poni,Bouroum-Bouroum,N'pantéra
Sud-Ouest,Poni,Bouroum-Bouroum,Ninkpora
Sud-Ouest,Poni,Bouroum-Bouroum,Sibéra
Sud-Ouest,Poni,Bouroum-Bouroum,Sidana
Sud-Ouest,Poni,Bouroum-Bouroum,Séouo (n’pantéra)
Sud-Ouest,Poni,Bouroum-Bouroum,Tikitionao (2)
Sud-Ouest,Poni,Bouroum-Bouroum,Timbarbitionao
Sud-Ouest,Poni,Bouroum-Bouroum,Tiogagara
Sud-Ouest,Poni,Bouroum-Bouroum,Yolomboura
Sud-Ouest,Poni,Bouroum-Bouroum,Youmpoa-Tiopanao
Sud-Ouest,Poni,Bousséra,Batié-Blé
Sud-Ouest,Poni,Bousséra,Bouratéon
Sud-Ouest,Poni,Bousséra,Bousséra
Sud-Ouest,Poni,Bousséra,Dabori-Pari
Sud-Ouest,Poni,Bousséra,Dalamièra
Sud-Ouest,Poni,Bousséra,Dalangbara
Sud-Ouest,Poni,Bousséra,Dapèra
Sud-Ouest,Poni,Bousséra,Dioulo
Sud-Ouest,Poni,Bousséra,Diénéména
Sud-Ouest,Poni,Bousséra,Dobile
Sud-Ouest,Poni,Bousséra,Dogberpari
Sud-Ouest,Poni,Bousséra,Donka
Sud-Ouest,Poni,Bousséra,Donko
Sud-Ouest,Poni,Bousséra,Donko-Tambili
Sud-Ouest,Poni,Bousséra,Dopéra
Sud-Ouest,Poni,Bousséra,Fourbira
Sud-Ouest,Poni,Bousséra,Gbadora
Sud-Ouest,Poni,Bousséra,Gbadora-Tiopanao
Sud-Ouest,Poni,Bousséra,Gbon
Sud-Ouest,Poni,Bousséra,Gompare
Sud-Ouest,Poni,Bousséra,Gongondi
Sud-Ouest,Poni,Bousséra,Gongone
Sud-Ouest,Poni,Bousséra,Gouamba
Sud-Ouest,Poni,Bousséra,Kabra
Sud-Ouest,Poni,Bousséra,Kampidiou
Sud-Ouest,Poni,Bousséra,Kankaniblé
Sud-Ouest,Poni,Bousséra,Kolondjoura
Sud-Ouest,Poni,Bousséra,Koubeo-djoulo
Sud-Ouest,Poni,Bousséra,Koukoutéon
Sud-Ouest,Poni,Bousséra,Koukoutéon-Diendientéon
Sud-Ouest,Poni,Bousséra,Koulého
Sud-Ouest,Poni,Bousséra,Kpara
Sud-Ouest,Poni,Bousséra,Lambroura
Sud-Ouest,Poni,Bousséra,Mekpa
Sud-Ouest,Poni,Bousséra,Momol
Sud-Ouest,Poni,Bousséra,Nonkinéna
Sud-Ouest,Poni,Bousséra,Pandora
Sud-Ouest,Poni,Bousséra,Poira
Sud-Ouest,Poni,Bousséra,Pollo
Sud-Ouest,Poni,Bousséra,Pélinti
Sud-Ouest,Poni,Bousséra,Sangboulona
Sud-Ouest,Poni,Bousséra,Sangboulotira
Sud-Ouest,Poni,Bousséra,Sierka
Sud-Ouest,Poni,Bousséra,Simantéon
Sud-Ouest,Poni,Bousséra,Sonon-Pari
Sud-Ouest,Poni,Bousséra,Sonon-Tabéo
Sud-Ouest,Poni,Bousséra,Sorkorèra
Sud-Ouest,Poni,Bousséra,Soukoutéon
Sud-Ouest,Poni,Bousséra,Sourapèra
Sud-Ouest,Poni,Bousséra,Tankolon-Tiopanaon
Sud-Ouest,Poni,Bousséra,Tanya-Pari
Sud-Ouest,Poni,Bousséra,Tanya-Zousso
Sud-Ouest,Poni,Bousséra,Timpo
Sud-Ouest,Poni,Bousséra,Tindiao
Sud-Ouest,Poni,Bousséra,Tindiar
Sud-Ouest,Poni,Bousséra,Tinkèra
Sud-Ouest,Poni,Bousséra,Tolompo
Sud-Ouest,Poni,Bousséra,Tonkolon
Sud-Ouest,Poni,Bousséra,Tonkpourou
Sud-Ouest,Poni,Bousséra,Topèra
Sud-Ouest,Poni,Bousséra,Tripora
Sud-Ouest,Poni,Djigouè,Babousso
Sud-Ouest,Poni,Djigouè,Babrora
Sud-Ouest,Poni,Djigouè,Badora
Sud-Ouest,Poni,Djigouè,Bagnani
Sud-Ouest,Poni,Djigouè,Bawe Bininbom
Sud-Ouest,Poni,Djigouè,Bawé Lobi
Sud-Ouest,Poni,Djigouè,Birira
Sud-Ouest,Poni,Djigouè,Bourio-Gan
Sud-Ouest,Poni,Djigouè,Djigoué
Sud-Ouest,Poni,Djigouè,Dompo
Sud-Ouest,Poni,Djigouè,Donkua
Sud-Ouest,Poni,Djigouè,Filakora
Sud-Ouest,Poni,Djigouè,Gongomboulo
Sud-Ouest,Poni,Djigouè,Helintira
Sud-Ouest,Poni,Djigouè,Kalemboukoura
Sud-Ouest,Poni,Djigouè,Kankongno
Sud-Ouest,Poni,Djigouè,Kankongo
Sud-Ouest,Poni,Djigouè,Lingara
Sud-Ouest,Poni,Djigouè,Mampoura
Sud-Ouest,Poni,Djigouè,Moulepo
Sud-Ouest,Poni,Djigouè,Nahinena
Sud-Ouest,Poni,Djigouè,Namékora
Sud-Ouest,Poni,Djigouè,N’Donhira
Sud-Ouest,Poni,Djigouè,Panpèrèna
Sud-Ouest,Poni,Djigouè,Pokamboulo
Sud-Ouest,Poni,Djigouè,Ponouro
Sud-Ouest,Poni,Djigouè,Sarmassi Gan
Sud-Ouest,Poni,Djigouè,Sarmassi Lobi
Sud-Ouest,Poni,Djigouè,Sebouera Kéléla
Sud-Ouest,Poni,Djigouè,Sélédougou
Sud-Ouest,Poni,Djigouè,Terpo
Sud-Ouest,Poni,Djigouè,Tiebon (Dimbo)
Sud-Ouest,Poni,Djigouè,Tiebou
Sud-Ouest,Poni,Djigouè,Tiwera
Sud-Ouest,Poni,Djigouè,Warbinogo
Sud-Ouest,Poni,Gaoua,Bakoro
Sud-Ouest,Poni,Gaoua,Balantira
Sud-Ouest,Poni,Gaoua,Bambana
Sud-Ouest,Poni,Gaoua,Banwalalo
Sud-Ouest,Poni,Gaoua,Barkpéréna
Sud-Ouest,Poni,Gaoua,Bone
Sud-Ouest,Poni,Gaoua,Bonko
Sud-Ouest,Poni,Gaoua,Bonko-Dagbola
Sud-Ouest,Poni,Gaoua,Bonko-Pérou
Sud-Ouest,Poni,Gaoua,Bonkoulou
Sud-Ouest,Poni,Gaoua,Boukéo-Birifor
Sud-Ouest,Poni,Gaoua,Boukéo-Lobi
Sud-Ouest,Poni,Gaoua,Bouli
Sud-Ouest,Poni,Gaoua,Boulkpan
Sud-Ouest,Poni,Gaoua,Boulèra
Sud-Ouest,Poni,Gaoua,Brambèra
Sud-Ouest,Poni,Gaoua,Danhal
Sud-Ouest,Poni,Gaoua,Danhal-Kpangara
Sud-Ouest,Poni,Gaoua,Danhal-Péra
Sud-Ouest,Poni,Gaoua,Dikar
Sud-Ouest,Poni,Gaoua,Dionséra-Birifor
Sud-Ouest,Poni,Gaoua,Dionséra-Lobi
Sud-Ouest,Poni,Gaoua,Djikando
Sud-Ouest,Poni,Gaoua,Doplagane
Sud-Ouest,Poni,Gaoua,Dorko
Sud-Ouest,Poni,Gaoua,Doumbou
Sud-Ouest,Poni,Gaoua,Dounkoura
Sud-Ouest,Poni,Gaoua,Dountela
Sud-Ouest,Poni,Gaoua,Douobar
Sud-Ouest,Poni,Gaoua,Galinki
Sud-Ouest,Poni,Gaoua,Ganpla
Sud-Ouest,Poni,Gaoua,Gaoua
Sud-Ouest,Poni,Gaoua,Gbolo
Sud-Ouest,Poni,Gaoua,Gnindoura
Sud-Ouest,Poni,Gaoua,Gongombili-Gongone
Sud-Ouest,Poni,Gaoua,Gongombili-Kpovèra
Sud-Ouest,Poni,Gaoua,Gongombili-Pablona
Sud-Ouest,Poni,Gaoua,Gongombili-Yèfara
Sud-Ouest,Poni,Gaoua,Hello
Sud-Ouest,Poni,Gaoua,Hello-Bondo
Sud-Ouest,Poni,Gaoua,Hello-Gbakonon
Sud-Ouest,Poni,Gaoua,Kamaho
Sud-Ouest,Poni,Gaoua,Kilimpira
Sud-Ouest,Poni,Gaoua,Kimpi
Sud-Ouest,Poni,Gaoua,Kombou
Sud-Ouest,Poni,Gaoua,Konkara
Sud-Ouest,Poni,Gaoua,Koul-Bo
Sud-Ouest,Poni,Gaoua,Koul-Campement
Sud-Ouest,Poni,Gaoua,Koul-Gane
Sud-Ouest,Poni,Gaoua,Koul-Pône-Gane
Sud-Ouest,Poni,Gaoua,Koumboura
Sud-Ouest,Poni,Gaoua,Kpantionao
Sud-Ouest,Poni,Gaoua,Kpaon
Sud-Ouest,Poni,Gaoua,Lahol
Sud-Ouest,Poni,Gaoua,Lantao
Sud-Ouest,Poni,Gaoua,Lobara
Sud-Ouest,Poni,Gaoua,Lonan
Sud-Ouest,Poni,Gaoua,Lora
Sud-Ouest,Poni,Gaoua,Lou
Sud-Ouest,Poni,Gaoua,Loubira
Sud-Ouest,Poni,Gaoua,Minkiro
Sud-Ouest,Poni,Gaoua,Momane
Sud-Ouest,Poni,Gaoua,Niampira
Sud-Ouest,Poni,Gaoua,Nionio
Sud-Ouest,Poni,Gaoua,Orkopouo-Gane
Sud-Ouest,Poni,Gaoua,Orkopouo-Ville
Sud-Ouest,Poni,Gaoua,Ossoro
Sud-Ouest,Poni,Gaoua,Sanpole
Sud-Ouest,Poni,Gaoua,Siboulbié
Sud-Ouest,Poni,Gaoua,Sidoumoukar
Sud-Ouest,Poni,Gaoua,Sillalara
Sud-Ouest,Poni,Gaoua,Sorgboura
Sud-Ouest,Poni,Gaoua,Tamidiara
Sud-Ouest,Poni,Gaoua,Tanmbili
Sud-Ouest,Poni,Gaoua,Tienkouèra
Sud-Ouest,Poni,Gaoua,Walo
Sud-Ouest,Poni,Gaoua,Wèlè-Wèlè
Sud-Ouest,Poni,Gaoua,Yamoedouo
Sud-Ouest,Poni,Gaoua,Youlabakou
Sud-Ouest,Poni,Gbomblora,Bagor
Sud-Ouest,Poni,Gbomblora,Bahouan
Sud-Ouest,Poni,Gbomblora,Bakoro
Sud-Ouest,Poni,Gbomblora,Baniè
Sud-Ouest,Poni,Gbomblora,Bontara
Sud-Ouest,Poni,Gbomblora,Borohir
Sud-Ouest,Poni,Gbomblora,Boudéo
Sud-Ouest,Poni,Gbomblora,Boukantié
Sud-Ouest,Poni,Gbomblora,Boumiè
Sud-Ouest,Poni,Gbomblora,Dagnoro
Sud-Ouest,Poni,Gbomblora,Dakoutéon
Sud-Ouest,Poni,Gbomblora,Dalampouo
Sud-Ouest,Poni,Gbomblora,Dalampour
Sud-Ouest,Poni,Gbomblora,Damanadiao
Sud-Ouest,Poni,Gbomblora,Dikpéré
Sud-Ouest,Poni,Gbomblora,Djinko
Sud-Ouest,Poni,Gbomblora,Djèpèra
Sud-Ouest,Poni,Gbomblora,Dolonyoura
Sud-Ouest,Poni,Gbomblora,Dombière
Sud-Ouest,Poni,Gbomblora,Domser
Sud-Ouest,Poni,Gbomblora,Doudou
Sud-Ouest,Poni,Gbomblora,Doudou-Birifor
Sud-Ouest,Poni,Gbomblora,Doumoukéra
Sud-Ouest,Poni,Gbomblora,Dounkomina
Sud-Ouest,Poni,Gbomblora,Doyèra
Sud-Ouest,Poni,Gbomblora,Gamala
Sud-Ouest,Poni,Gbomblora,Gbogbarogbo
Sud-Ouest,Poni,Gbomblora,Gbokora
Sud-Ouest,Poni,Gbomblora,Gbomblora
Sud-Ouest,Poni,Gbomblora,Gbomblora-Kpèna
Sud-Ouest,Poni,Gbomblora,Gbonkoro
Sud-Ouest,Poni,Gbomblora,Gboulougnora
Sud-Ouest,Poni,Gbomblora,Gongombiro
Sud-Ouest,Poni,Gbomblora,Goran
Sud-Ouest,Poni,Gbomblora,Goribiréra
Sud-Ouest,Poni,Gbomblora,Hipiel
Sud-Ouest,Poni,Gbomblora,Hokora
Sud-Ouest,Poni,Gbomblora,Houiéo
Sud-Ouest,Poni,Gbomblora,Houlbèra
Sud-Ouest,Poni,Gbomblora,Iridiaka
Sud-Ouest,Poni,Gbomblora,Kalséo
Sud-Ouest,Poni,Gbomblora,Kampène
Sud-Ouest,Poni,Gbomblora,Kelgbora
Sud-Ouest,Poni,Gbomblora,Kodagnèné
Sud-Ouest,Poni,Gbomblora,Kohinora-Sansana
Sud-Ouest,Poni,Gbomblora,Kollé
Sud-Ouest,Poni,Gbomblora,Korgho
Sud-Ouest,Poni,Gbomblora,Koukiè
Sud-Ouest,Poni,Gbomblora,Kouradatéon
Sud-Ouest,Poni,Gbomblora,Koussin
Sud-Ouest,Poni,Gbomblora,Kpoko
Sud-Ouest,Poni,Gbomblora,Lobio
Sud-Ouest,Poni,Gbomblora,Lombilé
Sud-Ouest,Poni,Gbomblora,Mébar-Birifor
Sud-Ouest,Poni,Gbomblora,Mébar-Dagara
Sud-Ouest,Poni,Gbomblora,Nassa
Sud-Ouest,Poni,Gbomblora,Nièssè
Sud-Ouest,Poni,Gbomblora,Oukouéra
Sud-Ouest,Poni,Gbomblora,Ponalatéon
Sud-Ouest,Poni,Gbomblora,Pélinka
Sud-Ouest,Poni,Gbomblora,Pélinka-Youmboura
Sud-Ouest,Poni,Gbomblora,Sanwara
Sud-Ouest,Poni,Gbomblora,Sanwara-Tinkiro
Sud-Ouest,Poni,Gbomblora,Sillaba
Sud-Ouest,Poni,Gbomblora,Somsira
Sud-Ouest,Poni,Gbomblora,Sonsira
Sud-Ouest,Poni,Gbomblora,Sorkon
Sud-Ouest,Poni,Gbomblora,Soukoutéon
Sud-Ouest,Poni,Gbomblora,Sourapèra
Sud-Ouest,Poni,Gbomblora,Séwèra
Sud-Ouest,Poni,Gbomblora,Tampour
Sud-Ouest,Poni,Gbomblora,Tanbili
Sud-Ouest,Poni,Gbomblora,Tantouo
Sud-Ouest,Poni,Gbomblora,Tiogbalandi
Sud-Ouest,Poni,Gbomblora,Tiomolo
Sud-Ouest,Poni,Gbomblora,Tobo-Tankori
Sud-Ouest,Poni,Gbomblora,Tobo-Wélétéon
Sud-Ouest,Poni,Gbomblora,Tokpora
Sud-Ouest,Poni,Gbomblora,Tolkaboua
Sud-Ouest,Poni,Gbomblora,Tonkarlamine
Sud-Ouest,Poni,Gbomblora,Touapar
Sud-Ouest,Poni,Gbomblora,Valle
Sud-Ouest,Poni,Gbomblora,Vourbira
Sud-Ouest,Poni,Gbomblora,Wadadouo
Sud-Ouest,Poni,Gbomblora,Wirko
Sud-Ouest,Poni,Gbomblora,Wolo-Wolo
Sud-Ouest,Poni,Gbomblora,Zimoulékpoul
Sud-Ouest,Poni,Kampti,Agnidora
Sud-Ouest,Poni,Kampti,Bagniridouo
Sud-Ouest,Poni,Kampti,Bankora
Sud-Ouest,Poni,Kampti,Bantara
Sud-Ouest,Poni,Kampti,Barkpèra
Sud-Ouest,Poni,Kampti,Bodana
Sud-Ouest,Poni,Kampti,Bombara
Sud-Ouest,Poni,Kampti,Bondomena
Sud-Ouest,Poni,Kampti,Boussoura
Sud-Ouest,Poni,Kampti,Danagnara
Sud-Ouest,Poni,Kampti,Danamiara
Sud-Ouest,Poni,Kampti,Dandgara
Sud-Ouest,Poni,Kampti,Danhouassara
Sud-Ouest,Poni,Kampti,Danwassara
Sud-Ouest,Poni,Kampti,Defitara
Sud-Ouest,Poni,Kampti,Difitara
Sud-Ouest,Poni,Kampti,Dikendiara
Sud-Ouest,Poni,Kampti,Dindou
Sud-Ouest,Poni,Kampti,Diniména
Sud-Ouest,Poni,Kampti,Dininemina
Sud-Ouest,Poni,Kampti,Dinkabira
Sud-Ouest,Poni,Kampti,Dinkabra
Sud-Ouest,Poni,Kampti,Diépéra
Sud-Ouest,Poni,Kampti,Djiépèra
Sud-Ouest,Poni,Kampti,Donkomena
Sud-Ouest,Poni,Kampti,Fléfara
Sud-Ouest,Poni,Kampti,Fofora
Sud-Ouest,Poni,Kampti,Galgouli
Sud-Ouest,Poni,Kampti,Gbadjoura
Sud-Ouest,Poni,Kampti,Gbakononan
Sud-Ouest,Poni,Kampti,Gbalara
Sud-Ouest,Poni,Kampti,Gbangbankora
Sud-Ouest,Poni,Kampti,Gbankolou
Sud-Ouest,Poni,Kampti,Gbantara
Sud-Ouest,Poni,Kampti,Gbelfèlèla
Sud-Ouest,Poni,Kampti,Gbonkolou
Sud-Ouest,Poni,Kampti,Gnelintara
Sud-Ouest,Poni,Kampti,Gnoyora
Sud-Ouest,Poni,Kampti,Gobitara
Sud-Ouest,Poni,Kampti,Gongonboulo
Sud-Ouest,Poni,Kampti,Gongone
Sud-Ouest,Poni,Kampti,Gongontionao
Sud-Ouest,Poni,Kampti,Gorotara
Sud-Ouest,Poni,Kampti,Gotakpoulala
Sud-Ouest,Poni,Kampti,Gotapola
Sud-Ouest,Poni,Kampti,Guirina
Sud-Ouest,Poni,Kampti,Houlmana
Sud-Ouest,Poni,Kampti,Ifikar
Sud-Ouest,Poni,Kampti,Ihoura
Sud-Ouest,Poni,Kampti,Irino
Sud-Ouest,Poni,Kampti,Kampti
Sud-Ouest,Poni,Kampti,Kampti Lobi
Sud-Ouest,Poni,Kampti,Kilingbara
Sud-Ouest,Poni,Kampti,Kiobiel
Sud-Ouest,Poni,Kampti,Kobilou
Sud-Ouest,Poni,Kampti,Kohinena
Sud-Ouest,Poni,Kampti,Kompi
Sud-Ouest,Poni,Kampti,Kompisséo
Sud-Ouest,Poni,Kampti,Konakièra
Sud-Ouest,Poni,Kampti,Kongara
Sud-Ouest,Poni,Kampti,Koroho
Sud-Ouest,Poni,Kampti,Kotikora
Sud-Ouest,Poni,Kampti,Koulantionao
Sud-Ouest,Poni,Kampti,Kounkana
Sud-Ouest,Poni,Kampti,Kounkouna
Sud-Ouest,Poni,Kampti,Koursièra
Sud-Ouest,Poni,Kampti,Kpantionao
Sud-Ouest,Poni,Kampti,Kpapira
Sud-Ouest,Poni,Kampti,Kparanta
Sud-Ouest,Poni,Kampti,Kpatoura
Sud-Ouest,Poni,Kampti,Kpintana
Sud-Ouest,Poni,Kampti,Kuékuéra
Sud-Ouest,Poni,Kampti,Larbi
Sud-Ouest,Poni,Kampti,Latara
Sud-Ouest,Poni,Kampti,Lermitera
Sud-Ouest,Poni,Kampti,Logolona
Sud-Ouest,Poni,Kampti,Longossora
Sud-Ouest,Poni,Kampti,Loutionao
Sud-Ouest,Poni,Kampti,Lèba
Sud-Ouest,Poni,Kampti,Mamena
Sud-Ouest,Poni,Kampti,Mindinera
Sud-Ouest,Poni,Kampti,Mintara
Sud-Ouest,Poni,Kampti,Moulera
Sud-Ouest,Poni,Kampti,Nabonguira
Sud-Ouest,Poni,Kampti,Naboundjira
Sud-Ouest,Poni,Kampti,Nambira
Sud-Ouest,Poni,Kampti,Niamassé
Sud-Ouest,Poni,Kampti,Niamina
Sud-Ouest,Poni,Kampti,Niamisséo
Sud-Ouest,Poni,Kampti,Nimpira
Sud-Ouest,Poni,Kampti,Niolkar
Sud-Ouest,Poni,Kampti,Nionboulola
Sud-Ouest,Poni,Kampti,Nokindjoura
Sud-Ouest,Poni,Kampti,Nokouadouo
Sud-Ouest,Poni,Kampti,Nouonkpalala
Sud-Ouest,Poni,Kampti,N’Tonhela
Sud-Ouest,Poni,Kampti,N’dangbara
Sud-Ouest,Poni,Kampti,N’tompira
Sud-Ouest,Poni,Kampti,Olkoro
Sud-Ouest,Poni,Kampti,Ouadaradouo
Sud-Ouest,Poni,Kampti,Ouakouréra
Sud-Ouest,Poni,Kampti,Ouarbio
Sud-Ouest,Poni,Kampti,Ouationao
Sud-Ouest,Poni,Kampti,Ouèouèrèouè
Sud-Ouest,Poni,Kampti,Passena
Sud-Ouest,Poni,Kampti,Pièna
Sud-Ouest,Poni,Kampti,Pokaon
Sud-Ouest,Poni,Kampti,Pokarana
Sud-Ouest,Poni,Kampti,Polla Kampti
Sud-Ouest,Poni,Kampti,Poltionao
Sud-Ouest,Poni,Kampti,Poniro
Sud-Ouest,Poni,Kampti,Ponyando
Sud-Ouest,Poni,Kampti,Poultionao
Sud-Ouest,Poni,Kampti,Sakalao
Sud-Ouest,Poni,Kampti,Sambitra
Sud-Ouest,Poni,Kampti,Sangbatara
Sud-Ouest,Poni,Kampti,Sangboulanti
Sud-Ouest,Poni,Kampti,Sangoulan
Sud-Ouest,Poni,Kampti,Setoundouo
Sud-Ouest,Poni,Kampti,Soromboura
Sud-Ouest,Poni,Kampti,Séro
Sud-Ouest,Poni,Kampti,Takpouloula
Sud-Ouest,Poni,Kampti,Takpouloura
Sud-Ouest,Poni,Kampti,Timbiel
Sud-Ouest,Poni,Kampti,Tinkakpèrèra
Sud-Ouest,Poni,Kampti,Tinkakpéra
Sud-Ouest,Poni,Kampti,Tinkiro
Sud-Ouest,Poni,Kampti,Tintoura
Sud-Ouest,Poni,Kampti,Tiobiel
Sud-Ouest,Poni,Kampti,Tiobrou
Sud-Ouest,Poni,Kampti,Tiokpolo
Sud-Ouest,Poni,Kampti,Tiopanao
Sud-Ouest,Poni,Kampti,Tiosséra
Sud-Ouest,Poni,Kampti,Titara
Sud-Ouest,Poni,Kampti,Tièmana
Sud-Ouest,Poni,Kampti,Tobinkora
Sud-Ouest,Poni,Kampti,Tobroura
Sud-Ouest,Poni,Kampti,Tognora
Sud-Ouest,Poni,Kampti,Tohevara
Sud-Ouest,Poni,Kampti,Tompomena
Sud-Ouest,Poni,Kampti,Tompéna
Sud-Ouest,Poni,Kampti,Torkora
Sud-Ouest,Poni,Kampti,Tormana
Sud-Ouest,Poni,Kampti,Torohiri
Sud-Ouest,Poni,Kampti,Tougbouyora
Sud-Ouest,Poni,Kampti,Tountana/Sèboura
Sud-Ouest,Poni,Kampti,Yolonhira
Sud-Ouest,Poni,Loropéni,Bakénao
Sud-Ouest,Poni,Loropéni,Banébira
Sud-Ouest,Poni,Loropéni,Barkoura
Sud-Ouest,Poni,Loropéni,Barryèra
Sud-Ouest,Poni,Loropéni,Belempera
Sud-Ouest,Poni,Loropéni,Bonkolou
Sud-Ouest,Poni,Loropéni,Bopta
Sud-Ouest,Poni,Loropéni,Boukabtionana
Sud-Ouest,Poni,Loropéni,Békora
Sud-Ouest,Poni,Loropéni,Békora-Kpantionao
Sud-Ouest,Poni,Loropéni,Dakoura
Sud-Ouest,Poni,Loropéni,Diangouano
Sud-Ouest,Poni,Loropéni,Dimolo
Sud-Ouest,Poni,Loropéni,Dionyala
Sud-Ouest,Poni,Loropéni,Dipéo
Sud-Ouest,Poni,Loropéni,Djégbanao
Sud-Ouest,Poni,Loropéni,Djégonao
Sud-Ouest,Poni,Loropéni,Dogbolola
Sud-Ouest,Poni,Loropéni,Dokoura
Sud-Ouest,Poni,Loropéni,Dougafissa
Sud-Ouest,Poni,Loropéni,Dougasso
Sud-Ouest,Poni,Loropéni,Dougouro
Sud-Ouest,Poni,Loropéni,Dountéla
Sud-Ouest,Poni,Loropéni,Filandé
Sud-Ouest,Poni,Loropéni,Foutara
Sud-Ouest,Poni,Loropéni,Gbangbara
Sud-Ouest,Poni,Loropéni,Gnagnara
Sud-Ouest,Poni,Loropéni,Hobikoko
Sud-Ouest,Poni,Loropéni,Hofara
Sud-Ouest,Poni,Loropéni,Hohoro
Sud-Ouest,Poni,Loropéni,Hélelela
Sud-Ouest,Poni,Loropéni,Inguilbo
Sud-Ouest,Poni,Loropéni,Ipéna
Sud-Ouest,Poni,Loropéni,Irina
Sud-Ouest,Poni,Loropéni,Itabountanga
Sud-Ouest,Poni,Loropéni,Kabaniora
Sud-Ouest,Poni,Loropéni,Kalèmpo
Sud-Ouest,Poni,Loropéni,Karabara
Sud-Ouest,Poni,Loropéni,Karankasso
Sud-Ouest,Poni,Loropéni,Kassita
Sud-Ouest,Poni,Loropéni,Kelembouro
Sud-Ouest,Poni,Loropéni,Kerriera
Sud-Ouest,Poni,Loropéni,Kiossiananon
Sud-Ouest,Poni,Loropéni,Kombi
Sud-Ouest,Poni,Loropéni,Konntan
Sud-Ouest,Poni,Loropéni,Koro
Sud-Ouest,Poni,Loropéni,Kountiona
Sud-Ouest,Poni,Loropéni,Kpanano
Sud-Ouest,Poni,Loropéni,Kpanlou
Sud-Ouest,Poni,Loropéni,Kpantionao
Sud-Ouest,Poni,Loropéni,Kparryèra
Sud-Ouest,Poni,Loropéni,Kpidara
Sud-Ouest,Poni,Loropéni,Kpossara
Sud-Ouest,Poni,Loropéni,Kpèra
Sud-Ouest,Poni,Loropéni,Kpétora
Sud-Ouest,Poni,Loropéni,Ladibogo
Sud-Ouest,Poni,Loropéni,Ladiboko
Sud-Ouest,Poni,Loropéni,Lakar
Sud-Ouest,Poni,Loropéni,Laura
Sud-Ouest,Poni,Loropéni,Lerbi
Sud-Ouest,Poni,Loropéni,Lerbira
Sud-Ouest,Poni,Loropéni,Libira
Sud-Ouest,Poni,Loropéni,Lokosso-Dioula
Sud-Ouest,Poni,Loropéni,Lokosso-Gan
Sud-Ouest,Poni,Loropéni,Loropéni
Sud-Ouest,Poni,Loropéni,Massiné
Sud-Ouest,Poni,Loropéni,Mikira
Sud-Ouest,Poni,Loropéni,Minièra
Sud-Ouest,Poni,Loropéni,Mougoutiéri
Sud-Ouest,Poni,Loropéni,Mékagora
Sud-Ouest,Poni,Loropéni,N'todiara
Sud-Ouest,Poni,Loropéni,N'tombola
Sud-Ouest,Poni,Loropéni,Nabara
Sud-Ouest,Poni,Loropéni,Nambi
Sud-Ouest,Poni,Loropéni,Nankanhoura
Sud-Ouest,Poni,Loropéni,Nantira
Sud-Ouest,Poni,Loropéni,Niantana
Sud-Ouest,Poni,Loropéni,Niofrèra
Sud-Ouest,Poni,Loropéni,N’Tonkira
Sud-Ouest,Poni,Loropéni,Obiré
Sud-Ouest,Poni,Loropéni,Oboboko
Sud-Ouest,Poni,Loropéni,Ollongo
Sud-Ouest,Poni,Loropéni,Omera
Sud-Ouest,Poni,Loropéni,Oultionano
Sud-Ouest,Poni,Loropéni,Perkoura
Sud-Ouest,Poni,Loropéni,Pokarana
Sud-Ouest,Poni,Loropéni,Poltionao
Sud-Ouest,Poni,Loropéni,Pomero
Sud-Ouest,Poni,Loropéni,Possero
Sud-Ouest,Poni,Loropéni,Poukiananon
Sud-Ouest,Poni,Loropéni,Sagué
Sud-Ouest,Poni,Loropéni,Sambitèra
Sud-Ouest,Poni,Loropéni,Sandokoro
Sud-Ouest,Poni,Loropéni,Sarandaye
Sud-Ouest,Poni,Loropéni,Silapinéra
Sud-Ouest,Poni,Loropéni,Silara
Sud-Ouest,Poni,Loropéni,Sinara
Sud-Ouest,Poni,Loropéni,Soronkina
Sud-Ouest,Poni,Loropéni,Soukèra
Sud-Ouest,Poni,Loropéni,Tako
Sud-Ouest,Poni,Loropéni,Tako-Yoyora
Sud-Ouest,Poni,Loropéni,Tangourbi
Sud-Ouest,Poni,Loropéni,Tapira
Sud-Ouest,Poni,Loropéni,Tikera
Sud-Ouest,Poni,Loropéni,Tinkira
Sud-Ouest,Poni,Loropéni,Tiogagara
Sud-Ouest,Poni,Loropéni,Tiopanao
Sud-Ouest,Poni,Loropéni,Tiosséra
Sud-Ouest,Poni,Loropéni,Tiéfindougou
Sud-Ouest,Poni,Loropéni,Toimbi
Sud-Ouest,Poni,Loropéni,Tora
Sud-Ouest,Poni,Loropéni,Toumpéna
Sud-Ouest,Poni,Loropéni,Trimbio
Sud-Ouest,Poni,Loropéni,Yérifoula-Dioula
Sud-Ouest,Poni,Loropéni,Yérifoula-Gan
Sud-Ouest,Poni,Loropéni,Zono
Sud-Ouest,Poni,Malba,Banipouo
Sud-Ouest,Poni,Malba,Baranguira
Sud-Ouest,Poni,Malba,Binsèo
Sud-Ouest,Poni,Malba,Bou
Sud-Ouest,Poni,Malba,Boura
Sud-Ouest,Poni,Malba,Daboura Gantoura
Sud-Ouest,Poni,Malba,Daboura Konkoro
Sud-Ouest,Poni,Malba,Diarra
Sud-Ouest,Poni,Malba,Dièri
Sud-Ouest,Poni,Malba,Dossa
Sud-Ouest,Poni,Malba,Dossa Badala
Sud-Ouest,Poni,Malba,Dossa-Bourondi
Sud-Ouest,Poni,Malba,Dounkora
Sud-Ouest,Poni,Malba,Godjir
Sud-Ouest,Poni,Malba,Ipièl
Sud-Ouest,Poni,Malba,Kamalangora
Sud-Ouest,Poni,Malba,Kho
Sud-Ouest,Poni,Malba,Kodio-Gboro
Sud-Ouest,Poni,Malba,Kodio-Sambour
Sud-Ouest,Poni,Malba,Kodio-Tioblo
Sud-Ouest,Poni,Malba,Kponkpon
Sud-Ouest,Poni,Malba,Kpélé
Sud-Ouest,Poni,Malba,Malba
Sud-Ouest,Poni,Malba,Malba Campement
Sud-Ouest,Poni,Malba,Nanfor
Sud-Ouest,Poni,Malba,Naradjou
Sud-Ouest,Poni,Malba,N’Guèmpèra
Sud-Ouest,Poni,Malba,Poyo
Sud-Ouest,Poni,Malba,Soraguèra
Sud-Ouest,Poni,Malba,Sorombora
Sud-Ouest,Poni,Malba,Tassep
Sud-Ouest,Poni,Malba,Tohèra-Soupèra
Sud-Ouest,Poni,Malba,Tonora-Djolonkèra
Sud-Ouest,Poni,Malba,Valla
Sud-Ouest,Poni,Malba,Vavidjou
Sud-Ouest,Poni,Nako,Babière
Sud-Ouest,Poni,Nako,Bagouano
Sud-Ouest,Poni,Nako,Bakpara
Sud-Ouest,Poni,Nako,Balarkar
Sud-Ouest,Poni,Nako,Bambourou
Sud-Ouest,Poni,Nako,Banipoulé
Sud-Ouest,Poni,Nako,Baro
Sud-Ouest,Poni,Nako,Bobora
Sud-Ouest,Poni,Nako,Bori-Kouladori
Sud-Ouest,Poni,Nako,Boukairo
Sud-Ouest,Poni,Nako,Boulimbié
Sud-Ouest,Poni,Nako,Bèlè
Sud-Ouest,Poni,Nako,Dadjou
Sud-Ouest,Poni,Nako,Dapola
Sud-Ouest,Poni,Nako,Diangara
Sud-Ouest,Poni,Nako,Diolompo
Sud-Ouest,Poni,Nako,Djipla
Sud-Ouest,Poni,Nako,Djotoulela
Sud-Ouest,Poni,Nako,Dolonsié
Sud-Ouest,Poni,Nako,Doumasser
Sud-Ouest,Poni,Nako,Dounkora
Sud-Ouest,Poni,Nako,Dèdèra
Sud-Ouest,Poni,Nako,Gacoula
Sud-Ouest,Poni,Nako,Gbongane
Sud-Ouest,Poni,Nako,Gbonséra
Sud-Ouest,Poni,Nako,Gourkpé-Soum
Sud-Ouest,Poni,Nako,Guiguine
Sud-Ouest,Poni,Nako,Hantom
Sud-Ouest,Poni,Nako,Hemkoa
Sud-Ouest,Poni,Nako,Horao
Sud-Ouest,Poni,Nako,Komon
Sud-Ouest,Poni,Nako,Kori
Sud-Ouest,Poni,Nako,Korou
Sud-Ouest,Poni,Nako,Kourbéra-Poura
Sud-Ouest,Poni,Nako,Kourgbélé
Sud-Ouest,Poni,Nako,Koutenadouo
Sud-Ouest,Poni,Nako,Kouténao
Sud-Ouest,Poni,Nako,Kpatoura
Sud-Ouest,Poni,Nako,Kpélinkpé
Sud-Ouest,Poni,Nako,Lemkar
Sud-Ouest,Poni,Nako,Lodjompo
Sud-Ouest,Poni,Nako,Lokonao
Sud-Ouest,Poni,Nako,Lokono
Sud-Ouest,Poni,Nako,Mara-Gna-Wan
Sud-Ouest,Poni,Nako,Marinkoura
Sud-Ouest,Poni,Nako,Mihébra
Sud-Ouest,Poni,Nako,Miniéra
Sud-Ouest,Poni,Nako,Moulera
Sud-Ouest,Poni,Nako,Nako
Sud-Ouest,Poni,Nako,Nambera
Sud-Ouest,Poni,Nako,Nandoli
Sud-Ouest,Poni,Nako,Nianiara
Sud-Ouest,Poni,Nako,Oussoupera-Fétéo
Sud-Ouest,Poni,Nako,Peramera
Sud-Ouest,Poni,Nako,Peramira Feted
Sud-Ouest,Poni,Nako,Pissine
Sud-Ouest,Poni,Nako,Sabra
Sud-Ouest,Poni,Nako,Salsi
Sud-Ouest,Poni,Nako,Sandora
Sud-Ouest,Poni,Nako,Sangol
Sud-Ouest,Poni,Nako,Sangolobiro
Sud-Ouest,Poni,Nako,Sibteon
Sud-Ouest,Poni,Nako,Soumouo-Yobra
Sud-Ouest,Poni,Nako,Tabou
Sud-Ouest,Poni,Nako,Talièr-Ikori
Sud-Ouest,Poni,Nako,Talliere-Sagnon
Sud-Ouest,Poni,Nako,Tambili
Sud-Ouest,Poni,Nako,Tanlliere Ikori
Sud-Ouest,Poni,Nako,Teniankoura
Sud-Ouest,Poni,Nako,Tiarkiro
Sud-Ouest,Poni,Nako,Timbio
Sud-Ouest,Poni,Nako,Timbisseo
Sud-Ouest,Poni,Nako,Tinkar
Sud-Ouest,Poni,Nako,Tinko
Sud-Ouest,Poni,Nako,Tiékar
Sud-Ouest,Poni,Nako,Tohedera
Sud-Ouest,Poni,Nako,Tounagnera
Sud-Ouest,Poni,Nako,Waraba-Zinkar
Sud-Ouest,Poni,Nako,Yabar
Sud-Ouest,Poni,Nako,Yimbora
Sud-Ouest,Poni,Nako,Youlao
Sud-Ouest,Poni,Nako,Youmbara
Sud-Ouest,Poni,Périgban,Bondomina
Sud-Ouest,Poni,Périgban,Diégbanao
Sud-Ouest,Poni,Périgban,Dodola
Sud-Ouest,Poni,Périgban,Gnangbalandouo
Sud-Ouest,Poni,Périgban,Gnoumbo
Sud-Ouest,Poni,Périgban,Gorongorona
Sud-Ouest,Poni,Périgban,Harkora
Sud-Ouest,Poni,Périgban,Kaldèra
Sud-Ouest,Poni,Périgban,Kamao
Sud-Ouest,Poni,Périgban,Kuèkuèra
Sud-Ouest,Poni,Périgban,Langara
Sud-Ouest,Poni,Périgban,Lodéré
Sud-Ouest,Poni,Périgban,Logbanao
Sud-Ouest,Poni,Périgban,N'sorpèra
Sud-Ouest,Poni,Périgban,N’Tompira
Sud-Ouest,Poni,Périgban,Ouadaradouo
Sud-Ouest,Poni,Périgban,Piersièlèla
Sud-Ouest,Poni,Périgban,Pinkar
Sud-Ouest,Poni,Périgban,Polkparara
Sud-Ouest,Poni,Périgban,Polla-Birifor
Sud-Ouest,Poni,Périgban,Périgban
Sud-Ouest,Poni,Périgban,Sinkoura
Sud-Ouest,Poni,Périgban,Sompora
Sud-Ouest,Poni,Périgban,Sourounsourouna
Sud-Ouest,Poni,Périgban,Tankoura
Sud-Ouest,Poni,Périgban,Timbikora
Sud-Ouest,Poni,Périgban,Timintira
Sud-Ouest,Poni,Périgban,Tinlou
Sud-Ouest,Poni,Périgban,Tiobiela
Sud-Ouest,Poni,Périgban,Tiopolo
Sud-Ouest,Poni,Périgban,Tontolombora
Sud-Ouest,Poni,Périgban,Vinvèlèna
Sud-Ouest,Poni,Périgban,Wirilona
Sud-Ouest,Poni,Périgban,diondione
